[2026-05-25 03:18:34] live.ERROR: SQLSTATE[08004] [1040] Too many connections (SQL: select * from `system` where `key` = crm_version limit 1) {"exception":"[object] (Illuminate\\Database\\QueryException(code: 1040): SQLSTATE[08004] [1040] Too many connections (SQL: select * from `system` where `key` = crm_version limit 1) at /home/ecofield/domains/apis.dadisonestop.com/public_html/vendor/laravel/framework/src/Illuminate/Database/Connection.php:760)
[stacktrace]
#0 /home/ecofield/domains/apis.dadisonestop.com/public_html/vendor/laravel/framework/src/Illuminate/Database/Connection.php(720): Illuminate\\Database\\Connection->runQueryCallback()
#1 /home/ecofield/domains/apis.dadisonestop.com/public_html/vendor/laravel/framework/src/Illuminate/Database/Connection.php(405): Illuminate\\Database\\Connection->run()
#2 /home/ecofield/domains/apis.dadisonestop.com/public_html/vendor/laravel/framework/src/Illuminate/Database/Query/Builder.php(2705): Illuminate\\Database\\Connection->select()
#3 /home/ecofield/domains/apis.dadisonestop.com/public_html/vendor/laravel/framework/src/Illuminate/Database/Query/Builder.php(2694): Illuminate\\Database\\Query\\Builder->runSelect()
#4 /home/ecofield/domains/apis.dadisonestop.com/public_html/vendor/laravel/framework/src/Illuminate/Database/Query/Builder.php(3230): Illuminate\\Database\\Query\\Builder->Illuminate\\Database\\Query\\{closure}()
#5 /home/ecofield/domains/apis.dadisonestop.com/public_html/vendor/laravel/framework/src/Illuminate/Database/Query/Builder.php(2693): Illuminate\\Database\\Query\\Builder->onceWithColumns()
#6 /home/ecofield/domains/apis.dadisonestop.com/public_html/vendor/laravel/framework/src/Illuminate/Database/Eloquent/Builder.php(710): Illuminate\\Database\\Query\\Builder->get()
#7 /home/ecofield/domains/apis.dadisonestop.com/public_html/vendor/laravel/framework/src/Illuminate/Database/Eloquent/Builder.php(694): Illuminate\\Database\\Eloquent\\Builder->getModels()
#8 /home/ecofield/domains/apis.dadisonestop.com/public_html/vendor/laravel/framework/src/Illuminate/Database/Concerns/BuildsQueries.php(296): Illuminate\\Database\\Eloquent\\Builder->get()
#9 /home/ecofield/domains/apis.dadisonestop.com/public_html/app/System.php(39): Illuminate\\Database\\Eloquent\\Builder->first()
#10 /home/ecofield/domains/apis.dadisonestop.com/public_html/app/Utils/ModuleUtil.php(28): App\\System::getProperty()
#11 /home/ecofield/domains/apis.dadisonestop.com/public_html/Modules/Crm/Providers/CrmServiceProvider.php(172): App\\Utils\\ModuleUtil->isModuleInstalled()
#12 /home/ecofield/domains/apis.dadisonestop.com/public_html/Modules/Crm/Providers/CrmServiceProvider.php(39): Modules\\Crm\\Providers\\CrmServiceProvider->registerScheduleCommands()
#13 /home/ecofield/domains/apis.dadisonestop.com/public_html/vendor/laravel/framework/src/Illuminate/Container/BoundMethod.php(36): Modules\\Crm\\Providers\\CrmServiceProvider->boot()
#14 /home/ecofield/domains/apis.dadisonestop.com/public_html/vendor/laravel/framework/src/Illuminate/Container/Util.php(41): Illuminate\\Container\\BoundMethod::Illuminate\\Container\\{closure}()
#15 /home/ecofield/domains/apis.dadisonestop.com/public_html/vendor/laravel/framework/src/Illuminate/Container/BoundMethod.php(93): Illuminate\\Container\\Util::unwrapIfClosure()
#16 /home/ecofield/domains/apis.dadisonestop.com/public_html/vendor/laravel/framework/src/Illuminate/Container/BoundMethod.php(35): Illuminate\\Container\\BoundMethod::callBoundMethod()
#17 /home/ecofield/domains/apis.dadisonestop.com/public_html/vendor/laravel/framework/src/Illuminate/Container/Container.php(661): Illuminate\\Container\\BoundMethod::call()
#18 /home/ecofield/domains/apis.dadisonestop.com/public_html/vendor/laravel/framework/src/Illuminate/Foundation/Application.php(954): Illuminate\\Container\\Container->call()
#19 /home/ecofield/domains/apis.dadisonestop.com/public_html/vendor/laravel/framework/src/Illuminate/Foundation/Application.php(935): Illuminate\\Foundation\\Application->bootProvider()
#20 [internal function]: Illuminate\\Foundation\\Application->Illuminate\\Foundation\\{closure}()
#21 /home/ecofield/domains/apis.dadisonestop.com/public_html/vendor/laravel/framework/src/Illuminate/Foundation/Application.php(934): array_walk()
#22 /home/ecofield/domains/apis.dadisonestop.com/public_html/vendor/laravel/framework/src/Illuminate/Foundation/Bootstrap/BootProviders.php(17): Illuminate\\Foundation\\Application->boot()
#23 /home/ecofield/domains/apis.dadisonestop.com/public_html/vendor/laravel/framework/src/Illuminate/Foundation/Application.php(265): Illuminate\\Foundation\\Bootstrap\\BootProviders->bootstrap()
#24 /home/ecofield/domains/apis.dadisonestop.com/public_html/vendor/laravel/framework/src/Illuminate/Foundation/Http/Kernel.php(176): Illuminate\\Foundation\\Application->bootstrapWith()
#25 /home/ecofield/domains/apis.dadisonestop.com/public_html/vendor/laravel/framework/src/Illuminate/Foundation/Http/Kernel.php(160): Illuminate\\Foundation\\Http\\Kernel->bootstrap()
#26 /home/ecofield/domains/apis.dadisonestop.com/public_html/vendor/laravel/framework/src/Illuminate/Foundation/Http/Kernel.php(134): Illuminate\\Foundation\\Http\\Kernel->sendRequestThroughRouter()
#27 /home/ecofield/domains/apis.dadisonestop.com/public_html/public/index.php(51): Illuminate\\Foundation\\Http\\Kernel->handle()
#28 {main}

[previous exception] [object] (PDOException(code: 1040): SQLSTATE[08004] [1040] Too many connections at /home/ecofield/domains/apis.dadisonestop.com/public_html/vendor/laravel/framework/src/Illuminate/Database/Connectors/Connector.php:70)
[stacktrace]
#0 /home/ecofield/domains/apis.dadisonestop.com/public_html/vendor/laravel/framework/src/Illuminate/Database/Connectors/Connector.php(70): PDO->__construct()
#1 /home/ecofield/domains/apis.dadisonestop.com/public_html/vendor/laravel/framework/src/Illuminate/Database/Connectors/Connector.php(45): Illuminate\\Database\\Connectors\\Connector->createPdoConnection()
#2 /home/ecofield/domains/apis.dadisonestop.com/public_html/vendor/laravel/framework/src/Illuminate/Database/Connectors/MySqlConnector.php(24): Illuminate\\Database\\Connectors\\Connector->createConnection()
#3 /home/ecofield/domains/apis.dadisonestop.com/public_html/vendor/laravel/framework/src/Illuminate/Database/Connectors/ConnectionFactory.php(184): Illuminate\\Database\\Connectors\\MySqlConnector->connect()
#4 [internal function]: Illuminate\\Database\\Connectors\\ConnectionFactory->Illuminate\\Database\\Connectors\\{closure}()
#5 /home/ecofield/domains/apis.dadisonestop.com/public_html/vendor/laravel/framework/src/Illuminate/Database/Connection.php(1181): call_user_func()
#6 /home/ecofield/domains/apis.dadisonestop.com/public_html/vendor/laravel/framework/src/Illuminate/Database/Connection.php(1217): Illuminate\\Database\\Connection->getPdo()
#7 /home/ecofield/domains/apis.dadisonestop.com/public_html/vendor/laravel/framework/src/Illuminate/Database/Connection.php(486): Illuminate\\Database\\Connection->getReadPdo()
#8 /home/ecofield/domains/apis.dadisonestop.com/public_html/vendor/laravel/framework/src/Illuminate/Database/Connection.php(414): Illuminate\\Database\\Connection->getPdoForSelect()
#9 /home/ecofield/domains/apis.dadisonestop.com/public_html/vendor/laravel/framework/src/Illuminate/Database/Connection.php(753): Illuminate\\Database\\Connection->Illuminate\\Database\\{closure}()
#10 /home/ecofield/domains/apis.dadisonestop.com/public_html/vendor/laravel/framework/src/Illuminate/Database/Connection.php(720): Illuminate\\Database\\Connection->runQueryCallback()
#11 /home/ecofield/domains/apis.dadisonestop.com/public_html/vendor/laravel/framework/src/Illuminate/Database/Connection.php(405): Illuminate\\Database\\Connection->run()
#12 /home/ecofield/domains/apis.dadisonestop.com/public_html/vendor/laravel/framework/src/Illuminate/Database/Query/Builder.php(2705): Illuminate\\Database\\Connection->select()
#13 /home/ecofield/domains/apis.dadisonestop.com/public_html/vendor/laravel/framework/src/Illuminate/Database/Query/Builder.php(2694): Illuminate\\Database\\Query\\Builder->runSelect()
#14 /home/ecofield/domains/apis.dadisonestop.com/public_html/vendor/laravel/framework/src/Illuminate/Database/Query/Builder.php(3230): Illuminate\\Database\\Query\\Builder->Illuminate\\Database\\Query\\{closure}()
#15 /home/ecofield/domains/apis.dadisonestop.com/public_html/vendor/laravel/framework/src/Illuminate/Database/Query/Builder.php(2693): Illuminate\\Database\\Query\\Builder->onceWithColumns()
#16 /home/ecofield/domains/apis.dadisonestop.com/public_html/vendor/laravel/framework/src/Illuminate/Database/Eloquent/Builder.php(710): Illuminate\\Database\\Query\\Builder->get()
#17 /home/ecofield/domains/apis.dadisonestop.com/public_html/vendor/laravel/framework/src/Illuminate/Database/Eloquent/Builder.php(694): Illuminate\\Database\\Eloquent\\Builder->getModels()
#18 /home/ecofield/domains/apis.dadisonestop.com/public_html/vendor/laravel/framework/src/Illuminate/Database/Concerns/BuildsQueries.php(296): Illuminate\\Database\\Eloquent\\Builder->get()
#19 /home/ecofield/domains/apis.dadisonestop.com/public_html/app/System.php(39): Illuminate\\Database\\Eloquent\\Builder->first()
#20 /home/ecofield/domains/apis.dadisonestop.com/public_html/app/Utils/ModuleUtil.php(28): App\\System::getProperty()
#21 /home/ecofield/domains/apis.dadisonestop.com/public_html/Modules/Crm/Providers/CrmServiceProvider.php(172): App\\Utils\\ModuleUtil->isModuleInstalled()
#22 /home/ecofield/domains/apis.dadisonestop.com/public_html/Modules/Crm/Providers/CrmServiceProvider.php(39): Modules\\Crm\\Providers\\CrmServiceProvider->registerScheduleCommands()
#23 /home/ecofield/domains/apis.dadisonestop.com/public_html/vendor/laravel/framework/src/Illuminate/Container/BoundMethod.php(36): Modules\\Crm\\Providers\\CrmServiceProvider->boot()
#24 /home/ecofield/domains/apis.dadisonestop.com/public_html/vendor/laravel/framework/src/Illuminate/Container/Util.php(41): Illuminate\\Container\\BoundMethod::Illuminate\\Container\\{closure}()
#25 /home/ecofield/domains/apis.dadisonestop.com/public_html/vendor/laravel/framework/src/Illuminate/Container/BoundMethod.php(93): Illuminate\\Container\\Util::unwrapIfClosure()
#26 /home/ecofield/domains/apis.dadisonestop.com/public_html/vendor/laravel/framework/src/Illuminate/Container/BoundMethod.php(35): Illuminate\\Container\\BoundMethod::callBoundMethod()
#27 /home/ecofield/domains/apis.dadisonestop.com/public_html/vendor/laravel/framework/src/Illuminate/Container/Container.php(661): Illuminate\\Container\\BoundMethod::call()
#28 /home/ecofield/domains/apis.dadisonestop.com/public_html/vendor/laravel/framework/src/Illuminate/Foundation/Application.php(954): Illuminate\\Container\\Container->call()
#29 /home/ecofield/domains/apis.dadisonestop.com/public_html/vendor/laravel/framework/src/Illuminate/Foundation/Application.php(935): Illuminate\\Foundation\\Application->bootProvider()
#30 [internal function]: Illuminate\\Foundation\\Application->Illuminate\\Foundation\\{closure}()
#31 /home/ecofield/domains/apis.dadisonestop.com/public_html/vendor/laravel/framework/src/Illuminate/Foundation/Application.php(934): array_walk()
#32 /home/ecofield/domains/apis.dadisonestop.com/public_html/vendor/laravel/framework/src/Illuminate/Foundation/Bootstrap/BootProviders.php(17): Illuminate\\Foundation\\Application->boot()
#33 /home/ecofield/domains/apis.dadisonestop.com/public_html/vendor/laravel/framework/src/Illuminate/Foundation/Application.php(265): Illuminate\\Foundation\\Bootstrap\\BootProviders->bootstrap()
#34 /home/ecofield/domains/apis.dadisonestop.com/public_html/vendor/laravel/framework/src/Illuminate/Foundation/Http/Kernel.php(176): Illuminate\\Foundation\\Application->bootstrapWith()
#35 /home/ecofield/domains/apis.dadisonestop.com/public_html/vendor/laravel/framework/src/Illuminate/Foundation/Http/Kernel.php(160): Illuminate\\Foundation\\Http\\Kernel->bootstrap()
#36 /home/ecofield/domains/apis.dadisonestop.com/public_html/vendor/laravel/framework/src/Illuminate/Foundation/Http/Kernel.php(134): Illuminate\\Foundation\\Http\\Kernel->sendRequestThroughRouter()
#37 /home/ecofield/domains/apis.dadisonestop.com/public_html/public/index.php(51): Illuminate\\Foundation\\Http\\Kernel->handle()
#38 {main}
"} 
[2026-05-25 13:43:22] live.INFO: Real SMS Balance from Beems API: 7  
[2026-05-25 13:43:23] live.INFO: Dashboard stats request: {"start_date":"2026-05-25","end_date":"2026-05-25","business_id":"2"} 
[2026-05-25 13:43:23] live.INFO: Checking Order model...  
[2026-05-25 13:43:23] live.INFO: Available order statuses: ["confirmed","cancelled","completed","pending","denied"] 
[2026-05-25 13:43:23] live.INFO: business_id column might not exist: SQLSTATE[42S22]: Column not found: 1054 Unknown column 'business_id' in 'where clause' (SQL: select * from `orders` where `business_id` = 2 limit 1)  
[2026-05-25 13:43:23] live.INFO: Pending orders query: {"business_id":null,"status":"pending","start":"2026-05-25","end":"2026-05-25","count":0,"total":0} 
[2026-05-25 13:43:23] live.INFO: Denied orders query SQL: select * from `orders` where LOWER(status) = ? and date(`created_at`) >= ? and date(`created_at`) <= ?  
[2026-05-25 13:43:23] live.INFO: Denied orders bindings:  ["denied","2026-05-25","2026-05-25"] 
[2026-05-25 13:43:23] live.INFO: Denied orders count: 0  
[2026-05-25 13:43:23] live.INFO: Cancelled orders query SQL: select * from `orders` where LOWER(status) in (?, ?) and date(`created_at`) >= ? and date(`created_at`) <= ?  
[2026-05-25 13:43:23] live.INFO: Cancelled orders bindings:  ["cancelled","canceled","2026-05-25","2026-05-25"] 
[2026-05-25 13:43:23] live.INFO: Cancelled orders count: 0  
[2026-05-25 13:43:23] live.INFO: Confirmed orders query: {"business_id":null,"status":"confirmed","start":"2026-05-25","end":"2026-05-25","count":0} 
[2026-05-25 13:43:23] live.INFO: Pending bookings query SQL: select * from `booking` where date(`created_at`) >= ? and date(`created_at`) <= ? and LOWER(status) = ?  
[2026-05-25 13:43:23] live.INFO: Pending bookings bindings:  ["2026-05-25","2026-05-25","pending"] 
[2026-05-25 13:43:23] live.INFO: Pending bookings count: 0  
[2026-05-25 13:43:23] live.INFO: Accepted bookings query SQL: select * from `booking` where date(`created_at`) >= ? and date(`created_at`) <= ? and LOWER(status) = ?  
[2026-05-25 13:43:23] live.INFO: Accepted bookings bindings:  ["2026-05-25","2026-05-25","accepted"] 
[2026-05-25 13:43:23] live.INFO: Accepted bookings count: 0  
[2026-05-25 13:43:23] live.INFO: Denied bookings query SQL: select * from `booking` where date(`created_at`) >= ? and date(`created_at`) <= ? and LOWER(status) = ?  
[2026-05-25 13:43:23] live.INFO: Denied bookings bindings:  ["2026-05-25","2026-05-25","denied"] 
[2026-05-25 13:43:23] live.INFO: Denied bookings count: 0  
[2026-05-25 13:43:23] live.INFO: Cancelled bookings query SQL: select * from `booking` where date(`created_at`) >= ? and date(`created_at`) <= ? and LOWER(status) in (?, ?)  
[2026-05-25 13:43:23] live.INFO: Cancelled bookings bindings:  ["2026-05-25","2026-05-25","cancelled","canceled"] 
[2026-05-25 13:43:23] live.INFO: Cancelled bookings count: 0  
[2026-05-25 13:43:23] live.INFO: Dashboard stats results: {"pending_orders_count":0,"pending_orders_total":0,"completed_orders_count":0,"denied_orders_count":0,"cancelled_orders_count":0,"pending_bookings_count":0,"accepted_bookings_count":0,"denied_bookings_count":0,"cancelled_bookings_count":0,"start_date":"2026-05-25","end_date":"2026-05-25","business_id":null} 
[2026-05-25 13:43:23] live.INFO: Real SMS Balance from Beems API: 7  
[2026-05-25 13:43:25] live.INFO: Dashboard stats request: {"start_date":"2026-05-01","end_date":"2026-05-31","business_id":"2"} 
[2026-05-25 13:43:25] live.INFO: Checking Order model...  
[2026-05-25 13:43:25] live.INFO: Available order statuses: ["confirmed","cancelled","completed","pending","denied"] 
[2026-05-25 13:43:25] live.INFO: business_id column might not exist: SQLSTATE[42S22]: Column not found: 1054 Unknown column 'business_id' in 'where clause' (SQL: select * from `orders` where `business_id` = 2 limit 1)  
[2026-05-25 13:43:25] live.INFO: Pending orders query: {"business_id":null,"status":"pending","start":"2026-05-01","end":"2026-05-31","count":0,"total":0} 
[2026-05-25 13:43:25] live.INFO: Denied orders query SQL: select * from `orders` where LOWER(status) = ? and date(`created_at`) >= ? and date(`created_at`) <= ?  
[2026-05-25 13:43:25] live.INFO: Denied orders bindings:  ["denied","2026-05-01","2026-05-31"] 
[2026-05-25 13:43:25] live.INFO: Denied orders count: 0  
[2026-05-25 13:43:25] live.INFO: Cancelled orders query SQL: select * from `orders` where LOWER(status) in (?, ?) and date(`created_at`) >= ? and date(`created_at`) <= ?  
[2026-05-25 13:43:25] live.INFO: Cancelled orders bindings:  ["cancelled","canceled","2026-05-01","2026-05-31"] 
[2026-05-25 13:43:25] live.INFO: Cancelled orders count: 0  
[2026-05-25 13:43:25] live.INFO: Confirmed orders query: {"business_id":null,"status":"confirmed","start":"2026-05-01","end":"2026-05-31","count":0} 
[2026-05-25 13:43:25] live.INFO: Pending bookings query SQL: select * from `booking` where date(`created_at`) >= ? and date(`created_at`) <= ? and LOWER(status) = ?  
[2026-05-25 13:43:25] live.INFO: Pending bookings bindings:  ["2026-05-01","2026-05-31","pending"] 
[2026-05-25 13:43:25] live.INFO: Pending bookings count: 0  
[2026-05-25 13:43:25] live.INFO: Accepted bookings query SQL: select * from `booking` where date(`created_at`) >= ? and date(`created_at`) <= ? and LOWER(status) = ?  
[2026-05-25 13:43:25] live.INFO: Accepted bookings bindings:  ["2026-05-01","2026-05-31","accepted"] 
[2026-05-25 13:43:25] live.INFO: Accepted bookings count: 0  
[2026-05-25 13:43:25] live.INFO: Denied bookings query SQL: select * from `booking` where date(`created_at`) >= ? and date(`created_at`) <= ? and LOWER(status) = ?  
[2026-05-25 13:43:25] live.INFO: Denied bookings bindings:  ["2026-05-01","2026-05-31","denied"] 
[2026-05-25 13:43:25] live.INFO: Denied bookings count: 0  
[2026-05-25 13:43:25] live.INFO: Cancelled bookings query SQL: select * from `booking` where date(`created_at`) >= ? and date(`created_at`) <= ? and LOWER(status) in (?, ?)  
[2026-05-25 13:43:25] live.INFO: Cancelled bookings bindings:  ["2026-05-01","2026-05-31","cancelled","canceled"] 
[2026-05-25 13:43:25] live.INFO: Cancelled bookings count: 0  
[2026-05-25 13:43:25] live.INFO: Dashboard stats results: {"pending_orders_count":0,"pending_orders_total":0,"completed_orders_count":0,"denied_orders_count":0,"cancelled_orders_count":0,"pending_bookings_count":0,"accepted_bookings_count":0,"denied_bookings_count":0,"cancelled_bookings_count":0,"start_date":"2026-05-01","end_date":"2026-05-31","business_id":null} 
[2026-05-25 13:48:23] live.INFO: Real SMS Balance from Beems API: 7  
[2026-05-25 13:48:24] live.INFO: Real SMS Balance from Beems API: 7  
[2026-05-25 13:53:22] live.INFO: Real SMS Balance from Beems API: 7  
[2026-05-25 13:53:23] live.INFO: Real SMS Balance from Beems API: 7  
[2026-05-25 13:58:22] live.INFO: Real SMS Balance from Beems API: 7  
[2026-05-25 13:58:23] live.INFO: Real SMS Balance from Beems API: 7  
[2026-05-25 14:03:22] live.INFO: Real SMS Balance from Beems API: 7  
[2026-05-25 14:03:23] live.INFO: Real SMS Balance from Beems API: 7  
[2026-05-25 14:08:27] live.INFO: Real SMS Balance from Beems API: 7  
[2026-05-25 14:08:28] live.INFO: Real SMS Balance from Beems API: 7  
[2026-05-25 14:13:22] live.INFO: Real SMS Balance from Beems API: 7  
[2026-05-25 14:13:23] live.INFO: Real SMS Balance from Beems API: 7  
[2026-05-25 14:19:20] live.INFO: Real SMS Balance from Beems API: 7  
[2026-05-25 14:19:21] live.INFO: Real SMS Balance from Beems API: 7  
[2026-05-25 14:24:21] live.INFO: Real SMS Balance from Beems API: 7  
[2026-05-25 14:24:22] live.INFO: Real SMS Balance from Beems API: 7  
[2026-05-25 14:29:20] live.INFO: Real SMS Balance from Beems API: 7  
[2026-05-25 14:29:21] live.INFO: Real SMS Balance from Beems API: 7  
[2026-05-25 14:34:21] live.INFO: Real SMS Balance from Beems API: 7  
[2026-05-25 14:34:21] live.INFO: Real SMS Balance from Beems API: 7  
[2026-05-25 14:39:20] live.INFO: Real SMS Balance from Beems API: 7  
[2026-05-25 14:39:21] live.INFO: Real SMS Balance from Beems API: 7  
[2026-05-25 14:44:21] live.INFO: Real SMS Balance from Beems API: 7  
[2026-05-25 14:44:22] live.INFO: Real SMS Balance from Beems API: 7  
[2026-05-25 14:49:20] live.INFO: Real SMS Balance from Beems API: 7  
[2026-05-25 14:49:21] live.INFO: Real SMS Balance from Beems API: 7  
[2026-05-25 14:54:21] live.INFO: Real SMS Balance from Beems API: 7  
[2026-05-25 14:54:22] live.INFO: Real SMS Balance from Beems API: 7  
[2026-05-25 14:59:20] live.INFO: Real SMS Balance from Beems API: 7  
[2026-05-25 14:59:21] live.INFO: Real SMS Balance from Beems API: 7  
[2026-05-25 15:04:21] live.INFO: Real SMS Balance from Beems API: 7  
[2026-05-25 15:04:22] live.INFO: Real SMS Balance from Beems API: 7  
[2026-05-25 15:09:20] live.INFO: Real SMS Balance from Beems API: 7  
[2026-05-25 15:09:21] live.INFO: Real SMS Balance from Beems API: 7  
[2026-05-25 15:14:22] live.INFO: Real SMS Balance from Beems API: 7  
[2026-05-25 15:14:22] live.INFO: Real SMS Balance from Beems API: 7  
[2026-05-25 15:19:20] live.INFO: Real SMS Balance from Beems API: 7  
[2026-05-25 15:19:21] live.INFO: Real SMS Balance from Beems API: 7  
[2026-05-25 15:24:21] live.INFO: Real SMS Balance from Beems API: 7  
[2026-05-25 15:24:22] live.INFO: Real SMS Balance from Beems API: 7  
[2026-05-25 15:29:20] live.INFO: Real SMS Balance from Beems API: 7  
[2026-05-25 15:29:21] live.INFO: Real SMS Balance from Beems API: 7  
[2026-05-25 15:34:21] live.INFO: Real SMS Balance from Beems API: 7  
[2026-05-25 15:34:21] live.INFO: Real SMS Balance from Beems API: 7  
[2026-05-25 15:39:20] live.INFO: Real SMS Balance from Beems API: 7  
[2026-05-25 15:39:21] live.INFO: Real SMS Balance from Beems API: 7  
[2026-05-25 15:44:21] live.INFO: Real SMS Balance from Beems API: 7  
[2026-05-25 15:44:22] live.INFO: Real SMS Balance from Beems API: 7  
[2026-05-25 15:49:20] live.INFO: Real SMS Balance from Beems API: 7  
[2026-05-25 15:49:21] live.INFO: Real SMS Balance from Beems API: 7  
[2026-05-25 15:54:21] live.INFO: Real SMS Balance from Beems API: 7  
[2026-05-25 15:54:22] live.INFO: Real SMS Balance from Beems API: 7  
[2026-05-25 15:59:20] live.INFO: Real SMS Balance from Beems API: 7  
[2026-05-25 15:59:21] live.INFO: Real SMS Balance from Beems API: 7  
[2026-05-25 16:04:21] live.INFO: Real SMS Balance from Beems API: 7  
[2026-05-25 16:04:22] live.INFO: Real SMS Balance from Beems API: 7  
[2026-05-25 16:09:20] live.INFO: Real SMS Balance from Beems API: 7  
[2026-05-25 16:09:21] live.INFO: Real SMS Balance from Beems API: 7  
[2026-05-25 16:14:21] live.INFO: Real SMS Balance from Beems API: 7  
[2026-05-25 16:14:22] live.INFO: Real SMS Balance from Beems API: 7  
[2026-05-25 16:19:20] live.INFO: Real SMS Balance from Beems API: 7  
[2026-05-25 16:19:21] live.INFO: Real SMS Balance from Beems API: 7  
[2026-05-25 16:24:21] live.INFO: Real SMS Balance from Beems API: 7  
[2026-05-25 16:24:22] live.INFO: Real SMS Balance from Beems API: 7  
[2026-05-25 16:29:20] live.INFO: Real SMS Balance from Beems API: 7  
[2026-05-25 16:29:21] live.INFO: Real SMS Balance from Beems API: 7  
[2026-05-25 16:59:20] live.INFO: Real SMS Balance from Beems API: 7  
[2026-05-25 16:59:21] live.INFO: Real SMS Balance from Beems API: 7  
[2026-05-25 17:04:21] live.INFO: Real SMS Balance from Beems API: 7  
[2026-05-25 17:04:22] live.INFO: Real SMS Balance from Beems API: 7  
[2026-05-25 17:09:20] live.INFO: Real SMS Balance from Beems API: 7  
[2026-05-25 17:09:21] live.INFO: Real SMS Balance from Beems API: 7  
[2026-05-25 17:14:21] live.INFO: Real SMS Balance from Beems API: 7  
[2026-05-25 17:14:22] live.INFO: Real SMS Balance from Beems API: 7  
[2026-05-25 17:19:20] live.INFO: Real SMS Balance from Beems API: 7  
[2026-05-25 17:19:21] live.INFO: Real SMS Balance from Beems API: 7  
[2026-05-25 17:24:21] live.INFO: Real SMS Balance from Beems API: 7  
[2026-05-25 17:24:22] live.INFO: Real SMS Balance from Beems API: 7  
[2026-05-25 17:29:20] live.INFO: Real SMS Balance from Beems API: 7  
[2026-05-25 17:29:21] live.INFO: Real SMS Balance from Beems API: 7  
[2026-05-25 17:34:21] live.INFO: Real SMS Balance from Beems API: 7  
[2026-05-25 17:34:22] live.INFO: Real SMS Balance from Beems API: 7  
[2026-05-25 17:39:20] live.INFO: Real SMS Balance from Beems API: 7  
[2026-05-25 17:39:21] live.INFO: Real SMS Balance from Beems API: 7  
[2026-05-25 17:44:21] live.INFO: Real SMS Balance from Beems API: 7  
[2026-05-25 17:44:22] live.INFO: Real SMS Balance from Beems API: 7  
[2026-05-25 17:49:20] live.INFO: Real SMS Balance from Beems API: 7  
[2026-05-25 17:49:21] live.INFO: Real SMS Balance from Beems API: 7  
[2026-05-25 17:54:21] live.INFO: Real SMS Balance from Beems API: 7  
[2026-05-25 17:54:22] live.INFO: Real SMS Balance from Beems API: 7  
[2026-05-25 17:59:20] live.INFO: Real SMS Balance from Beems API: 7  
[2026-05-25 17:59:21] live.INFO: Real SMS Balance from Beems API: 7  
[2026-05-25 18:54:18] live.INFO: Real SMS Balance from Beems API: 7  
[2026-05-25 18:54:18] live.INFO: Real SMS Balance from Beems API: 7  
[2026-05-25 18:54:21] live.INFO: Dashboard stats request: {"start_date":"2026-05-25","end_date":"2026-05-25","business_id":2} 
[2026-05-25 18:54:21] live.INFO: Checking Order model...  
[2026-05-25 18:54:21] live.INFO: Available order statuses: ["confirmed","cancelled","completed"] 
[2026-05-25 18:54:21] live.INFO: business_id column might not exist: SQLSTATE[42S22]: Column not found: 1054 Unknown column 'business_id' in 'where clause' (SQL: select * from `orders` where `business_id` = 2 limit 1)  
[2026-05-25 18:54:21] live.INFO: Pending orders query: {"business_id":null,"status":"pending","start":"2026-05-25","end":"2026-05-25","count":0,"total":0} 
[2026-05-25 18:54:21] live.INFO: Denied orders query SQL: select * from `orders` where LOWER(status) = ? and date(`created_at`) >= ? and date(`created_at`) <= ?  
[2026-05-25 18:54:21] live.INFO: Denied orders bindings:  ["denied","2026-05-25","2026-05-25"] 
[2026-05-25 18:54:21] live.INFO: Denied orders count: 0  
[2026-05-25 18:54:21] live.INFO: Cancelled orders query SQL: select * from `orders` where LOWER(status) in (?, ?) and date(`created_at`) >= ? and date(`created_at`) <= ?  
[2026-05-25 18:54:21] live.INFO: Cancelled orders bindings:  ["cancelled","canceled","2026-05-25","2026-05-25"] 
[2026-05-25 18:54:21] live.INFO: Cancelled orders count: 0  
[2026-05-25 18:54:21] live.INFO: Confirmed orders query: {"business_id":null,"status":"confirmed","start":"2026-05-25","end":"2026-05-25","count":0} 
[2026-05-25 18:54:21] live.INFO: Pending bookings query SQL: select * from `booking` where date(`created_at`) >= ? and date(`created_at`) <= ? and LOWER(status) = ?  
[2026-05-25 18:54:21] live.INFO: Pending bookings bindings:  ["2026-05-25","2026-05-25","pending"] 
[2026-05-25 18:54:21] live.INFO: Pending bookings count: 0  
[2026-05-25 18:54:21] live.INFO: Accepted bookings query SQL: select * from `booking` where date(`created_at`) >= ? and date(`created_at`) <= ? and LOWER(status) = ?  
[2026-05-25 18:54:21] live.INFO: Accepted bookings bindings:  ["2026-05-25","2026-05-25","accepted"] 
[2026-05-25 18:54:21] live.INFO: Accepted bookings count: 0  
[2026-05-25 18:54:21] live.INFO: Denied bookings query SQL: select * from `booking` where date(`created_at`) >= ? and date(`created_at`) <= ? and LOWER(status) = ?  
[2026-05-25 18:54:21] live.INFO: Denied bookings bindings:  ["2026-05-25","2026-05-25","denied"] 
[2026-05-25 18:54:21] live.INFO: Denied bookings count: 0  
[2026-05-25 18:54:21] live.INFO: Cancelled bookings query SQL: select * from `booking` where date(`created_at`) >= ? and date(`created_at`) <= ? and LOWER(status) in (?, ?)  
[2026-05-25 18:54:21] live.INFO: Cancelled bookings bindings:  ["2026-05-25","2026-05-25","cancelled","canceled"] 
[2026-05-25 18:54:21] live.INFO: Cancelled bookings count: 0  
[2026-05-25 18:54:21] live.INFO: Dashboard stats results: {"pending_orders_count":0,"pending_orders_total":0,"completed_orders_count":0,"denied_orders_count":0,"cancelled_orders_count":0,"pending_bookings_count":0,"accepted_bookings_count":0,"denied_bookings_count":0,"cancelled_bookings_count":0,"start_date":"2026-05-25","end_date":"2026-05-25","business_id":null} 
[2026-05-25 18:54:27] live.INFO: Dashboard stats request: {"start_date":"2026-05-01","end_date":"2026-05-31","business_id":2} 
[2026-05-25 18:54:27] live.INFO: Checking Order model...  
[2026-05-25 18:54:27] live.INFO: Available order statuses: ["confirmed","cancelled","completed"] 
[2026-05-25 18:54:27] live.INFO: business_id column might not exist: SQLSTATE[42S22]: Column not found: 1054 Unknown column 'business_id' in 'where clause' (SQL: select * from `orders` where `business_id` = 2 limit 1)  
[2026-05-25 18:54:27] live.INFO: Pending orders query: {"business_id":null,"status":"pending","start":"2026-05-01","end":"2026-05-31","count":0,"total":0} 
[2026-05-25 18:54:27] live.INFO: Denied orders query SQL: select * from `orders` where LOWER(status) = ? and date(`created_at`) >= ? and date(`created_at`) <= ?  
[2026-05-25 18:54:27] live.INFO: Denied orders bindings:  ["denied","2026-05-01","2026-05-31"] 
[2026-05-25 18:54:27] live.INFO: Denied orders count: 0  
[2026-05-25 18:54:27] live.INFO: Cancelled orders query SQL: select * from `orders` where LOWER(status) in (?, ?) and date(`created_at`) >= ? and date(`created_at`) <= ?  
[2026-05-25 18:54:27] live.INFO: Cancelled orders bindings:  ["cancelled","canceled","2026-05-01","2026-05-31"] 
[2026-05-25 18:54:27] live.INFO: Cancelled orders count: 0  
[2026-05-25 18:54:27] live.INFO: Confirmed orders query: {"business_id":null,"status":"confirmed","start":"2026-05-01","end":"2026-05-31","count":0} 
[2026-05-25 18:54:27] live.INFO: Pending bookings query SQL: select * from `booking` where date(`created_at`) >= ? and date(`created_at`) <= ? and LOWER(status) = ?  
[2026-05-25 18:54:27] live.INFO: Pending bookings bindings:  ["2026-05-01","2026-05-31","pending"] 
[2026-05-25 18:54:27] live.INFO: Pending bookings count: 0  
[2026-05-25 18:54:27] live.INFO: Accepted bookings query SQL: select * from `booking` where date(`created_at`) >= ? and date(`created_at`) <= ? and LOWER(status) = ?  
[2026-05-25 18:54:27] live.INFO: Accepted bookings bindings:  ["2026-05-01","2026-05-31","accepted"] 
[2026-05-25 18:54:27] live.INFO: Accepted bookings count: 0  
[2026-05-25 18:54:27] live.INFO: Denied bookings query SQL: select * from `booking` where date(`created_at`) >= ? and date(`created_at`) <= ? and LOWER(status) = ?  
[2026-05-25 18:54:27] live.INFO: Denied bookings bindings:  ["2026-05-01","2026-05-31","denied"] 
[2026-05-25 18:54:27] live.INFO: Denied bookings count: 0  
[2026-05-25 18:54:27] live.INFO: Cancelled bookings query SQL: select * from `booking` where date(`created_at`) >= ? and date(`created_at`) <= ? and LOWER(status) in (?, ?)  
[2026-05-25 18:54:27] live.INFO: Cancelled bookings bindings:  ["2026-05-01","2026-05-31","cancelled","canceled"] 
[2026-05-25 18:54:27] live.INFO: Cancelled bookings count: 0  
[2026-05-25 18:54:27] live.INFO: Dashboard stats results: {"pending_orders_count":0,"pending_orders_total":0,"completed_orders_count":0,"denied_orders_count":0,"cancelled_orders_count":0,"pending_bookings_count":0,"accepted_bookings_count":0,"denied_bookings_count":0,"cancelled_bookings_count":0,"start_date":"2026-05-01","end_date":"2026-05-31","business_id":null} 
[2026-05-25 19:10:51] live.ERROR: SQLSTATE[42S01]: Base table or view already exists: 1050 Table 'otp' already exists (SQL: create table `otp` (`id` bigint unsigned not null auto_increment primary key, `phone` varchar(20) not null, `otp` varchar(10) not null, `created_at` timestamp null, `updated_at` timestamp null) default character set utf8mb4 collate 'utf8mb4_unicode_ci') {"exception":"[object] (Illuminate\\Database\\QueryException(code: 42S01): SQLSTATE[42S01]: Base table or view already exists: 1050 Table 'otp' already exists (SQL: create table `otp` (`id` bigint unsigned not null auto_increment primary key, `phone` varchar(20) not null, `otp` varchar(10) not null, `created_at` timestamp null, `updated_at` timestamp null) default character set utf8mb4 collate 'utf8mb4_unicode_ci') at B:\\Projects PHP\\Dadis Project\\dasis Eshop\\public_html\\vendor\\laravel\\framework\\src\\Illuminate\\Database\\Connection.php:760)
[stacktrace]
#0 B:\\Projects PHP\\Dadis Project\\dasis Eshop\\public_html\\vendor\\laravel\\framework\\src\\Illuminate\\Database\\Connection.php(720): Illuminate\\Database\\Connection->runQueryCallback('create table `o...', Array, Object(Closure))
#1 B:\\Projects PHP\\Dadis Project\\dasis Eshop\\public_html\\vendor\\laravel\\framework\\src\\Illuminate\\Database\\Connection.php(534): Illuminate\\Database\\Connection->run('create table `o...', Array, Object(Closure))
#2 B:\\Projects PHP\\Dadis Project\\dasis Eshop\\public_html\\vendor\\laravel\\framework\\src\\Illuminate\\Database\\Schema\\Blueprint.php(109): Illuminate\\Database\\Connection->statement('create table `o...')
#3 B:\\Projects PHP\\Dadis Project\\dasis Eshop\\public_html\\vendor\\laravel\\framework\\src\\Illuminate\\Database\\Schema\\Builder.php(439): Illuminate\\Database\\Schema\\Blueprint->build(Object(Illuminate\\Database\\MySqlConnection), Object(Illuminate\\Database\\Schema\\Grammars\\MySqlGrammar))
#4 B:\\Projects PHP\\Dadis Project\\dasis Eshop\\public_html\\vendor\\laravel\\framework\\src\\Illuminate\\Database\\Schema\\Builder.php(281): Illuminate\\Database\\Schema\\Builder->build(Object(Illuminate\\Database\\Schema\\Blueprint))
#5 B:\\Projects PHP\\Dadis Project\\dasis Eshop\\public_html\\vendor\\laravel\\framework\\src\\Illuminate\\Support\\Facades\\Facade.php(338): Illuminate\\Database\\Schema\\Builder->create('otp', Object(Closure))
#6 B:\\Projects PHP\\Dadis Project\\dasis Eshop\\public_html\\database\\migrations\\2026_02_01_022404_create_otp_table.php(16): Illuminate\\Support\\Facades\\Facade::__callStatic('create', Array)
#7 B:\\Projects PHP\\Dadis Project\\dasis Eshop\\public_html\\vendor\\laravel\\framework\\src\\Illuminate\\Database\\Migrations\\Migrator.php(496): Illuminate\\Database\\Migrations\\Migration@anonymous->up()
#8 B:\\Projects PHP\\Dadis Project\\dasis Eshop\\public_html\\vendor\\laravel\\framework\\src\\Illuminate\\Database\\Migrations\\Migrator.php(414): Illuminate\\Database\\Migrations\\Migrator->runMethod(Object(Illuminate\\Database\\MySqlConnection), Object(Illuminate\\Database\\Migrations\\Migration@anonymous), 'up')
#9 B:\\Projects PHP\\Dadis Project\\dasis Eshop\\public_html\\vendor\\laravel\\framework\\src\\Illuminate\\Database\\Migrations\\Migrator.php(423): Illuminate\\Database\\Migrations\\Migrator->Illuminate\\Database\\Migrations\\{closure}()
#10 B:\\Projects PHP\\Dadis Project\\dasis Eshop\\public_html\\vendor\\laravel\\framework\\src\\Illuminate\\Database\\Migrations\\Migrator.php(224): Illuminate\\Database\\Migrations\\Migrator->runMigration(Object(Illuminate\\Database\\Migrations\\Migration@anonymous), 'up')
#11 B:\\Projects PHP\\Dadis Project\\dasis Eshop\\public_html\\vendor\\laravel\\framework\\src\\Illuminate\\Console\\View\\Components\\Task.php(37): Illuminate\\Database\\Migrations\\Migrator->Illuminate\\Database\\Migrations\\{closure}()
#12 B:\\Projects PHP\\Dadis Project\\dasis Eshop\\public_html\\vendor\\laravel\\framework\\src\\Illuminate\\Database\\Migrations\\Migrator.php(778): Illuminate\\Console\\View\\Components\\Task->render('2026_02_01_0224...', Object(Closure))
#13 B:\\Projects PHP\\Dadis Project\\dasis Eshop\\public_html\\vendor\\laravel\\framework\\src\\Illuminate\\Database\\Migrations\\Migrator.php(224): Illuminate\\Database\\Migrations\\Migrator->write('Illuminate\\\\Cons...', '2026_02_01_0224...', Object(Closure))
#14 B:\\Projects PHP\\Dadis Project\\dasis Eshop\\public_html\\vendor\\laravel\\framework\\src\\Illuminate\\Database\\Migrations\\Migrator.php(189): Illuminate\\Database\\Migrations\\Migrator->runUp('B:\\\\Projects PHP...', 9, false)
#15 B:\\Projects PHP\\Dadis Project\\dasis Eshop\\public_html\\vendor\\laravel\\framework\\src\\Illuminate\\Database\\Migrations\\Migrator.php(132): Illuminate\\Database\\Migrations\\Migrator->runPending(Array, Array)
#16 B:\\Projects PHP\\Dadis Project\\dasis Eshop\\public_html\\vendor\\laravel\\framework\\src\\Illuminate\\Database\\Console\\Migrations\\MigrateCommand.php(88): Illuminate\\Database\\Migrations\\Migrator->run(Array, Array)
#17 B:\\Projects PHP\\Dadis Project\\dasis Eshop\\public_html\\vendor\\laravel\\framework\\src\\Illuminate\\Database\\Migrations\\Migrator.php(636): Illuminate\\Database\\Console\\Migrations\\MigrateCommand->Illuminate\\Database\\Console\\Migrations\\{closure}()
#18 B:\\Projects PHP\\Dadis Project\\dasis Eshop\\public_html\\vendor\\laravel\\framework\\src\\Illuminate\\Database\\Console\\Migrations\\MigrateCommand.php(81): Illuminate\\Database\\Migrations\\Migrator->usingConnection(NULL, Object(Closure))
#19 B:\\Projects PHP\\Dadis Project\\dasis Eshop\\public_html\\vendor\\laravel\\framework\\src\\Illuminate\\Container\\BoundMethod.php(36): Illuminate\\Database\\Console\\Migrations\\MigrateCommand->handle()
#20 B:\\Projects PHP\\Dadis Project\\dasis Eshop\\public_html\\vendor\\laravel\\framework\\src\\Illuminate\\Container\\Util.php(41): Illuminate\\Container\\BoundMethod::Illuminate\\Container\\{closure}()
#21 B:\\Projects PHP\\Dadis Project\\dasis Eshop\\public_html\\vendor\\laravel\\framework\\src\\Illuminate\\Container\\BoundMethod.php(93): Illuminate\\Container\\Util::unwrapIfClosure(Object(Closure))
#22 B:\\Projects PHP\\Dadis Project\\dasis Eshop\\public_html\\vendor\\laravel\\framework\\src\\Illuminate\\Container\\BoundMethod.php(35): Illuminate\\Container\\BoundMethod::callBoundMethod(Object(Illuminate\\Foundation\\Application), Array, Object(Closure))
#23 B:\\Projects PHP\\Dadis Project\\dasis Eshop\\public_html\\vendor\\laravel\\framework\\src\\Illuminate\\Container\\Container.php(661): Illuminate\\Container\\BoundMethod::call(Object(Illuminate\\Foundation\\Application), Array, Array, NULL)
#24 B:\\Projects PHP\\Dadis Project\\dasis Eshop\\public_html\\vendor\\laravel\\framework\\src\\Illuminate\\Console\\Command.php(183): Illuminate\\Container\\Container->call(Array)
#25 B:\\Projects PHP\\Dadis Project\\dasis Eshop\\public_html\\vendor\\symfony\\console\\Command\\Command.php(326): Illuminate\\Console\\Command->execute(Object(Symfony\\Component\\Console\\Input\\ArgvInput), Object(Illuminate\\Console\\OutputStyle))
#26 B:\\Projects PHP\\Dadis Project\\dasis Eshop\\public_html\\vendor\\laravel\\framework\\src\\Illuminate\\Console\\Command.php(152): Symfony\\Component\\Console\\Command\\Command->run(Object(Symfony\\Component\\Console\\Input\\ArgvInput), Object(Illuminate\\Console\\OutputStyle))
#27 B:\\Projects PHP\\Dadis Project\\dasis Eshop\\public_html\\vendor\\symfony\\console\\Application.php(1083): Illuminate\\Console\\Command->run(Object(Symfony\\Component\\Console\\Input\\ArgvInput), Object(Symfony\\Component\\Console\\Output\\ConsoleOutput))
#28 B:\\Projects PHP\\Dadis Project\\dasis Eshop\\public_html\\vendor\\symfony\\console\\Application.php(324): Symfony\\Component\\Console\\Application->doRunCommand(Object(Illuminate\\Database\\Console\\Migrations\\MigrateCommand), Object(Symfony\\Component\\Console\\Input\\ArgvInput), Object(Symfony\\Component\\Console\\Output\\ConsoleOutput))
#29 B:\\Projects PHP\\Dadis Project\\dasis Eshop\\public_html\\vendor\\symfony\\console\\Application.php(175): Symfony\\Component\\Console\\Application->doRun(Object(Symfony\\Component\\Console\\Input\\ArgvInput), Object(Symfony\\Component\\Console\\Output\\ConsoleOutput))
#30 B:\\Projects PHP\\Dadis Project\\dasis Eshop\\public_html\\vendor\\laravel\\framework\\src\\Illuminate\\Console\\Application.php(102): Symfony\\Component\\Console\\Application->run(Object(Symfony\\Component\\Console\\Input\\ArgvInput), Object(Symfony\\Component\\Console\\Output\\ConsoleOutput))
#31 B:\\Projects PHP\\Dadis Project\\dasis Eshop\\public_html\\vendor\\laravel\\framework\\src\\Illuminate\\Foundation\\Console\\Kernel.php(155): Illuminate\\Console\\Application->run(Object(Symfony\\Component\\Console\\Input\\ArgvInput), Object(Symfony\\Component\\Console\\Output\\ConsoleOutput))
#32 B:\\Projects PHP\\Dadis Project\\dasis Eshop\\public_html\\artisan(35): Illuminate\\Foundation\\Console\\Kernel->handle(Object(Symfony\\Component\\Console\\Input\\ArgvInput), Object(Symfony\\Component\\Console\\Output\\ConsoleOutput))
#33 {main}

[previous exception] [object] (PDOException(code: 42S01): SQLSTATE[42S01]: Base table or view already exists: 1050 Table 'otp' already exists at B:\\Projects PHP\\Dadis Project\\dasis Eshop\\public_html\\vendor\\laravel\\framework\\src\\Illuminate\\Database\\Connection.php:545)
[stacktrace]
#0 B:\\Projects PHP\\Dadis Project\\dasis Eshop\\public_html\\vendor\\laravel\\framework\\src\\Illuminate\\Database\\Connection.php(545): PDOStatement->execute()
#1 B:\\Projects PHP\\Dadis Project\\dasis Eshop\\public_html\\vendor\\laravel\\framework\\src\\Illuminate\\Database\\Connection.php(753): Illuminate\\Database\\Connection->Illuminate\\Database\\{closure}('create table `o...', Array)
#2 B:\\Projects PHP\\Dadis Project\\dasis Eshop\\public_html\\vendor\\laravel\\framework\\src\\Illuminate\\Database\\Connection.php(720): Illuminate\\Database\\Connection->runQueryCallback('create table `o...', Array, Object(Closure))
#3 B:\\Projects PHP\\Dadis Project\\dasis Eshop\\public_html\\vendor\\laravel\\framework\\src\\Illuminate\\Database\\Connection.php(534): Illuminate\\Database\\Connection->run('create table `o...', Array, Object(Closure))
#4 B:\\Projects PHP\\Dadis Project\\dasis Eshop\\public_html\\vendor\\laravel\\framework\\src\\Illuminate\\Database\\Schema\\Blueprint.php(109): Illuminate\\Database\\Connection->statement('create table `o...')
#5 B:\\Projects PHP\\Dadis Project\\dasis Eshop\\public_html\\vendor\\laravel\\framework\\src\\Illuminate\\Database\\Schema\\Builder.php(439): Illuminate\\Database\\Schema\\Blueprint->build(Object(Illuminate\\Database\\MySqlConnection), Object(Illuminate\\Database\\Schema\\Grammars\\MySqlGrammar))
#6 B:\\Projects PHP\\Dadis Project\\dasis Eshop\\public_html\\vendor\\laravel\\framework\\src\\Illuminate\\Database\\Schema\\Builder.php(281): Illuminate\\Database\\Schema\\Builder->build(Object(Illuminate\\Database\\Schema\\Blueprint))
#7 B:\\Projects PHP\\Dadis Project\\dasis Eshop\\public_html\\vendor\\laravel\\framework\\src\\Illuminate\\Support\\Facades\\Facade.php(338): Illuminate\\Database\\Schema\\Builder->create('otp', Object(Closure))
#8 B:\\Projects PHP\\Dadis Project\\dasis Eshop\\public_html\\database\\migrations\\2026_02_01_022404_create_otp_table.php(16): Illuminate\\Support\\Facades\\Facade::__callStatic('create', Array)
#9 B:\\Projects PHP\\Dadis Project\\dasis Eshop\\public_html\\vendor\\laravel\\framework\\src\\Illuminate\\Database\\Migrations\\Migrator.php(496): Illuminate\\Database\\Migrations\\Migration@anonymous->up()
#10 B:\\Projects PHP\\Dadis Project\\dasis Eshop\\public_html\\vendor\\laravel\\framework\\src\\Illuminate\\Database\\Migrations\\Migrator.php(414): Illuminate\\Database\\Migrations\\Migrator->runMethod(Object(Illuminate\\Database\\MySqlConnection), Object(Illuminate\\Database\\Migrations\\Migration@anonymous), 'up')
#11 B:\\Projects PHP\\Dadis Project\\dasis Eshop\\public_html\\vendor\\laravel\\framework\\src\\Illuminate\\Database\\Migrations\\Migrator.php(423): Illuminate\\Database\\Migrations\\Migrator->Illuminate\\Database\\Migrations\\{closure}()
#12 B:\\Projects PHP\\Dadis Project\\dasis Eshop\\public_html\\vendor\\laravel\\framework\\src\\Illuminate\\Database\\Migrations\\Migrator.php(224): Illuminate\\Database\\Migrations\\Migrator->runMigration(Object(Illuminate\\Database\\Migrations\\Migration@anonymous), 'up')
#13 B:\\Projects PHP\\Dadis Project\\dasis Eshop\\public_html\\vendor\\laravel\\framework\\src\\Illuminate\\Console\\View\\Components\\Task.php(37): Illuminate\\Database\\Migrations\\Migrator->Illuminate\\Database\\Migrations\\{closure}()
#14 B:\\Projects PHP\\Dadis Project\\dasis Eshop\\public_html\\vendor\\laravel\\framework\\src\\Illuminate\\Database\\Migrations\\Migrator.php(778): Illuminate\\Console\\View\\Components\\Task->render('2026_02_01_0224...', Object(Closure))
#15 B:\\Projects PHP\\Dadis Project\\dasis Eshop\\public_html\\vendor\\laravel\\framework\\src\\Illuminate\\Database\\Migrations\\Migrator.php(224): Illuminate\\Database\\Migrations\\Migrator->write('Illuminate\\\\Cons...', '2026_02_01_0224...', Object(Closure))
#16 B:\\Projects PHP\\Dadis Project\\dasis Eshop\\public_html\\vendor\\laravel\\framework\\src\\Illuminate\\Database\\Migrations\\Migrator.php(189): Illuminate\\Database\\Migrations\\Migrator->runUp('B:\\\\Projects PHP...', 9, false)
#17 B:\\Projects PHP\\Dadis Project\\dasis Eshop\\public_html\\vendor\\laravel\\framework\\src\\Illuminate\\Database\\Migrations\\Migrator.php(132): Illuminate\\Database\\Migrations\\Migrator->runPending(Array, Array)
#18 B:\\Projects PHP\\Dadis Project\\dasis Eshop\\public_html\\vendor\\laravel\\framework\\src\\Illuminate\\Database\\Console\\Migrations\\MigrateCommand.php(88): Illuminate\\Database\\Migrations\\Migrator->run(Array, Array)
#19 B:\\Projects PHP\\Dadis Project\\dasis Eshop\\public_html\\vendor\\laravel\\framework\\src\\Illuminate\\Database\\Migrations\\Migrator.php(636): Illuminate\\Database\\Console\\Migrations\\MigrateCommand->Illuminate\\Database\\Console\\Migrations\\{closure}()
#20 B:\\Projects PHP\\Dadis Project\\dasis Eshop\\public_html\\vendor\\laravel\\framework\\src\\Illuminate\\Database\\Console\\Migrations\\MigrateCommand.php(81): Illuminate\\Database\\Migrations\\Migrator->usingConnection(NULL, Object(Closure))
#21 B:\\Projects PHP\\Dadis Project\\dasis Eshop\\public_html\\vendor\\laravel\\framework\\src\\Illuminate\\Container\\BoundMethod.php(36): Illuminate\\Database\\Console\\Migrations\\MigrateCommand->handle()
#22 B:\\Projects PHP\\Dadis Project\\dasis Eshop\\public_html\\vendor\\laravel\\framework\\src\\Illuminate\\Container\\Util.php(41): Illuminate\\Container\\BoundMethod::Illuminate\\Container\\{closure}()
#23 B:\\Projects PHP\\Dadis Project\\dasis Eshop\\public_html\\vendor\\laravel\\framework\\src\\Illuminate\\Container\\BoundMethod.php(93): Illuminate\\Container\\Util::unwrapIfClosure(Object(Closure))
#24 B:\\Projects PHP\\Dadis Project\\dasis Eshop\\public_html\\vendor\\laravel\\framework\\src\\Illuminate\\Container\\BoundMethod.php(35): Illuminate\\Container\\BoundMethod::callBoundMethod(Object(Illuminate\\Foundation\\Application), Array, Object(Closure))
#25 B:\\Projects PHP\\Dadis Project\\dasis Eshop\\public_html\\vendor\\laravel\\framework\\src\\Illuminate\\Container\\Container.php(661): Illuminate\\Container\\BoundMethod::call(Object(Illuminate\\Foundation\\Application), Array, Array, NULL)
#26 B:\\Projects PHP\\Dadis Project\\dasis Eshop\\public_html\\vendor\\laravel\\framework\\src\\Illuminate\\Console\\Command.php(183): Illuminate\\Container\\Container->call(Array)
#27 B:\\Projects PHP\\Dadis Project\\dasis Eshop\\public_html\\vendor\\symfony\\console\\Command\\Command.php(326): Illuminate\\Console\\Command->execute(Object(Symfony\\Component\\Console\\Input\\ArgvInput), Object(Illuminate\\Console\\OutputStyle))
#28 B:\\Projects PHP\\Dadis Project\\dasis Eshop\\public_html\\vendor\\laravel\\framework\\src\\Illuminate\\Console\\Command.php(152): Symfony\\Component\\Console\\Command\\Command->run(Object(Symfony\\Component\\Console\\Input\\ArgvInput), Object(Illuminate\\Console\\OutputStyle))
#29 B:\\Projects PHP\\Dadis Project\\dasis Eshop\\public_html\\vendor\\symfony\\console\\Application.php(1083): Illuminate\\Console\\Command->run(Object(Symfony\\Component\\Console\\Input\\ArgvInput), Object(Symfony\\Component\\Console\\Output\\ConsoleOutput))
#30 B:\\Projects PHP\\Dadis Project\\dasis Eshop\\public_html\\vendor\\symfony\\console\\Application.php(324): Symfony\\Component\\Console\\Application->doRunCommand(Object(Illuminate\\Database\\Console\\Migrations\\MigrateCommand), Object(Symfony\\Component\\Console\\Input\\ArgvInput), Object(Symfony\\Component\\Console\\Output\\ConsoleOutput))
#31 B:\\Projects PHP\\Dadis Project\\dasis Eshop\\public_html\\vendor\\symfony\\console\\Application.php(175): Symfony\\Component\\Console\\Application->doRun(Object(Symfony\\Component\\Console\\Input\\ArgvInput), Object(Symfony\\Component\\Console\\Output\\ConsoleOutput))
#32 B:\\Projects PHP\\Dadis Project\\dasis Eshop\\public_html\\vendor\\laravel\\framework\\src\\Illuminate\\Console\\Application.php(102): Symfony\\Component\\Console\\Application->run(Object(Symfony\\Component\\Console\\Input\\ArgvInput), Object(Symfony\\Component\\Console\\Output\\ConsoleOutput))
#33 B:\\Projects PHP\\Dadis Project\\dasis Eshop\\public_html\\vendor\\laravel\\framework\\src\\Illuminate\\Foundation\\Console\\Kernel.php(155): Illuminate\\Console\\Application->run(Object(Symfony\\Component\\Console\\Input\\ArgvInput), Object(Symfony\\Component\\Console\\Output\\ConsoleOutput))
#34 B:\\Projects PHP\\Dadis Project\\dasis Eshop\\public_html\\artisan(35): Illuminate\\Foundation\\Console\\Kernel->handle(Object(Symfony\\Component\\Console\\Input\\ArgvInput), Object(Symfony\\Component\\Console\\Output\\ConsoleOutput))
#35 {main}
"} 
[2026-05-27 14:17:38] live.ERROR: SQLSTATE[23000]: Integrity constraint violation: 1062 Duplicate entry '0' for key 'PRIMARY' (SQL: insert into `activity_log` (`log_name`, `properties`, `causer_id`, `causer_type`, `batch_uuid`, `subject_id`, `subject_type`, `description`, `updated_at`, `created_at`) values (default, [], 8, App\User, ?, 8, App\User, login, 2026-05-27 14:17:37, 2026-05-27 14:17:37)) {"userId":8,"exception":"[object] (Illuminate\\Database\\QueryException(code: 23000): SQLSTATE[23000]: Integrity constraint violation: 1062 Duplicate entry '0' for key 'PRIMARY' (SQL: insert into `activity_log` (`log_name`, `properties`, `causer_id`, `causer_type`, `batch_uuid`, `subject_id`, `subject_type`, `description`, `updated_at`, `created_at`) values (default, [], 8, App\\User, ?, 8, App\\User, login, 2026-05-27 14:17:37, 2026-05-27 14:17:37)) at B:\\Projects PHP\\Dadis Project\\dasis Eshop\\public_html\\vendor\\laravel\\framework\\src\\Illuminate\\Database\\Connection.php:760)
[stacktrace]
#0 B:\\Projects PHP\\Dadis Project\\dasis Eshop\\public_html\\vendor\\laravel\\framework\\src\\Illuminate\\Database\\Connection.php(720): Illuminate\\Database\\Connection->runQueryCallback('insert into `ac...', Array, Object(Closure))
#1 B:\\Projects PHP\\Dadis Project\\dasis Eshop\\public_html\\vendor\\laravel\\framework\\src\\Illuminate\\Database\\Connection.php(534): Illuminate\\Database\\Connection->run('insert into `ac...', Array, Object(Closure))
#2 B:\\Projects PHP\\Dadis Project\\dasis Eshop\\public_html\\vendor\\laravel\\framework\\src\\Illuminate\\Database\\Connection.php(498): Illuminate\\Database\\Connection->statement('insert into `ac...', Array)
#3 B:\\Projects PHP\\Dadis Project\\dasis Eshop\\public_html\\vendor\\laravel\\framework\\src\\Illuminate\\Database\\Query\\Processors\\Processor.php(32): Illuminate\\Database\\Connection->insert('insert into `ac...', Array)
#4 B:\\Projects PHP\\Dadis Project\\dasis Eshop\\public_html\\vendor\\laravel\\framework\\src\\Illuminate\\Database\\Query\\Builder.php(3322): Illuminate\\Database\\Query\\Processors\\Processor->processInsertGetId(Object(Illuminate\\Database\\Query\\Builder), 'insert into `ac...', Array, 'id')
#5 B:\\Projects PHP\\Dadis Project\\dasis Eshop\\public_html\\vendor\\laravel\\framework\\src\\Illuminate\\Database\\Eloquent\\Builder.php(1869): Illuminate\\Database\\Query\\Builder->insertGetId(Array, 'id')
#6 B:\\Projects PHP\\Dadis Project\\dasis Eshop\\public_html\\vendor\\laravel\\framework\\src\\Illuminate\\Database\\Eloquent\\Model.php(1330): Illuminate\\Database\\Eloquent\\Builder->__call('insertGetId', Array)
#7 B:\\Projects PHP\\Dadis Project\\dasis Eshop\\public_html\\vendor\\laravel\\framework\\src\\Illuminate\\Database\\Eloquent\\Model.php(1295): Illuminate\\Database\\Eloquent\\Model->insertAndSetId(Object(Illuminate\\Database\\Eloquent\\Builder), Array)
#8 B:\\Projects PHP\\Dadis Project\\dasis Eshop\\public_html\\vendor\\laravel\\framework\\src\\Illuminate\\Database\\Eloquent\\Model.php(1138): Illuminate\\Database\\Eloquent\\Model->performInsert(Object(Illuminate\\Database\\Eloquent\\Builder))
#9 B:\\Projects PHP\\Dadis Project\\dasis Eshop\\public_html\\vendor\\spatie\\laravel-activitylog\\src\\ActivityLogger.php(174): Illuminate\\Database\\Eloquent\\Model->save()
#10 B:\\Projects PHP\\Dadis Project\\dasis Eshop\\public_html\\app\\Utils\\Util.php(1450): Spatie\\Activitylog\\ActivityLogger->log('login')
#11 B:\\Projects PHP\\Dadis Project\\dasis Eshop\\public_html\\app\\Http\\Controllers\\Auth\\LoginController.php(88): App\\Utils\\Util->activityLog(Object(App\\User), 'login', NULL, Array, false, 2)
#12 B:\\Projects PHP\\Dadis Project\\dasis Eshop\\public_html\\vendor\\laravel\\ui\\auth-backend\\AuthenticatesUsers.php(114): App\\Http\\Controllers\\Auth\\LoginController->authenticated(Object(Illuminate\\Http\\Request), Object(App\\User))
#13 B:\\Projects PHP\\Dadis Project\\dasis Eshop\\public_html\\vendor\\laravel\\ui\\auth-backend\\AuthenticatesUsers.php(51): App\\Http\\Controllers\\Auth\\LoginController->sendLoginResponse(Object(Illuminate\\Http\\Request))
#14 B:\\Projects PHP\\Dadis Project\\dasis Eshop\\public_html\\vendor\\laravel\\framework\\src\\Illuminate\\Routing\\Controller.php(54): App\\Http\\Controllers\\Auth\\LoginController->login(Object(Illuminate\\Http\\Request))
#15 B:\\Projects PHP\\Dadis Project\\dasis Eshop\\public_html\\vendor\\laravel\\framework\\src\\Illuminate\\Routing\\ControllerDispatcher.php(43): Illuminate\\Routing\\Controller->callAction('login', Array)
#16 B:\\Projects PHP\\Dadis Project\\dasis Eshop\\public_html\\vendor\\laravel\\framework\\src\\Illuminate\\Routing\\Route.php(259): Illuminate\\Routing\\ControllerDispatcher->dispatch(Object(Illuminate\\Routing\\Route), Object(App\\Http\\Controllers\\Auth\\LoginController), 'login')
#17 B:\\Projects PHP\\Dadis Project\\dasis Eshop\\public_html\\vendor\\laravel\\framework\\src\\Illuminate\\Routing\\Route.php(205): Illuminate\\Routing\\Route->runController()
#18 B:\\Projects PHP\\Dadis Project\\dasis Eshop\\public_html\\vendor\\laravel\\framework\\src\\Illuminate\\Routing\\Router.php(798): Illuminate\\Routing\\Route->run()
#19 B:\\Projects PHP\\Dadis Project\\dasis Eshop\\public_html\\vendor\\laravel\\framework\\src\\Illuminate\\Pipeline\\Pipeline.php(141): Illuminate\\Routing\\Router->Illuminate\\Routing\\{closure}(Object(Illuminate\\Http\\Request))
#20 B:\\Projects PHP\\Dadis Project\\dasis Eshop\\public_html\\app\\Http\\Middleware\\RedirectIfAuthenticated.php(30): Illuminate\\Pipeline\\Pipeline->Illuminate\\Pipeline\\{closure}(Object(Illuminate\\Http\\Request))
#21 B:\\Projects PHP\\Dadis Project\\dasis Eshop\\public_html\\vendor\\laravel\\framework\\src\\Illuminate\\Pipeline\\Pipeline.php(180): App\\Http\\Middleware\\RedirectIfAuthenticated->handle(Object(Illuminate\\Http\\Request), Object(Closure))
#22 B:\\Projects PHP\\Dadis Project\\dasis Eshop\\public_html\\app\\Http\\Middleware\\IsInstalled.php(26): Illuminate\\Pipeline\\Pipeline->Illuminate\\Pipeline\\{closure}(Object(Illuminate\\Http\\Request))
#23 B:\\Projects PHP\\Dadis Project\\dasis Eshop\\public_html\\vendor\\laravel\\framework\\src\\Illuminate\\Pipeline\\Pipeline.php(180): App\\Http\\Middleware\\IsInstalled->handle(Object(Illuminate\\Http\\Request), Object(Closure))
#24 B:\\Projects PHP\\Dadis Project\\dasis Eshop\\public_html\\vendor\\barryvdh\\laravel-debugbar\\src\\Middleware\\InjectDebugbar.php(59): Illuminate\\Pipeline\\Pipeline->Illuminate\\Pipeline\\{closure}(Object(Illuminate\\Http\\Request))
#25 B:\\Projects PHP\\Dadis Project\\dasis Eshop\\public_html\\vendor\\laravel\\framework\\src\\Illuminate\\Pipeline\\Pipeline.php(180): Barryvdh\\Debugbar\\Middleware\\InjectDebugbar->handle(Object(Illuminate\\Http\\Request), Object(Closure))
#26 B:\\Projects PHP\\Dadis Project\\dasis Eshop\\public_html\\vendor\\laravel\\framework\\src\\Illuminate\\Routing\\Middleware\\SubstituteBindings.php(50): Illuminate\\Pipeline\\Pipeline->Illuminate\\Pipeline\\{closure}(Object(Illuminate\\Http\\Request))
#27 B:\\Projects PHP\\Dadis Project\\dasis Eshop\\public_html\\vendor\\laravel\\framework\\src\\Illuminate\\Pipeline\\Pipeline.php(180): Illuminate\\Routing\\Middleware\\SubstituteBindings->handle(Object(Illuminate\\Http\\Request), Object(Closure))
#28 B:\\Projects PHP\\Dadis Project\\dasis Eshop\\public_html\\vendor\\laravel\\framework\\src\\Illuminate\\Foundation\\Http\\Middleware\\VerifyCsrfToken.php(78): Illuminate\\Pipeline\\Pipeline->Illuminate\\Pipeline\\{closure}(Object(Illuminate\\Http\\Request))
#29 B:\\Projects PHP\\Dadis Project\\dasis Eshop\\public_html\\vendor\\laravel\\framework\\src\\Illuminate\\Pipeline\\Pipeline.php(180): Illuminate\\Foundation\\Http\\Middleware\\VerifyCsrfToken->handle(Object(Illuminate\\Http\\Request), Object(Closure))
#30 B:\\Projects PHP\\Dadis Project\\dasis Eshop\\public_html\\vendor\\laravel\\framework\\src\\Illuminate\\View\\Middleware\\ShareErrorsFromSession.php(49): Illuminate\\Pipeline\\Pipeline->Illuminate\\Pipeline\\{closure}(Object(Illuminate\\Http\\Request))
#31 B:\\Projects PHP\\Dadis Project\\dasis Eshop\\public_html\\vendor\\laravel\\framework\\src\\Illuminate\\Pipeline\\Pipeline.php(180): Illuminate\\View\\Middleware\\ShareErrorsFromSession->handle(Object(Illuminate\\Http\\Request), Object(Closure))
#32 B:\\Projects PHP\\Dadis Project\\dasis Eshop\\public_html\\vendor\\laravel\\framework\\src\\Illuminate\\Session\\Middleware\\StartSession.php(121): Illuminate\\Pipeline\\Pipeline->Illuminate\\Pipeline\\{closure}(Object(Illuminate\\Http\\Request))
#33 B:\\Projects PHP\\Dadis Project\\dasis Eshop\\public_html\\vendor\\laravel\\framework\\src\\Illuminate\\Session\\Middleware\\StartSession.php(64): Illuminate\\Session\\Middleware\\StartSession->handleStatefulRequest(Object(Illuminate\\Http\\Request), Object(Illuminate\\Session\\Store), Object(Closure))
#34 B:\\Projects PHP\\Dadis Project\\dasis Eshop\\public_html\\vendor\\laravel\\framework\\src\\Illuminate\\Pipeline\\Pipeline.php(180): Illuminate\\Session\\Middleware\\StartSession->handle(Object(Illuminate\\Http\\Request), Object(Closure))
#35 B:\\Projects PHP\\Dadis Project\\dasis Eshop\\public_html\\vendor\\laravel\\framework\\src\\Illuminate\\Cookie\\Middleware\\AddQueuedCookiesToResponse.php(37): Illuminate\\Pipeline\\Pipeline->Illuminate\\Pipeline\\{closure}(Object(Illuminate\\Http\\Request))
#36 B:\\Projects PHP\\Dadis Project\\dasis Eshop\\public_html\\vendor\\laravel\\framework\\src\\Illuminate\\Pipeline\\Pipeline.php(180): Illuminate\\Cookie\\Middleware\\AddQueuedCookiesToResponse->handle(Object(Illuminate\\Http\\Request), Object(Closure))
#37 B:\\Projects PHP\\Dadis Project\\dasis Eshop\\public_html\\vendor\\laravel\\framework\\src\\Illuminate\\Cookie\\Middleware\\EncryptCookies.php(67): Illuminate\\Pipeline\\Pipeline->Illuminate\\Pipeline\\{closure}(Object(Illuminate\\Http\\Request))
#38 B:\\Projects PHP\\Dadis Project\\dasis Eshop\\public_html\\vendor\\laravel\\framework\\src\\Illuminate\\Pipeline\\Pipeline.php(180): Illuminate\\Cookie\\Middleware\\EncryptCookies->handle(Object(Illuminate\\Http\\Request), Object(Closure))
#39 B:\\Projects PHP\\Dadis Project\\dasis Eshop\\public_html\\vendor\\laravel\\framework\\src\\Illuminate\\Pipeline\\Pipeline.php(116): Illuminate\\Pipeline\\Pipeline->Illuminate\\Pipeline\\{closure}(Object(Illuminate\\Http\\Request))
#40 B:\\Projects PHP\\Dadis Project\\dasis Eshop\\public_html\\vendor\\laravel\\framework\\src\\Illuminate\\Routing\\Router.php(797): Illuminate\\Pipeline\\Pipeline->then(Object(Closure))
#41 B:\\Projects PHP\\Dadis Project\\dasis Eshop\\public_html\\vendor\\laravel\\framework\\src\\Illuminate\\Routing\\Router.php(776): Illuminate\\Routing\\Router->runRouteWithinStack(Object(Illuminate\\Routing\\Route), Object(Illuminate\\Http\\Request))
#42 B:\\Projects PHP\\Dadis Project\\dasis Eshop\\public_html\\vendor\\laravel\\framework\\src\\Illuminate\\Routing\\Router.php(740): Illuminate\\Routing\\Router->runRoute(Object(Illuminate\\Http\\Request), Object(Illuminate\\Routing\\Route))
#43 B:\\Projects PHP\\Dadis Project\\dasis Eshop\\public_html\\vendor\\laravel\\framework\\src\\Illuminate\\Routing\\Router.php(729): Illuminate\\Routing\\Router->dispatchToRoute(Object(Illuminate\\Http\\Request))
#44 B:\\Projects PHP\\Dadis Project\\dasis Eshop\\public_html\\vendor\\laravel\\framework\\src\\Illuminate\\Foundation\\Http\\Kernel.php(190): Illuminate\\Routing\\Router->dispatch(Object(Illuminate\\Http\\Request))
#45 B:\\Projects PHP\\Dadis Project\\dasis Eshop\\public_html\\vendor\\laravel\\framework\\src\\Illuminate\\Pipeline\\Pipeline.php(141): Illuminate\\Foundation\\Http\\Kernel->Illuminate\\Foundation\\Http\\{closure}(Object(Illuminate\\Http\\Request))
#46 B:\\Projects PHP\\Dadis Project\\dasis Eshop\\public_html\\vendor\\barryvdh\\laravel-debugbar\\src\\Middleware\\InjectDebugbar.php(59): Illuminate\\Pipeline\\Pipeline->Illuminate\\Pipeline\\{closure}(Object(Illuminate\\Http\\Request))
#47 B:\\Projects PHP\\Dadis Project\\dasis Eshop\\public_html\\vendor\\laravel\\framework\\src\\Illuminate\\Pipeline\\Pipeline.php(180): Barryvdh\\Debugbar\\Middleware\\InjectDebugbar->handle(Object(Illuminate\\Http\\Request), Object(Closure))
#48 B:\\Projects PHP\\Dadis Project\\dasis Eshop\\public_html\\vendor\\laravel\\framework\\src\\Illuminate\\Foundation\\Http\\Middleware\\TransformsRequest.php(21): Illuminate\\Pipeline\\Pipeline->Illuminate\\Pipeline\\{closure}(Object(Illuminate\\Http\\Request))
#49 B:\\Projects PHP\\Dadis Project\\dasis Eshop\\public_html\\vendor\\laravel\\framework\\src\\Illuminate\\Foundation\\Http\\Middleware\\ConvertEmptyStringsToNull.php(31): Illuminate\\Foundation\\Http\\Middleware\\TransformsRequest->handle(Object(Illuminate\\Http\\Request), Object(Closure))
#50 B:\\Projects PHP\\Dadis Project\\dasis Eshop\\public_html\\vendor\\laravel\\framework\\src\\Illuminate\\Pipeline\\Pipeline.php(180): Illuminate\\Foundation\\Http\\Middleware\\ConvertEmptyStringsToNull->handle(Object(Illuminate\\Http\\Request), Object(Closure))
#51 B:\\Projects PHP\\Dadis Project\\dasis Eshop\\public_html\\vendor\\laravel\\framework\\src\\Illuminate\\Foundation\\Http\\Middleware\\TransformsRequest.php(21): Illuminate\\Pipeline\\Pipeline->Illuminate\\Pipeline\\{closure}(Object(Illuminate\\Http\\Request))
#52 B:\\Projects PHP\\Dadis Project\\dasis Eshop\\public_html\\vendor\\laravel\\framework\\src\\Illuminate\\Foundation\\Http\\Middleware\\TrimStrings.php(40): Illuminate\\Foundation\\Http\\Middleware\\TransformsRequest->handle(Object(Illuminate\\Http\\Request), Object(Closure))
#53 B:\\Projects PHP\\Dadis Project\\dasis Eshop\\public_html\\vendor\\laravel\\framework\\src\\Illuminate\\Pipeline\\Pipeline.php(180): Illuminate\\Foundation\\Http\\Middleware\\TrimStrings->handle(Object(Illuminate\\Http\\Request), Object(Closure))
#54 B:\\Projects PHP\\Dadis Project\\dasis Eshop\\public_html\\vendor\\laravel\\framework\\src\\Illuminate\\Foundation\\Http\\Middleware\\ValidatePostSize.php(27): Illuminate\\Pipeline\\Pipeline->Illuminate\\Pipeline\\{closure}(Object(Illuminate\\Http\\Request))
#55 B:\\Projects PHP\\Dadis Project\\dasis Eshop\\public_html\\vendor\\laravel\\framework\\src\\Illuminate\\Pipeline\\Pipeline.php(180): Illuminate\\Foundation\\Http\\Middleware\\ValidatePostSize->handle(Object(Illuminate\\Http\\Request), Object(Closure))
#56 B:\\Projects PHP\\Dadis Project\\dasis Eshop\\public_html\\vendor\\laravel\\framework\\src\\Illuminate\\Foundation\\Http\\Middleware\\PreventRequestsDuringMaintenance.php(86): Illuminate\\Pipeline\\Pipeline->Illuminate\\Pipeline\\{closure}(Object(Illuminate\\Http\\Request))
#57 B:\\Projects PHP\\Dadis Project\\dasis Eshop\\public_html\\vendor\\laravel\\framework\\src\\Illuminate\\Pipeline\\Pipeline.php(180): Illuminate\\Foundation\\Http\\Middleware\\PreventRequestsDuringMaintenance->handle(Object(Illuminate\\Http\\Request), Object(Closure))
#58 B:\\Projects PHP\\Dadis Project\\dasis Eshop\\public_html\\vendor\\laravel\\framework\\src\\Illuminate\\Http\\Middleware\\HandleCors.php(49): Illuminate\\Pipeline\\Pipeline->Illuminate\\Pipeline\\{closure}(Object(Illuminate\\Http\\Request))
#59 B:\\Projects PHP\\Dadis Project\\dasis Eshop\\public_html\\vendor\\laravel\\framework\\src\\Illuminate\\Pipeline\\Pipeline.php(180): Illuminate\\Http\\Middleware\\HandleCors->handle(Object(Illuminate\\Http\\Request), Object(Closure))
#60 B:\\Projects PHP\\Dadis Project\\dasis Eshop\\public_html\\vendor\\laravel\\framework\\src\\Illuminate\\Http\\Middleware\\TrustProxies.php(39): Illuminate\\Pipeline\\Pipeline->Illuminate\\Pipeline\\{closure}(Object(Illuminate\\Http\\Request))
#61 B:\\Projects PHP\\Dadis Project\\dasis Eshop\\public_html\\vendor\\laravel\\framework\\src\\Illuminate\\Pipeline\\Pipeline.php(180): Illuminate\\Http\\Middleware\\TrustProxies->handle(Object(Illuminate\\Http\\Request), Object(Closure))
#62 B:\\Projects PHP\\Dadis Project\\dasis Eshop\\public_html\\vendor\\laravel\\framework\\src\\Illuminate\\Pipeline\\Pipeline.php(116): Illuminate\\Pipeline\\Pipeline->Illuminate\\Pipeline\\{closure}(Object(Illuminate\\Http\\Request))
#63 B:\\Projects PHP\\Dadis Project\\dasis Eshop\\public_html\\vendor\\laravel\\framework\\src\\Illuminate\\Foundation\\Http\\Kernel.php(165): Illuminate\\Pipeline\\Pipeline->then(Object(Closure))
#64 B:\\Projects PHP\\Dadis Project\\dasis Eshop\\public_html\\vendor\\laravel\\framework\\src\\Illuminate\\Foundation\\Http\\Kernel.php(134): Illuminate\\Foundation\\Http\\Kernel->sendRequestThroughRouter(Object(Illuminate\\Http\\Request))
#65 B:\\Projects PHP\\Dadis Project\\dasis Eshop\\public_html\\public\\index.php(51): Illuminate\\Foundation\\Http\\Kernel->handle(Object(Illuminate\\Http\\Request))
#66 B:\\Projects PHP\\Dadis Project\\dasis Eshop\\public_html\\vendor\\laravel\\framework\\src\\Illuminate\\Foundation\\resources\\server.php(16): require_once('B:\\\\Projects PHP...')
#67 {main}

[previous exception] [object] (PDOException(code: 23000): SQLSTATE[23000]: Integrity constraint violation: 1062 Duplicate entry '0' for key 'PRIMARY' at B:\\Projects PHP\\Dadis Project\\dasis Eshop\\public_html\\vendor\\laravel\\framework\\src\\Illuminate\\Database\\Connection.php:545)
[stacktrace]
#0 B:\\Projects PHP\\Dadis Project\\dasis Eshop\\public_html\\vendor\\laravel\\framework\\src\\Illuminate\\Database\\Connection.php(545): PDOStatement->execute()
#1 B:\\Projects PHP\\Dadis Project\\dasis Eshop\\public_html\\vendor\\laravel\\framework\\src\\Illuminate\\Database\\Connection.php(753): Illuminate\\Database\\Connection->Illuminate\\Database\\{closure}('insert into `ac...', Array)
#2 B:\\Projects PHP\\Dadis Project\\dasis Eshop\\public_html\\vendor\\laravel\\framework\\src\\Illuminate\\Database\\Connection.php(720): Illuminate\\Database\\Connection->runQueryCallback('insert into `ac...', Array, Object(Closure))
#3 B:\\Projects PHP\\Dadis Project\\dasis Eshop\\public_html\\vendor\\laravel\\framework\\src\\Illuminate\\Database\\Connection.php(534): Illuminate\\Database\\Connection->run('insert into `ac...', Array, Object(Closure))
#4 B:\\Projects PHP\\Dadis Project\\dasis Eshop\\public_html\\vendor\\laravel\\framework\\src\\Illuminate\\Database\\Connection.php(498): Illuminate\\Database\\Connection->statement('insert into `ac...', Array)
#5 B:\\Projects PHP\\Dadis Project\\dasis Eshop\\public_html\\vendor\\laravel\\framework\\src\\Illuminate\\Database\\Query\\Processors\\Processor.php(32): Illuminate\\Database\\Connection->insert('insert into `ac...', Array)
#6 B:\\Projects PHP\\Dadis Project\\dasis Eshop\\public_html\\vendor\\laravel\\framework\\src\\Illuminate\\Database\\Query\\Builder.php(3322): Illuminate\\Database\\Query\\Processors\\Processor->processInsertGetId(Object(Illuminate\\Database\\Query\\Builder), 'insert into `ac...', Array, 'id')
#7 B:\\Projects PHP\\Dadis Project\\dasis Eshop\\public_html\\vendor\\laravel\\framework\\src\\Illuminate\\Database\\Eloquent\\Builder.php(1869): Illuminate\\Database\\Query\\Builder->insertGetId(Array, 'id')
#8 B:\\Projects PHP\\Dadis Project\\dasis Eshop\\public_html\\vendor\\laravel\\framework\\src\\Illuminate\\Database\\Eloquent\\Model.php(1330): Illuminate\\Database\\Eloquent\\Builder->__call('insertGetId', Array)
#9 B:\\Projects PHP\\Dadis Project\\dasis Eshop\\public_html\\vendor\\laravel\\framework\\src\\Illuminate\\Database\\Eloquent\\Model.php(1295): Illuminate\\Database\\Eloquent\\Model->insertAndSetId(Object(Illuminate\\Database\\Eloquent\\Builder), Array)
#10 B:\\Projects PHP\\Dadis Project\\dasis Eshop\\public_html\\vendor\\laravel\\framework\\src\\Illuminate\\Database\\Eloquent\\Model.php(1138): Illuminate\\Database\\Eloquent\\Model->performInsert(Object(Illuminate\\Database\\Eloquent\\Builder))
#11 B:\\Projects PHP\\Dadis Project\\dasis Eshop\\public_html\\vendor\\spatie\\laravel-activitylog\\src\\ActivityLogger.php(174): Illuminate\\Database\\Eloquent\\Model->save()
#12 B:\\Projects PHP\\Dadis Project\\dasis Eshop\\public_html\\app\\Utils\\Util.php(1450): Spatie\\Activitylog\\ActivityLogger->log('login')
#13 B:\\Projects PHP\\Dadis Project\\dasis Eshop\\public_html\\app\\Http\\Controllers\\Auth\\LoginController.php(88): App\\Utils\\Util->activityLog(Object(App\\User), 'login', NULL, Array, false, 2)
#14 B:\\Projects PHP\\Dadis Project\\dasis Eshop\\public_html\\vendor\\laravel\\ui\\auth-backend\\AuthenticatesUsers.php(114): App\\Http\\Controllers\\Auth\\LoginController->authenticated(Object(Illuminate\\Http\\Request), Object(App\\User))
#15 B:\\Projects PHP\\Dadis Project\\dasis Eshop\\public_html\\vendor\\laravel\\ui\\auth-backend\\AuthenticatesUsers.php(51): App\\Http\\Controllers\\Auth\\LoginController->sendLoginResponse(Object(Illuminate\\Http\\Request))
#16 B:\\Projects PHP\\Dadis Project\\dasis Eshop\\public_html\\vendor\\laravel\\framework\\src\\Illuminate\\Routing\\Controller.php(54): App\\Http\\Controllers\\Auth\\LoginController->login(Object(Illuminate\\Http\\Request))
#17 B:\\Projects PHP\\Dadis Project\\dasis Eshop\\public_html\\vendor\\laravel\\framework\\src\\Illuminate\\Routing\\ControllerDispatcher.php(43): Illuminate\\Routing\\Controller->callAction('login', Array)
#18 B:\\Projects PHP\\Dadis Project\\dasis Eshop\\public_html\\vendor\\laravel\\framework\\src\\Illuminate\\Routing\\Route.php(259): Illuminate\\Routing\\ControllerDispatcher->dispatch(Object(Illuminate\\Routing\\Route), Object(App\\Http\\Controllers\\Auth\\LoginController), 'login')
#19 B:\\Projects PHP\\Dadis Project\\dasis Eshop\\public_html\\vendor\\laravel\\framework\\src\\Illuminate\\Routing\\Route.php(205): Illuminate\\Routing\\Route->runController()
#20 B:\\Projects PHP\\Dadis Project\\dasis Eshop\\public_html\\vendor\\laravel\\framework\\src\\Illuminate\\Routing\\Router.php(798): Illuminate\\Routing\\Route->run()
#21 B:\\Projects PHP\\Dadis Project\\dasis Eshop\\public_html\\vendor\\laravel\\framework\\src\\Illuminate\\Pipeline\\Pipeline.php(141): Illuminate\\Routing\\Router->Illuminate\\Routing\\{closure}(Object(Illuminate\\Http\\Request))
#22 B:\\Projects PHP\\Dadis Project\\dasis Eshop\\public_html\\app\\Http\\Middleware\\RedirectIfAuthenticated.php(30): Illuminate\\Pipeline\\Pipeline->Illuminate\\Pipeline\\{closure}(Object(Illuminate\\Http\\Request))
#23 B:\\Projects PHP\\Dadis Project\\dasis Eshop\\public_html\\vendor\\laravel\\framework\\src\\Illuminate\\Pipeline\\Pipeline.php(180): App\\Http\\Middleware\\RedirectIfAuthenticated->handle(Object(Illuminate\\Http\\Request), Object(Closure))
#24 B:\\Projects PHP\\Dadis Project\\dasis Eshop\\public_html\\app\\Http\\Middleware\\IsInstalled.php(26): Illuminate\\Pipeline\\Pipeline->Illuminate\\Pipeline\\{closure}(Object(Illuminate\\Http\\Request))
#25 B:\\Projects PHP\\Dadis Project\\dasis Eshop\\public_html\\vendor\\laravel\\framework\\src\\Illuminate\\Pipeline\\Pipeline.php(180): App\\Http\\Middleware\\IsInstalled->handle(Object(Illuminate\\Http\\Request), Object(Closure))
#26 B:\\Projects PHP\\Dadis Project\\dasis Eshop\\public_html\\vendor\\barryvdh\\laravel-debugbar\\src\\Middleware\\InjectDebugbar.php(59): Illuminate\\Pipeline\\Pipeline->Illuminate\\Pipeline\\{closure}(Object(Illuminate\\Http\\Request))
#27 B:\\Projects PHP\\Dadis Project\\dasis Eshop\\public_html\\vendor\\laravel\\framework\\src\\Illuminate\\Pipeline\\Pipeline.php(180): Barryvdh\\Debugbar\\Middleware\\InjectDebugbar->handle(Object(Illuminate\\Http\\Request), Object(Closure))
#28 B:\\Projects PHP\\Dadis Project\\dasis Eshop\\public_html\\vendor\\laravel\\framework\\src\\Illuminate\\Routing\\Middleware\\SubstituteBindings.php(50): Illuminate\\Pipeline\\Pipeline->Illuminate\\Pipeline\\{closure}(Object(Illuminate\\Http\\Request))
#29 B:\\Projects PHP\\Dadis Project\\dasis Eshop\\public_html\\vendor\\laravel\\framework\\src\\Illuminate\\Pipeline\\Pipeline.php(180): Illuminate\\Routing\\Middleware\\SubstituteBindings->handle(Object(Illuminate\\Http\\Request), Object(Closure))
#30 B:\\Projects PHP\\Dadis Project\\dasis Eshop\\public_html\\vendor\\laravel\\framework\\src\\Illuminate\\Foundation\\Http\\Middleware\\VerifyCsrfToken.php(78): Illuminate\\Pipeline\\Pipeline->Illuminate\\Pipeline\\{closure}(Object(Illuminate\\Http\\Request))
#31 B:\\Projects PHP\\Dadis Project\\dasis Eshop\\public_html\\vendor\\laravel\\framework\\src\\Illuminate\\Pipeline\\Pipeline.php(180): Illuminate\\Foundation\\Http\\Middleware\\VerifyCsrfToken->handle(Object(Illuminate\\Http\\Request), Object(Closure))
#32 B:\\Projects PHP\\Dadis Project\\dasis Eshop\\public_html\\vendor\\laravel\\framework\\src\\Illuminate\\View\\Middleware\\ShareErrorsFromSession.php(49): Illuminate\\Pipeline\\Pipeline->Illuminate\\Pipeline\\{closure}(Object(Illuminate\\Http\\Request))
#33 B:\\Projects PHP\\Dadis Project\\dasis Eshop\\public_html\\vendor\\laravel\\framework\\src\\Illuminate\\Pipeline\\Pipeline.php(180): Illuminate\\View\\Middleware\\ShareErrorsFromSession->handle(Object(Illuminate\\Http\\Request), Object(Closure))
#34 B:\\Projects PHP\\Dadis Project\\dasis Eshop\\public_html\\vendor\\laravel\\framework\\src\\Illuminate\\Session\\Middleware\\StartSession.php(121): Illuminate\\Pipeline\\Pipeline->Illuminate\\Pipeline\\{closure}(Object(Illuminate\\Http\\Request))
#35 B:\\Projects PHP\\Dadis Project\\dasis Eshop\\public_html\\vendor\\laravel\\framework\\src\\Illuminate\\Session\\Middleware\\StartSession.php(64): Illuminate\\Session\\Middleware\\StartSession->handleStatefulRequest(Object(Illuminate\\Http\\Request), Object(Illuminate\\Session\\Store), Object(Closure))
#36 B:\\Projects PHP\\Dadis Project\\dasis Eshop\\public_html\\vendor\\laravel\\framework\\src\\Illuminate\\Pipeline\\Pipeline.php(180): Illuminate\\Session\\Middleware\\StartSession->handle(Object(Illuminate\\Http\\Request), Object(Closure))
#37 B:\\Projects PHP\\Dadis Project\\dasis Eshop\\public_html\\vendor\\laravel\\framework\\src\\Illuminate\\Cookie\\Middleware\\AddQueuedCookiesToResponse.php(37): Illuminate\\Pipeline\\Pipeline->Illuminate\\Pipeline\\{closure}(Object(Illuminate\\Http\\Request))
#38 B:\\Projects PHP\\Dadis Project\\dasis Eshop\\public_html\\vendor\\laravel\\framework\\src\\Illuminate\\Pipeline\\Pipeline.php(180): Illuminate\\Cookie\\Middleware\\AddQueuedCookiesToResponse->handle(Object(Illuminate\\Http\\Request), Object(Closure))
#39 B:\\Projects PHP\\Dadis Project\\dasis Eshop\\public_html\\vendor\\laravel\\framework\\src\\Illuminate\\Cookie\\Middleware\\EncryptCookies.php(67): Illuminate\\Pipeline\\Pipeline->Illuminate\\Pipeline\\{closure}(Object(Illuminate\\Http\\Request))
#40 B:\\Projects PHP\\Dadis Project\\dasis Eshop\\public_html\\vendor\\laravel\\framework\\src\\Illuminate\\Pipeline\\Pipeline.php(180): Illuminate\\Cookie\\Middleware\\EncryptCookies->handle(Object(Illuminate\\Http\\Request), Object(Closure))
#41 B:\\Projects PHP\\Dadis Project\\dasis Eshop\\public_html\\vendor\\laravel\\framework\\src\\Illuminate\\Pipeline\\Pipeline.php(116): Illuminate\\Pipeline\\Pipeline->Illuminate\\Pipeline\\{closure}(Object(Illuminate\\Http\\Request))
#42 B:\\Projects PHP\\Dadis Project\\dasis Eshop\\public_html\\vendor\\laravel\\framework\\src\\Illuminate\\Routing\\Router.php(797): Illuminate\\Pipeline\\Pipeline->then(Object(Closure))
#43 B:\\Projects PHP\\Dadis Project\\dasis Eshop\\public_html\\vendor\\laravel\\framework\\src\\Illuminate\\Routing\\Router.php(776): Illuminate\\Routing\\Router->runRouteWithinStack(Object(Illuminate\\Routing\\Route), Object(Illuminate\\Http\\Request))
#44 B:\\Projects PHP\\Dadis Project\\dasis Eshop\\public_html\\vendor\\laravel\\framework\\src\\Illuminate\\Routing\\Router.php(740): Illuminate\\Routing\\Router->runRoute(Object(Illuminate\\Http\\Request), Object(Illuminate\\Routing\\Route))
#45 B:\\Projects PHP\\Dadis Project\\dasis Eshop\\public_html\\vendor\\laravel\\framework\\src\\Illuminate\\Routing\\Router.php(729): Illuminate\\Routing\\Router->dispatchToRoute(Object(Illuminate\\Http\\Request))
#46 B:\\Projects PHP\\Dadis Project\\dasis Eshop\\public_html\\vendor\\laravel\\framework\\src\\Illuminate\\Foundation\\Http\\Kernel.php(190): Illuminate\\Routing\\Router->dispatch(Object(Illuminate\\Http\\Request))
#47 B:\\Projects PHP\\Dadis Project\\dasis Eshop\\public_html\\vendor\\laravel\\framework\\src\\Illuminate\\Pipeline\\Pipeline.php(141): Illuminate\\Foundation\\Http\\Kernel->Illuminate\\Foundation\\Http\\{closure}(Object(Illuminate\\Http\\Request))
#48 B:\\Projects PHP\\Dadis Project\\dasis Eshop\\public_html\\vendor\\barryvdh\\laravel-debugbar\\src\\Middleware\\InjectDebugbar.php(59): Illuminate\\Pipeline\\Pipeline->Illuminate\\Pipeline\\{closure}(Object(Illuminate\\Http\\Request))
#49 B:\\Projects PHP\\Dadis Project\\dasis Eshop\\public_html\\vendor\\laravel\\framework\\src\\Illuminate\\Pipeline\\Pipeline.php(180): Barryvdh\\Debugbar\\Middleware\\InjectDebugbar->handle(Object(Illuminate\\Http\\Request), Object(Closure))
#50 B:\\Projects PHP\\Dadis Project\\dasis Eshop\\public_html\\vendor\\laravel\\framework\\src\\Illuminate\\Foundation\\Http\\Middleware\\TransformsRequest.php(21): Illuminate\\Pipeline\\Pipeline->Illuminate\\Pipeline\\{closure}(Object(Illuminate\\Http\\Request))
#51 B:\\Projects PHP\\Dadis Project\\dasis Eshop\\public_html\\vendor\\laravel\\framework\\src\\Illuminate\\Foundation\\Http\\Middleware\\ConvertEmptyStringsToNull.php(31): Illuminate\\Foundation\\Http\\Middleware\\TransformsRequest->handle(Object(Illuminate\\Http\\Request), Object(Closure))
#52 B:\\Projects PHP\\Dadis Project\\dasis Eshop\\public_html\\vendor\\laravel\\framework\\src\\Illuminate\\Pipeline\\Pipeline.php(180): Illuminate\\Foundation\\Http\\Middleware\\ConvertEmptyStringsToNull->handle(Object(Illuminate\\Http\\Request), Object(Closure))
#53 B:\\Projects PHP\\Dadis Project\\dasis Eshop\\public_html\\vendor\\laravel\\framework\\src\\Illuminate\\Foundation\\Http\\Middleware\\TransformsRequest.php(21): Illuminate\\Pipeline\\Pipeline->Illuminate\\Pipeline\\{closure}(Object(Illuminate\\Http\\Request))
#54 B:\\Projects PHP\\Dadis Project\\dasis Eshop\\public_html\\vendor\\laravel\\framework\\src\\Illuminate\\Foundation\\Http\\Middleware\\TrimStrings.php(40): Illuminate\\Foundation\\Http\\Middleware\\TransformsRequest->handle(Object(Illuminate\\Http\\Request), Object(Closure))
#55 B:\\Projects PHP\\Dadis Project\\dasis Eshop\\public_html\\vendor\\laravel\\framework\\src\\Illuminate\\Pipeline\\Pipeline.php(180): Illuminate\\Foundation\\Http\\Middleware\\TrimStrings->handle(Object(Illuminate\\Http\\Request), Object(Closure))
#56 B:\\Projects PHP\\Dadis Project\\dasis Eshop\\public_html\\vendor\\laravel\\framework\\src\\Illuminate\\Foundation\\Http\\Middleware\\ValidatePostSize.php(27): Illuminate\\Pipeline\\Pipeline->Illuminate\\Pipeline\\{closure}(Object(Illuminate\\Http\\Request))
#57 B:\\Projects PHP\\Dadis Project\\dasis Eshop\\public_html\\vendor\\laravel\\framework\\src\\Illuminate\\Pipeline\\Pipeline.php(180): Illuminate\\Foundation\\Http\\Middleware\\ValidatePostSize->handle(Object(Illuminate\\Http\\Request), Object(Closure))
#58 B:\\Projects PHP\\Dadis Project\\dasis Eshop\\public_html\\vendor\\laravel\\framework\\src\\Illuminate\\Foundation\\Http\\Middleware\\PreventRequestsDuringMaintenance.php(86): Illuminate\\Pipeline\\Pipeline->Illuminate\\Pipeline\\{closure}(Object(Illuminate\\Http\\Request))
#59 B:\\Projects PHP\\Dadis Project\\dasis Eshop\\public_html\\vendor\\laravel\\framework\\src\\Illuminate\\Pipeline\\Pipeline.php(180): Illuminate\\Foundation\\Http\\Middleware\\PreventRequestsDuringMaintenance->handle(Object(Illuminate\\Http\\Request), Object(Closure))
#60 B:\\Projects PHP\\Dadis Project\\dasis Eshop\\public_html\\vendor\\laravel\\framework\\src\\Illuminate\\Http\\Middleware\\HandleCors.php(49): Illuminate\\Pipeline\\Pipeline->Illuminate\\Pipeline\\{closure}(Object(Illuminate\\Http\\Request))
#61 B:\\Projects PHP\\Dadis Project\\dasis Eshop\\public_html\\vendor\\laravel\\framework\\src\\Illuminate\\Pipeline\\Pipeline.php(180): Illuminate\\Http\\Middleware\\HandleCors->handle(Object(Illuminate\\Http\\Request), Object(Closure))
#62 B:\\Projects PHP\\Dadis Project\\dasis Eshop\\public_html\\vendor\\laravel\\framework\\src\\Illuminate\\Http\\Middleware\\TrustProxies.php(39): Illuminate\\Pipeline\\Pipeline->Illuminate\\Pipeline\\{closure}(Object(Illuminate\\Http\\Request))
#63 B:\\Projects PHP\\Dadis Project\\dasis Eshop\\public_html\\vendor\\laravel\\framework\\src\\Illuminate\\Pipeline\\Pipeline.php(180): Illuminate\\Http\\Middleware\\TrustProxies->handle(Object(Illuminate\\Http\\Request), Object(Closure))
#64 B:\\Projects PHP\\Dadis Project\\dasis Eshop\\public_html\\vendor\\laravel\\framework\\src\\Illuminate\\Pipeline\\Pipeline.php(116): Illuminate\\Pipeline\\Pipeline->Illuminate\\Pipeline\\{closure}(Object(Illuminate\\Http\\Request))
#65 B:\\Projects PHP\\Dadis Project\\dasis Eshop\\public_html\\vendor\\laravel\\framework\\src\\Illuminate\\Foundation\\Http\\Kernel.php(165): Illuminate\\Pipeline\\Pipeline->then(Object(Closure))
#66 B:\\Projects PHP\\Dadis Project\\dasis Eshop\\public_html\\vendor\\laravel\\framework\\src\\Illuminate\\Foundation\\Http\\Kernel.php(134): Illuminate\\Foundation\\Http\\Kernel->sendRequestThroughRouter(Object(Illuminate\\Http\\Request))
#67 B:\\Projects PHP\\Dadis Project\\dasis Eshop\\public_html\\public\\index.php(51): Illuminate\\Foundation\\Http\\Kernel->handle(Object(Illuminate\\Http\\Request))
#68 B:\\Projects PHP\\Dadis Project\\dasis Eshop\\public_html\\vendor\\laravel\\framework\\src\\Illuminate\\Foundation\\resources\\server.php(16): require_once('B:\\\\Projects PHP...')
#69 {main}
"} 
[2026-05-27 14:42:24] live.ERROR: SQLSTATE[42S01]: Base table or view already exists: 1050 Table 'otp' already exists (SQL: create table `otp` (`id` bigint unsigned not null auto_increment primary key, `phone` varchar(20) not null, `otp` varchar(10) not null, `created_at` timestamp null, `updated_at` timestamp null) default character set utf8mb4 collate 'utf8mb4_unicode_ci') {"exception":"[object] (Illuminate\\Database\\QueryException(code: 42S01): SQLSTATE[42S01]: Base table or view already exists: 1050 Table 'otp' already exists (SQL: create table `otp` (`id` bigint unsigned not null auto_increment primary key, `phone` varchar(20) not null, `otp` varchar(10) not null, `created_at` timestamp null, `updated_at` timestamp null) default character set utf8mb4 collate 'utf8mb4_unicode_ci') at B:\\Projects PHP\\Dadis Project\\dasis Eshop\\public_html\\vendor\\laravel\\framework\\src\\Illuminate\\Database\\Connection.php:760)
[stacktrace]
#0 B:\\Projects PHP\\Dadis Project\\dasis Eshop\\public_html\\vendor\\laravel\\framework\\src\\Illuminate\\Database\\Connection.php(720): Illuminate\\Database\\Connection->runQueryCallback('create table `o...', Array, Object(Closure))
#1 B:\\Projects PHP\\Dadis Project\\dasis Eshop\\public_html\\vendor\\laravel\\framework\\src\\Illuminate\\Database\\Connection.php(534): Illuminate\\Database\\Connection->run('create table `o...', Array, Object(Closure))
#2 B:\\Projects PHP\\Dadis Project\\dasis Eshop\\public_html\\vendor\\laravel\\framework\\src\\Illuminate\\Database\\Schema\\Blueprint.php(109): Illuminate\\Database\\Connection->statement('create table `o...')
#3 B:\\Projects PHP\\Dadis Project\\dasis Eshop\\public_html\\vendor\\laravel\\framework\\src\\Illuminate\\Database\\Schema\\Builder.php(439): Illuminate\\Database\\Schema\\Blueprint->build(Object(Illuminate\\Database\\MySqlConnection), Object(Illuminate\\Database\\Schema\\Grammars\\MySqlGrammar))
#4 B:\\Projects PHP\\Dadis Project\\dasis Eshop\\public_html\\vendor\\laravel\\framework\\src\\Illuminate\\Database\\Schema\\Builder.php(281): Illuminate\\Database\\Schema\\Builder->build(Object(Illuminate\\Database\\Schema\\Blueprint))
#5 B:\\Projects PHP\\Dadis Project\\dasis Eshop\\public_html\\vendor\\laravel\\framework\\src\\Illuminate\\Support\\Facades\\Facade.php(338): Illuminate\\Database\\Schema\\Builder->create('otp', Object(Closure))
#6 B:\\Projects PHP\\Dadis Project\\dasis Eshop\\public_html\\database\\migrations\\2026_02_01_022404_create_otp_table.php(16): Illuminate\\Support\\Facades\\Facade::__callStatic('create', Array)
#7 B:\\Projects PHP\\Dadis Project\\dasis Eshop\\public_html\\vendor\\laravel\\framework\\src\\Illuminate\\Database\\Migrations\\Migrator.php(496): Illuminate\\Database\\Migrations\\Migration@anonymous->up()
#8 B:\\Projects PHP\\Dadis Project\\dasis Eshop\\public_html\\vendor\\laravel\\framework\\src\\Illuminate\\Database\\Migrations\\Migrator.php(414): Illuminate\\Database\\Migrations\\Migrator->runMethod(Object(Illuminate\\Database\\MySqlConnection), Object(Illuminate\\Database\\Migrations\\Migration@anonymous), 'up')
#9 B:\\Projects PHP\\Dadis Project\\dasis Eshop\\public_html\\vendor\\laravel\\framework\\src\\Illuminate\\Database\\Migrations\\Migrator.php(423): Illuminate\\Database\\Migrations\\Migrator->Illuminate\\Database\\Migrations\\{closure}()
#10 B:\\Projects PHP\\Dadis Project\\dasis Eshop\\public_html\\vendor\\laravel\\framework\\src\\Illuminate\\Database\\Migrations\\Migrator.php(224): Illuminate\\Database\\Migrations\\Migrator->runMigration(Object(Illuminate\\Database\\Migrations\\Migration@anonymous), 'up')
#11 B:\\Projects PHP\\Dadis Project\\dasis Eshop\\public_html\\vendor\\laravel\\framework\\src\\Illuminate\\Console\\View\\Components\\Task.php(37): Illuminate\\Database\\Migrations\\Migrator->Illuminate\\Database\\Migrations\\{closure}()
#12 B:\\Projects PHP\\Dadis Project\\dasis Eshop\\public_html\\vendor\\laravel\\framework\\src\\Illuminate\\Database\\Migrations\\Migrator.php(778): Illuminate\\Console\\View\\Components\\Task->render('2026_02_01_0224...', Object(Closure))
#13 B:\\Projects PHP\\Dadis Project\\dasis Eshop\\public_html\\vendor\\laravel\\framework\\src\\Illuminate\\Database\\Migrations\\Migrator.php(224): Illuminate\\Database\\Migrations\\Migrator->write('Illuminate\\\\Cons...', '2026_02_01_0224...', Object(Closure))
#14 B:\\Projects PHP\\Dadis Project\\dasis Eshop\\public_html\\vendor\\laravel\\framework\\src\\Illuminate\\Database\\Migrations\\Migrator.php(189): Illuminate\\Database\\Migrations\\Migrator->runUp('B:\\\\Projects PHP...', 10, false)
#15 B:\\Projects PHP\\Dadis Project\\dasis Eshop\\public_html\\vendor\\laravel\\framework\\src\\Illuminate\\Database\\Migrations\\Migrator.php(132): Illuminate\\Database\\Migrations\\Migrator->runPending(Array, Array)
#16 B:\\Projects PHP\\Dadis Project\\dasis Eshop\\public_html\\vendor\\laravel\\framework\\src\\Illuminate\\Database\\Console\\Migrations\\MigrateCommand.php(88): Illuminate\\Database\\Migrations\\Migrator->run(Array, Array)
#17 B:\\Projects PHP\\Dadis Project\\dasis Eshop\\public_html\\vendor\\laravel\\framework\\src\\Illuminate\\Database\\Migrations\\Migrator.php(636): Illuminate\\Database\\Console\\Migrations\\MigrateCommand->Illuminate\\Database\\Console\\Migrations\\{closure}()
#18 B:\\Projects PHP\\Dadis Project\\dasis Eshop\\public_html\\vendor\\laravel\\framework\\src\\Illuminate\\Database\\Console\\Migrations\\MigrateCommand.php(81): Illuminate\\Database\\Migrations\\Migrator->usingConnection(NULL, Object(Closure))
#19 B:\\Projects PHP\\Dadis Project\\dasis Eshop\\public_html\\vendor\\laravel\\framework\\src\\Illuminate\\Container\\BoundMethod.php(36): Illuminate\\Database\\Console\\Migrations\\MigrateCommand->handle()
#20 B:\\Projects PHP\\Dadis Project\\dasis Eshop\\public_html\\vendor\\laravel\\framework\\src\\Illuminate\\Container\\Util.php(41): Illuminate\\Container\\BoundMethod::Illuminate\\Container\\{closure}()
#21 B:\\Projects PHP\\Dadis Project\\dasis Eshop\\public_html\\vendor\\laravel\\framework\\src\\Illuminate\\Container\\BoundMethod.php(93): Illuminate\\Container\\Util::unwrapIfClosure(Object(Closure))
#22 B:\\Projects PHP\\Dadis Project\\dasis Eshop\\public_html\\vendor\\laravel\\framework\\src\\Illuminate\\Container\\BoundMethod.php(35): Illuminate\\Container\\BoundMethod::callBoundMethod(Object(Illuminate\\Foundation\\Application), Array, Object(Closure))
#23 B:\\Projects PHP\\Dadis Project\\dasis Eshop\\public_html\\vendor\\laravel\\framework\\src\\Illuminate\\Container\\Container.php(661): Illuminate\\Container\\BoundMethod::call(Object(Illuminate\\Foundation\\Application), Array, Array, NULL)
#24 B:\\Projects PHP\\Dadis Project\\dasis Eshop\\public_html\\vendor\\laravel\\framework\\src\\Illuminate\\Console\\Command.php(183): Illuminate\\Container\\Container->call(Array)
#25 B:\\Projects PHP\\Dadis Project\\dasis Eshop\\public_html\\vendor\\symfony\\console\\Command\\Command.php(326): Illuminate\\Console\\Command->execute(Object(Symfony\\Component\\Console\\Input\\ArgvInput), Object(Illuminate\\Console\\OutputStyle))
#26 B:\\Projects PHP\\Dadis Project\\dasis Eshop\\public_html\\vendor\\laravel\\framework\\src\\Illuminate\\Console\\Command.php(152): Symfony\\Component\\Console\\Command\\Command->run(Object(Symfony\\Component\\Console\\Input\\ArgvInput), Object(Illuminate\\Console\\OutputStyle))
#27 B:\\Projects PHP\\Dadis Project\\dasis Eshop\\public_html\\vendor\\symfony\\console\\Application.php(1083): Illuminate\\Console\\Command->run(Object(Symfony\\Component\\Console\\Input\\ArgvInput), Object(Symfony\\Component\\Console\\Output\\ConsoleOutput))
#28 B:\\Projects PHP\\Dadis Project\\dasis Eshop\\public_html\\vendor\\symfony\\console\\Application.php(324): Symfony\\Component\\Console\\Application->doRunCommand(Object(Illuminate\\Database\\Console\\Migrations\\MigrateCommand), Object(Symfony\\Component\\Console\\Input\\ArgvInput), Object(Symfony\\Component\\Console\\Output\\ConsoleOutput))
#29 B:\\Projects PHP\\Dadis Project\\dasis Eshop\\public_html\\vendor\\symfony\\console\\Application.php(175): Symfony\\Component\\Console\\Application->doRun(Object(Symfony\\Component\\Console\\Input\\ArgvInput), Object(Symfony\\Component\\Console\\Output\\ConsoleOutput))
#30 B:\\Projects PHP\\Dadis Project\\dasis Eshop\\public_html\\vendor\\laravel\\framework\\src\\Illuminate\\Console\\Application.php(102): Symfony\\Component\\Console\\Application->run(Object(Symfony\\Component\\Console\\Input\\ArgvInput), Object(Symfony\\Component\\Console\\Output\\ConsoleOutput))
#31 B:\\Projects PHP\\Dadis Project\\dasis Eshop\\public_html\\vendor\\laravel\\framework\\src\\Illuminate\\Foundation\\Console\\Kernel.php(155): Illuminate\\Console\\Application->run(Object(Symfony\\Component\\Console\\Input\\ArgvInput), Object(Symfony\\Component\\Console\\Output\\ConsoleOutput))
#32 B:\\Projects PHP\\Dadis Project\\dasis Eshop\\public_html\\artisan(35): Illuminate\\Foundation\\Console\\Kernel->handle(Object(Symfony\\Component\\Console\\Input\\ArgvInput), Object(Symfony\\Component\\Console\\Output\\ConsoleOutput))
#33 {main}

[previous exception] [object] (PDOException(code: 42S01): SQLSTATE[42S01]: Base table or view already exists: 1050 Table 'otp' already exists at B:\\Projects PHP\\Dadis Project\\dasis Eshop\\public_html\\vendor\\laravel\\framework\\src\\Illuminate\\Database\\Connection.php:545)
[stacktrace]
#0 B:\\Projects PHP\\Dadis Project\\dasis Eshop\\public_html\\vendor\\laravel\\framework\\src\\Illuminate\\Database\\Connection.php(545): PDOStatement->execute()
#1 B:\\Projects PHP\\Dadis Project\\dasis Eshop\\public_html\\vendor\\laravel\\framework\\src\\Illuminate\\Database\\Connection.php(753): Illuminate\\Database\\Connection->Illuminate\\Database\\{closure}('create table `o...', Array)
#2 B:\\Projects PHP\\Dadis Project\\dasis Eshop\\public_html\\vendor\\laravel\\framework\\src\\Illuminate\\Database\\Connection.php(720): Illuminate\\Database\\Connection->runQueryCallback('create table `o...', Array, Object(Closure))
#3 B:\\Projects PHP\\Dadis Project\\dasis Eshop\\public_html\\vendor\\laravel\\framework\\src\\Illuminate\\Database\\Connection.php(534): Illuminate\\Database\\Connection->run('create table `o...', Array, Object(Closure))
#4 B:\\Projects PHP\\Dadis Project\\dasis Eshop\\public_html\\vendor\\laravel\\framework\\src\\Illuminate\\Database\\Schema\\Blueprint.php(109): Illuminate\\Database\\Connection->statement('create table `o...')
#5 B:\\Projects PHP\\Dadis Project\\dasis Eshop\\public_html\\vendor\\laravel\\framework\\src\\Illuminate\\Database\\Schema\\Builder.php(439): Illuminate\\Database\\Schema\\Blueprint->build(Object(Illuminate\\Database\\MySqlConnection), Object(Illuminate\\Database\\Schema\\Grammars\\MySqlGrammar))
#6 B:\\Projects PHP\\Dadis Project\\dasis Eshop\\public_html\\vendor\\laravel\\framework\\src\\Illuminate\\Database\\Schema\\Builder.php(281): Illuminate\\Database\\Schema\\Builder->build(Object(Illuminate\\Database\\Schema\\Blueprint))
#7 B:\\Projects PHP\\Dadis Project\\dasis Eshop\\public_html\\vendor\\laravel\\framework\\src\\Illuminate\\Support\\Facades\\Facade.php(338): Illuminate\\Database\\Schema\\Builder->create('otp', Object(Closure))
#8 B:\\Projects PHP\\Dadis Project\\dasis Eshop\\public_html\\database\\migrations\\2026_02_01_022404_create_otp_table.php(16): Illuminate\\Support\\Facades\\Facade::__callStatic('create', Array)
#9 B:\\Projects PHP\\Dadis Project\\dasis Eshop\\public_html\\vendor\\laravel\\framework\\src\\Illuminate\\Database\\Migrations\\Migrator.php(496): Illuminate\\Database\\Migrations\\Migration@anonymous->up()
#10 B:\\Projects PHP\\Dadis Project\\dasis Eshop\\public_html\\vendor\\laravel\\framework\\src\\Illuminate\\Database\\Migrations\\Migrator.php(414): Illuminate\\Database\\Migrations\\Migrator->runMethod(Object(Illuminate\\Database\\MySqlConnection), Object(Illuminate\\Database\\Migrations\\Migration@anonymous), 'up')
#11 B:\\Projects PHP\\Dadis Project\\dasis Eshop\\public_html\\vendor\\laravel\\framework\\src\\Illuminate\\Database\\Migrations\\Migrator.php(423): Illuminate\\Database\\Migrations\\Migrator->Illuminate\\Database\\Migrations\\{closure}()
#12 B:\\Projects PHP\\Dadis Project\\dasis Eshop\\public_html\\vendor\\laravel\\framework\\src\\Illuminate\\Database\\Migrations\\Migrator.php(224): Illuminate\\Database\\Migrations\\Migrator->runMigration(Object(Illuminate\\Database\\Migrations\\Migration@anonymous), 'up')
#13 B:\\Projects PHP\\Dadis Project\\dasis Eshop\\public_html\\vendor\\laravel\\framework\\src\\Illuminate\\Console\\View\\Components\\Task.php(37): Illuminate\\Database\\Migrations\\Migrator->Illuminate\\Database\\Migrations\\{closure}()
#14 B:\\Projects PHP\\Dadis Project\\dasis Eshop\\public_html\\vendor\\laravel\\framework\\src\\Illuminate\\Database\\Migrations\\Migrator.php(778): Illuminate\\Console\\View\\Components\\Task->render('2026_02_01_0224...', Object(Closure))
#15 B:\\Projects PHP\\Dadis Project\\dasis Eshop\\public_html\\vendor\\laravel\\framework\\src\\Illuminate\\Database\\Migrations\\Migrator.php(224): Illuminate\\Database\\Migrations\\Migrator->write('Illuminate\\\\Cons...', '2026_02_01_0224...', Object(Closure))
#16 B:\\Projects PHP\\Dadis Project\\dasis Eshop\\public_html\\vendor\\laravel\\framework\\src\\Illuminate\\Database\\Migrations\\Migrator.php(189): Illuminate\\Database\\Migrations\\Migrator->runUp('B:\\\\Projects PHP...', 10, false)
#17 B:\\Projects PHP\\Dadis Project\\dasis Eshop\\public_html\\vendor\\laravel\\framework\\src\\Illuminate\\Database\\Migrations\\Migrator.php(132): Illuminate\\Database\\Migrations\\Migrator->runPending(Array, Array)
#18 B:\\Projects PHP\\Dadis Project\\dasis Eshop\\public_html\\vendor\\laravel\\framework\\src\\Illuminate\\Database\\Console\\Migrations\\MigrateCommand.php(88): Illuminate\\Database\\Migrations\\Migrator->run(Array, Array)
#19 B:\\Projects PHP\\Dadis Project\\dasis Eshop\\public_html\\vendor\\laravel\\framework\\src\\Illuminate\\Database\\Migrations\\Migrator.php(636): Illuminate\\Database\\Console\\Migrations\\MigrateCommand->Illuminate\\Database\\Console\\Migrations\\{closure}()
#20 B:\\Projects PHP\\Dadis Project\\dasis Eshop\\public_html\\vendor\\laravel\\framework\\src\\Illuminate\\Database\\Console\\Migrations\\MigrateCommand.php(81): Illuminate\\Database\\Migrations\\Migrator->usingConnection(NULL, Object(Closure))
#21 B:\\Projects PHP\\Dadis Project\\dasis Eshop\\public_html\\vendor\\laravel\\framework\\src\\Illuminate\\Container\\BoundMethod.php(36): Illuminate\\Database\\Console\\Migrations\\MigrateCommand->handle()
#22 B:\\Projects PHP\\Dadis Project\\dasis Eshop\\public_html\\vendor\\laravel\\framework\\src\\Illuminate\\Container\\Util.php(41): Illuminate\\Container\\BoundMethod::Illuminate\\Container\\{closure}()
#23 B:\\Projects PHP\\Dadis Project\\dasis Eshop\\public_html\\vendor\\laravel\\framework\\src\\Illuminate\\Container\\BoundMethod.php(93): Illuminate\\Container\\Util::unwrapIfClosure(Object(Closure))
#24 B:\\Projects PHP\\Dadis Project\\dasis Eshop\\public_html\\vendor\\laravel\\framework\\src\\Illuminate\\Container\\BoundMethod.php(35): Illuminate\\Container\\BoundMethod::callBoundMethod(Object(Illuminate\\Foundation\\Application), Array, Object(Closure))
#25 B:\\Projects PHP\\Dadis Project\\dasis Eshop\\public_html\\vendor\\laravel\\framework\\src\\Illuminate\\Container\\Container.php(661): Illuminate\\Container\\BoundMethod::call(Object(Illuminate\\Foundation\\Application), Array, Array, NULL)
#26 B:\\Projects PHP\\Dadis Project\\dasis Eshop\\public_html\\vendor\\laravel\\framework\\src\\Illuminate\\Console\\Command.php(183): Illuminate\\Container\\Container->call(Array)
#27 B:\\Projects PHP\\Dadis Project\\dasis Eshop\\public_html\\vendor\\symfony\\console\\Command\\Command.php(326): Illuminate\\Console\\Command->execute(Object(Symfony\\Component\\Console\\Input\\ArgvInput), Object(Illuminate\\Console\\OutputStyle))
#28 B:\\Projects PHP\\Dadis Project\\dasis Eshop\\public_html\\vendor\\laravel\\framework\\src\\Illuminate\\Console\\Command.php(152): Symfony\\Component\\Console\\Command\\Command->run(Object(Symfony\\Component\\Console\\Input\\ArgvInput), Object(Illuminate\\Console\\OutputStyle))
#29 B:\\Projects PHP\\Dadis Project\\dasis Eshop\\public_html\\vendor\\symfony\\console\\Application.php(1083): Illuminate\\Console\\Command->run(Object(Symfony\\Component\\Console\\Input\\ArgvInput), Object(Symfony\\Component\\Console\\Output\\ConsoleOutput))
#30 B:\\Projects PHP\\Dadis Project\\dasis Eshop\\public_html\\vendor\\symfony\\console\\Application.php(324): Symfony\\Component\\Console\\Application->doRunCommand(Object(Illuminate\\Database\\Console\\Migrations\\MigrateCommand), Object(Symfony\\Component\\Console\\Input\\ArgvInput), Object(Symfony\\Component\\Console\\Output\\ConsoleOutput))
#31 B:\\Projects PHP\\Dadis Project\\dasis Eshop\\public_html\\vendor\\symfony\\console\\Application.php(175): Symfony\\Component\\Console\\Application->doRun(Object(Symfony\\Component\\Console\\Input\\ArgvInput), Object(Symfony\\Component\\Console\\Output\\ConsoleOutput))
#32 B:\\Projects PHP\\Dadis Project\\dasis Eshop\\public_html\\vendor\\laravel\\framework\\src\\Illuminate\\Console\\Application.php(102): Symfony\\Component\\Console\\Application->run(Object(Symfony\\Component\\Console\\Input\\ArgvInput), Object(Symfony\\Component\\Console\\Output\\ConsoleOutput))
#33 B:\\Projects PHP\\Dadis Project\\dasis Eshop\\public_html\\vendor\\laravel\\framework\\src\\Illuminate\\Foundation\\Console\\Kernel.php(155): Illuminate\\Console\\Application->run(Object(Symfony\\Component\\Console\\Input\\ArgvInput), Object(Symfony\\Component\\Console\\Output\\ConsoleOutput))
#34 B:\\Projects PHP\\Dadis Project\\dasis Eshop\\public_html\\artisan(35): Illuminate\\Foundation\\Console\\Kernel->handle(Object(Symfony\\Component\\Console\\Input\\ArgvInput), Object(Symfony\\Component\\Console\\Output\\ConsoleOutput))
#35 {main}
"} 
[2026-05-27 14:46:38] live.ERROR: SQLSTATE[23000]: Integrity constraint violation: 1062 Duplicate entry '0' for key 'PRIMARY' (SQL: insert into `migrations` (`migration`, `batch`) values (2026_05_27_144158_add_cancellation_reason_to_booking_table, 10)) {"exception":"[object] (Illuminate\\Database\\QueryException(code: 23000): SQLSTATE[23000]: Integrity constraint violation: 1062 Duplicate entry '0' for key 'PRIMARY' (SQL: insert into `migrations` (`migration`, `batch`) values (2026_05_27_144158_add_cancellation_reason_to_booking_table, 10)) at B:\\Projects PHP\\Dadis Project\\dasis Eshop\\public_html\\vendor\\laravel\\framework\\src\\Illuminate\\Database\\Connection.php:760)
[stacktrace]
#0 B:\\Projects PHP\\Dadis Project\\dasis Eshop\\public_html\\vendor\\laravel\\framework\\src\\Illuminate\\Database\\Connection.php(720): Illuminate\\Database\\Connection->runQueryCallback('insert into `mi...', Array, Object(Closure))
#1 B:\\Projects PHP\\Dadis Project\\dasis Eshop\\public_html\\vendor\\laravel\\framework\\src\\Illuminate\\Database\\Connection.php(534): Illuminate\\Database\\Connection->run('insert into `mi...', Array, Object(Closure))
#2 B:\\Projects PHP\\Dadis Project\\dasis Eshop\\public_html\\vendor\\laravel\\framework\\src\\Illuminate\\Database\\Connection.php(498): Illuminate\\Database\\Connection->statement('insert into `mi...', Array)
#3 B:\\Projects PHP\\Dadis Project\\dasis Eshop\\public_html\\vendor\\laravel\\framework\\src\\Illuminate\\Database\\Query\\Builder.php(3272): Illuminate\\Database\\Connection->insert('insert into `mi...', Array)
#4 B:\\Projects PHP\\Dadis Project\\dasis Eshop\\public_html\\vendor\\laravel\\framework\\src\\Illuminate\\Database\\Migrations\\DatabaseMigrationRepository.php(107): Illuminate\\Database\\Query\\Builder->insert(Array)
#5 B:\\Projects PHP\\Dadis Project\\dasis Eshop\\public_html\\vendor\\laravel\\framework\\src\\Illuminate\\Database\\Migrations\\Migrator.php(229): Illuminate\\Database\\Migrations\\DatabaseMigrationRepository->log('2026_05_27_1441...', 10)
#6 B:\\Projects PHP\\Dadis Project\\dasis Eshop\\public_html\\vendor\\laravel\\framework\\src\\Illuminate\\Database\\Migrations\\Migrator.php(189): Illuminate\\Database\\Migrations\\Migrator->runUp('B:\\\\Projects PHP...', 10, false)
#7 B:\\Projects PHP\\Dadis Project\\dasis Eshop\\public_html\\vendor\\laravel\\framework\\src\\Illuminate\\Database\\Migrations\\Migrator.php(132): Illuminate\\Database\\Migrations\\Migrator->runPending(Array, Array)
#8 B:\\Projects PHP\\Dadis Project\\dasis Eshop\\public_html\\vendor\\laravel\\framework\\src\\Illuminate\\Database\\Console\\Migrations\\MigrateCommand.php(88): Illuminate\\Database\\Migrations\\Migrator->run(Array, Array)
#9 B:\\Projects PHP\\Dadis Project\\dasis Eshop\\public_html\\vendor\\laravel\\framework\\src\\Illuminate\\Database\\Migrations\\Migrator.php(636): Illuminate\\Database\\Console\\Migrations\\MigrateCommand->Illuminate\\Database\\Console\\Migrations\\{closure}()
#10 B:\\Projects PHP\\Dadis Project\\dasis Eshop\\public_html\\vendor\\laravel\\framework\\src\\Illuminate\\Database\\Console\\Migrations\\MigrateCommand.php(81): Illuminate\\Database\\Migrations\\Migrator->usingConnection(NULL, Object(Closure))
#11 B:\\Projects PHP\\Dadis Project\\dasis Eshop\\public_html\\vendor\\laravel\\framework\\src\\Illuminate\\Container\\BoundMethod.php(36): Illuminate\\Database\\Console\\Migrations\\MigrateCommand->handle()
#12 B:\\Projects PHP\\Dadis Project\\dasis Eshop\\public_html\\vendor\\laravel\\framework\\src\\Illuminate\\Container\\Util.php(41): Illuminate\\Container\\BoundMethod::Illuminate\\Container\\{closure}()
#13 B:\\Projects PHP\\Dadis Project\\dasis Eshop\\public_html\\vendor\\laravel\\framework\\src\\Illuminate\\Container\\BoundMethod.php(93): Illuminate\\Container\\Util::unwrapIfClosure(Object(Closure))
#14 B:\\Projects PHP\\Dadis Project\\dasis Eshop\\public_html\\vendor\\laravel\\framework\\src\\Illuminate\\Container\\BoundMethod.php(35): Illuminate\\Container\\BoundMethod::callBoundMethod(Object(Illuminate\\Foundation\\Application), Array, Object(Closure))
#15 B:\\Projects PHP\\Dadis Project\\dasis Eshop\\public_html\\vendor\\laravel\\framework\\src\\Illuminate\\Container\\Container.php(661): Illuminate\\Container\\BoundMethod::call(Object(Illuminate\\Foundation\\Application), Array, Array, NULL)
#16 B:\\Projects PHP\\Dadis Project\\dasis Eshop\\public_html\\vendor\\laravel\\framework\\src\\Illuminate\\Console\\Command.php(183): Illuminate\\Container\\Container->call(Array)
#17 B:\\Projects PHP\\Dadis Project\\dasis Eshop\\public_html\\vendor\\symfony\\console\\Command\\Command.php(326): Illuminate\\Console\\Command->execute(Object(Symfony\\Component\\Console\\Input\\ArgvInput), Object(Illuminate\\Console\\OutputStyle))
#18 B:\\Projects PHP\\Dadis Project\\dasis Eshop\\public_html\\vendor\\laravel\\framework\\src\\Illuminate\\Console\\Command.php(152): Symfony\\Component\\Console\\Command\\Command->run(Object(Symfony\\Component\\Console\\Input\\ArgvInput), Object(Illuminate\\Console\\OutputStyle))
#19 B:\\Projects PHP\\Dadis Project\\dasis Eshop\\public_html\\vendor\\symfony\\console\\Application.php(1083): Illuminate\\Console\\Command->run(Object(Symfony\\Component\\Console\\Input\\ArgvInput), Object(Symfony\\Component\\Console\\Output\\ConsoleOutput))
#20 B:\\Projects PHP\\Dadis Project\\dasis Eshop\\public_html\\vendor\\symfony\\console\\Application.php(324): Symfony\\Component\\Console\\Application->doRunCommand(Object(Illuminate\\Database\\Console\\Migrations\\MigrateCommand), Object(Symfony\\Component\\Console\\Input\\ArgvInput), Object(Symfony\\Component\\Console\\Output\\ConsoleOutput))
#21 B:\\Projects PHP\\Dadis Project\\dasis Eshop\\public_html\\vendor\\symfony\\console\\Application.php(175): Symfony\\Component\\Console\\Application->doRun(Object(Symfony\\Component\\Console\\Input\\ArgvInput), Object(Symfony\\Component\\Console\\Output\\ConsoleOutput))
#22 B:\\Projects PHP\\Dadis Project\\dasis Eshop\\public_html\\vendor\\laravel\\framework\\src\\Illuminate\\Console\\Application.php(102): Symfony\\Component\\Console\\Application->run(Object(Symfony\\Component\\Console\\Input\\ArgvInput), Object(Symfony\\Component\\Console\\Output\\ConsoleOutput))
#23 B:\\Projects PHP\\Dadis Project\\dasis Eshop\\public_html\\vendor\\laravel\\framework\\src\\Illuminate\\Foundation\\Console\\Kernel.php(155): Illuminate\\Console\\Application->run(Object(Symfony\\Component\\Console\\Input\\ArgvInput), Object(Symfony\\Component\\Console\\Output\\ConsoleOutput))
#24 B:\\Projects PHP\\Dadis Project\\dasis Eshop\\public_html\\artisan(35): Illuminate\\Foundation\\Console\\Kernel->handle(Object(Symfony\\Component\\Console\\Input\\ArgvInput), Object(Symfony\\Component\\Console\\Output\\ConsoleOutput))
#25 {main}

[previous exception] [object] (PDOException(code: 23000): SQLSTATE[23000]: Integrity constraint violation: 1062 Duplicate entry '0' for key 'PRIMARY' at B:\\Projects PHP\\Dadis Project\\dasis Eshop\\public_html\\vendor\\laravel\\framework\\src\\Illuminate\\Database\\Connection.php:545)
[stacktrace]
#0 B:\\Projects PHP\\Dadis Project\\dasis Eshop\\public_html\\vendor\\laravel\\framework\\src\\Illuminate\\Database\\Connection.php(545): PDOStatement->execute()
#1 B:\\Projects PHP\\Dadis Project\\dasis Eshop\\public_html\\vendor\\laravel\\framework\\src\\Illuminate\\Database\\Connection.php(753): Illuminate\\Database\\Connection->Illuminate\\Database\\{closure}('insert into `mi...', Array)
#2 B:\\Projects PHP\\Dadis Project\\dasis Eshop\\public_html\\vendor\\laravel\\framework\\src\\Illuminate\\Database\\Connection.php(720): Illuminate\\Database\\Connection->runQueryCallback('insert into `mi...', Array, Object(Closure))
#3 B:\\Projects PHP\\Dadis Project\\dasis Eshop\\public_html\\vendor\\laravel\\framework\\src\\Illuminate\\Database\\Connection.php(534): Illuminate\\Database\\Connection->run('insert into `mi...', Array, Object(Closure))
#4 B:\\Projects PHP\\Dadis Project\\dasis Eshop\\public_html\\vendor\\laravel\\framework\\src\\Illuminate\\Database\\Connection.php(498): Illuminate\\Database\\Connection->statement('insert into `mi...', Array)
#5 B:\\Projects PHP\\Dadis Project\\dasis Eshop\\public_html\\vendor\\laravel\\framework\\src\\Illuminate\\Database\\Query\\Builder.php(3272): Illuminate\\Database\\Connection->insert('insert into `mi...', Array)
#6 B:\\Projects PHP\\Dadis Project\\dasis Eshop\\public_html\\vendor\\laravel\\framework\\src\\Illuminate\\Database\\Migrations\\DatabaseMigrationRepository.php(107): Illuminate\\Database\\Query\\Builder->insert(Array)
#7 B:\\Projects PHP\\Dadis Project\\dasis Eshop\\public_html\\vendor\\laravel\\framework\\src\\Illuminate\\Database\\Migrations\\Migrator.php(229): Illuminate\\Database\\Migrations\\DatabaseMigrationRepository->log('2026_05_27_1441...', 10)
#8 B:\\Projects PHP\\Dadis Project\\dasis Eshop\\public_html\\vendor\\laravel\\framework\\src\\Illuminate\\Database\\Migrations\\Migrator.php(189): Illuminate\\Database\\Migrations\\Migrator->runUp('B:\\\\Projects PHP...', 10, false)
#9 B:\\Projects PHP\\Dadis Project\\dasis Eshop\\public_html\\vendor\\laravel\\framework\\src\\Illuminate\\Database\\Migrations\\Migrator.php(132): Illuminate\\Database\\Migrations\\Migrator->runPending(Array, Array)
#10 B:\\Projects PHP\\Dadis Project\\dasis Eshop\\public_html\\vendor\\laravel\\framework\\src\\Illuminate\\Database\\Console\\Migrations\\MigrateCommand.php(88): Illuminate\\Database\\Migrations\\Migrator->run(Array, Array)
#11 B:\\Projects PHP\\Dadis Project\\dasis Eshop\\public_html\\vendor\\laravel\\framework\\src\\Illuminate\\Database\\Migrations\\Migrator.php(636): Illuminate\\Database\\Console\\Migrations\\MigrateCommand->Illuminate\\Database\\Console\\Migrations\\{closure}()
#12 B:\\Projects PHP\\Dadis Project\\dasis Eshop\\public_html\\vendor\\laravel\\framework\\src\\Illuminate\\Database\\Console\\Migrations\\MigrateCommand.php(81): Illuminate\\Database\\Migrations\\Migrator->usingConnection(NULL, Object(Closure))
#13 B:\\Projects PHP\\Dadis Project\\dasis Eshop\\public_html\\vendor\\laravel\\framework\\src\\Illuminate\\Container\\BoundMethod.php(36): Illuminate\\Database\\Console\\Migrations\\MigrateCommand->handle()
#14 B:\\Projects PHP\\Dadis Project\\dasis Eshop\\public_html\\vendor\\laravel\\framework\\src\\Illuminate\\Container\\Util.php(41): Illuminate\\Container\\BoundMethod::Illuminate\\Container\\{closure}()
#15 B:\\Projects PHP\\Dadis Project\\dasis Eshop\\public_html\\vendor\\laravel\\framework\\src\\Illuminate\\Container\\BoundMethod.php(93): Illuminate\\Container\\Util::unwrapIfClosure(Object(Closure))
#16 B:\\Projects PHP\\Dadis Project\\dasis Eshop\\public_html\\vendor\\laravel\\framework\\src\\Illuminate\\Container\\BoundMethod.php(35): Illuminate\\Container\\BoundMethod::callBoundMethod(Object(Illuminate\\Foundation\\Application), Array, Object(Closure))
#17 B:\\Projects PHP\\Dadis Project\\dasis Eshop\\public_html\\vendor\\laravel\\framework\\src\\Illuminate\\Container\\Container.php(661): Illuminate\\Container\\BoundMethod::call(Object(Illuminate\\Foundation\\Application), Array, Array, NULL)
#18 B:\\Projects PHP\\Dadis Project\\dasis Eshop\\public_html\\vendor\\laravel\\framework\\src\\Illuminate\\Console\\Command.php(183): Illuminate\\Container\\Container->call(Array)
#19 B:\\Projects PHP\\Dadis Project\\dasis Eshop\\public_html\\vendor\\symfony\\console\\Command\\Command.php(326): Illuminate\\Console\\Command->execute(Object(Symfony\\Component\\Console\\Input\\ArgvInput), Object(Illuminate\\Console\\OutputStyle))
#20 B:\\Projects PHP\\Dadis Project\\dasis Eshop\\public_html\\vendor\\laravel\\framework\\src\\Illuminate\\Console\\Command.php(152): Symfony\\Component\\Console\\Command\\Command->run(Object(Symfony\\Component\\Console\\Input\\ArgvInput), Object(Illuminate\\Console\\OutputStyle))
#21 B:\\Projects PHP\\Dadis Project\\dasis Eshop\\public_html\\vendor\\symfony\\console\\Application.php(1083): Illuminate\\Console\\Command->run(Object(Symfony\\Component\\Console\\Input\\ArgvInput), Object(Symfony\\Component\\Console\\Output\\ConsoleOutput))
#22 B:\\Projects PHP\\Dadis Project\\dasis Eshop\\public_html\\vendor\\symfony\\console\\Application.php(324): Symfony\\Component\\Console\\Application->doRunCommand(Object(Illuminate\\Database\\Console\\Migrations\\MigrateCommand), Object(Symfony\\Component\\Console\\Input\\ArgvInput), Object(Symfony\\Component\\Console\\Output\\ConsoleOutput))
#23 B:\\Projects PHP\\Dadis Project\\dasis Eshop\\public_html\\vendor\\symfony\\console\\Application.php(175): Symfony\\Component\\Console\\Application->doRun(Object(Symfony\\Component\\Console\\Input\\ArgvInput), Object(Symfony\\Component\\Console\\Output\\ConsoleOutput))
#24 B:\\Projects PHP\\Dadis Project\\dasis Eshop\\public_html\\vendor\\laravel\\framework\\src\\Illuminate\\Console\\Application.php(102): Symfony\\Component\\Console\\Application->run(Object(Symfony\\Component\\Console\\Input\\ArgvInput), Object(Symfony\\Component\\Console\\Output\\ConsoleOutput))
#25 B:\\Projects PHP\\Dadis Project\\dasis Eshop\\public_html\\vendor\\laravel\\framework\\src\\Illuminate\\Foundation\\Console\\Kernel.php(155): Illuminate\\Console\\Application->run(Object(Symfony\\Component\\Console\\Input\\ArgvInput), Object(Symfony\\Component\\Console\\Output\\ConsoleOutput))
#26 B:\\Projects PHP\\Dadis Project\\dasis Eshop\\public_html\\artisan(35): Illuminate\\Foundation\\Console\\Kernel->handle(Object(Symfony\\Component\\Console\\Input\\ArgvInput), Object(Symfony\\Component\\Console\\Output\\ConsoleOutput))
#27 {main}
"} 
[2026-05-27 18:12:22] live.ERROR: SQLSTATE[42S01]: Base table or view already exists: 1050 Table 'otp' already exists (SQL: create table `otp` (`id` bigint unsigned not null auto_increment primary key, `phone` varchar(20) not null, `otp` varchar(10) not null, `created_at` timestamp null, `updated_at` timestamp null) default character set utf8mb4 collate 'utf8mb4_unicode_ci') {"exception":"[object] (Illuminate\\Database\\QueryException(code: 42S01): SQLSTATE[42S01]: Base table or view already exists: 1050 Table 'otp' already exists (SQL: create table `otp` (`id` bigint unsigned not null auto_increment primary key, `phone` varchar(20) not null, `otp` varchar(10) not null, `created_at` timestamp null, `updated_at` timestamp null) default character set utf8mb4 collate 'utf8mb4_unicode_ci') at B:\\Projects PHP\\Dadis Project\\dasis Eshop\\public_html\\vendor\\laravel\\framework\\src\\Illuminate\\Database\\Connection.php:760)
[stacktrace]
#0 B:\\Projects PHP\\Dadis Project\\dasis Eshop\\public_html\\vendor\\laravel\\framework\\src\\Illuminate\\Database\\Connection.php(720): Illuminate\\Database\\Connection->runQueryCallback('create table `o...', Array, Object(Closure))
#1 B:\\Projects PHP\\Dadis Project\\dasis Eshop\\public_html\\vendor\\laravel\\framework\\src\\Illuminate\\Database\\Connection.php(534): Illuminate\\Database\\Connection->run('create table `o...', Array, Object(Closure))
#2 B:\\Projects PHP\\Dadis Project\\dasis Eshop\\public_html\\vendor\\laravel\\framework\\src\\Illuminate\\Database\\Schema\\Blueprint.php(109): Illuminate\\Database\\Connection->statement('create table `o...')
#3 B:\\Projects PHP\\Dadis Project\\dasis Eshop\\public_html\\vendor\\laravel\\framework\\src\\Illuminate\\Database\\Schema\\Builder.php(439): Illuminate\\Database\\Schema\\Blueprint->build(Object(Illuminate\\Database\\MySqlConnection), Object(Illuminate\\Database\\Schema\\Grammars\\MySqlGrammar))
#4 B:\\Projects PHP\\Dadis Project\\dasis Eshop\\public_html\\vendor\\laravel\\framework\\src\\Illuminate\\Database\\Schema\\Builder.php(281): Illuminate\\Database\\Schema\\Builder->build(Object(Illuminate\\Database\\Schema\\Blueprint))
#5 B:\\Projects PHP\\Dadis Project\\dasis Eshop\\public_html\\vendor\\laravel\\framework\\src\\Illuminate\\Support\\Facades\\Facade.php(338): Illuminate\\Database\\Schema\\Builder->create('otp', Object(Closure))
#6 B:\\Projects PHP\\Dadis Project\\dasis Eshop\\public_html\\database\\migrations\\2026_02_01_022404_create_otp_table.php(16): Illuminate\\Support\\Facades\\Facade::__callStatic('create', Array)
#7 B:\\Projects PHP\\Dadis Project\\dasis Eshop\\public_html\\vendor\\laravel\\framework\\src\\Illuminate\\Database\\Migrations\\Migrator.php(496): Illuminate\\Database\\Migrations\\Migration@anonymous->up()
#8 B:\\Projects PHP\\Dadis Project\\dasis Eshop\\public_html\\vendor\\laravel\\framework\\src\\Illuminate\\Database\\Migrations\\Migrator.php(414): Illuminate\\Database\\Migrations\\Migrator->runMethod(Object(Illuminate\\Database\\MySqlConnection), Object(Illuminate\\Database\\Migrations\\Migration@anonymous), 'up')
#9 B:\\Projects PHP\\Dadis Project\\dasis Eshop\\public_html\\vendor\\laravel\\framework\\src\\Illuminate\\Database\\Migrations\\Migrator.php(423): Illuminate\\Database\\Migrations\\Migrator->Illuminate\\Database\\Migrations\\{closure}()
#10 B:\\Projects PHP\\Dadis Project\\dasis Eshop\\public_html\\vendor\\laravel\\framework\\src\\Illuminate\\Database\\Migrations\\Migrator.php(224): Illuminate\\Database\\Migrations\\Migrator->runMigration(Object(Illuminate\\Database\\Migrations\\Migration@anonymous), 'up')
#11 B:\\Projects PHP\\Dadis Project\\dasis Eshop\\public_html\\vendor\\laravel\\framework\\src\\Illuminate\\Console\\View\\Components\\Task.php(37): Illuminate\\Database\\Migrations\\Migrator->Illuminate\\Database\\Migrations\\{closure}()
#12 B:\\Projects PHP\\Dadis Project\\dasis Eshop\\public_html\\vendor\\laravel\\framework\\src\\Illuminate\\Database\\Migrations\\Migrator.php(778): Illuminate\\Console\\View\\Components\\Task->render('2026_02_01_0224...', Object(Closure))
#13 B:\\Projects PHP\\Dadis Project\\dasis Eshop\\public_html\\vendor\\laravel\\framework\\src\\Illuminate\\Database\\Migrations\\Migrator.php(224): Illuminate\\Database\\Migrations\\Migrator->write('Illuminate\\\\Cons...', '2026_02_01_0224...', Object(Closure))
#14 B:\\Projects PHP\\Dadis Project\\dasis Eshop\\public_html\\vendor\\laravel\\framework\\src\\Illuminate\\Database\\Migrations\\Migrator.php(189): Illuminate\\Database\\Migrations\\Migrator->runUp('B:\\\\Projects PHP...', 10, false)
#15 B:\\Projects PHP\\Dadis Project\\dasis Eshop\\public_html\\vendor\\laravel\\framework\\src\\Illuminate\\Database\\Migrations\\Migrator.php(132): Illuminate\\Database\\Migrations\\Migrator->runPending(Array, Array)
#16 B:\\Projects PHP\\Dadis Project\\dasis Eshop\\public_html\\vendor\\laravel\\framework\\src\\Illuminate\\Database\\Console\\Migrations\\MigrateCommand.php(88): Illuminate\\Database\\Migrations\\Migrator->run(Array, Array)
#17 B:\\Projects PHP\\Dadis Project\\dasis Eshop\\public_html\\vendor\\laravel\\framework\\src\\Illuminate\\Database\\Migrations\\Migrator.php(636): Illuminate\\Database\\Console\\Migrations\\MigrateCommand->Illuminate\\Database\\Console\\Migrations\\{closure}()
#18 B:\\Projects PHP\\Dadis Project\\dasis Eshop\\public_html\\vendor\\laravel\\framework\\src\\Illuminate\\Database\\Console\\Migrations\\MigrateCommand.php(81): Illuminate\\Database\\Migrations\\Migrator->usingConnection(NULL, Object(Closure))
#19 B:\\Projects PHP\\Dadis Project\\dasis Eshop\\public_html\\vendor\\laravel\\framework\\src\\Illuminate\\Container\\BoundMethod.php(36): Illuminate\\Database\\Console\\Migrations\\MigrateCommand->handle()
#20 B:\\Projects PHP\\Dadis Project\\dasis Eshop\\public_html\\vendor\\laravel\\framework\\src\\Illuminate\\Container\\Util.php(41): Illuminate\\Container\\BoundMethod::Illuminate\\Container\\{closure}()
#21 B:\\Projects PHP\\Dadis Project\\dasis Eshop\\public_html\\vendor\\laravel\\framework\\src\\Illuminate\\Container\\BoundMethod.php(93): Illuminate\\Container\\Util::unwrapIfClosure(Object(Closure))
#22 B:\\Projects PHP\\Dadis Project\\dasis Eshop\\public_html\\vendor\\laravel\\framework\\src\\Illuminate\\Container\\BoundMethod.php(35): Illuminate\\Container\\BoundMethod::callBoundMethod(Object(Illuminate\\Foundation\\Application), Array, Object(Closure))
#23 B:\\Projects PHP\\Dadis Project\\dasis Eshop\\public_html\\vendor\\laravel\\framework\\src\\Illuminate\\Container\\Container.php(661): Illuminate\\Container\\BoundMethod::call(Object(Illuminate\\Foundation\\Application), Array, Array, NULL)
#24 B:\\Projects PHP\\Dadis Project\\dasis Eshop\\public_html\\vendor\\laravel\\framework\\src\\Illuminate\\Console\\Command.php(183): Illuminate\\Container\\Container->call(Array)
#25 B:\\Projects PHP\\Dadis Project\\dasis Eshop\\public_html\\vendor\\symfony\\console\\Command\\Command.php(326): Illuminate\\Console\\Command->execute(Object(Symfony\\Component\\Console\\Input\\ArgvInput), Object(Illuminate\\Console\\OutputStyle))
#26 B:\\Projects PHP\\Dadis Project\\dasis Eshop\\public_html\\vendor\\laravel\\framework\\src\\Illuminate\\Console\\Command.php(152): Symfony\\Component\\Console\\Command\\Command->run(Object(Symfony\\Component\\Console\\Input\\ArgvInput), Object(Illuminate\\Console\\OutputStyle))
#27 B:\\Projects PHP\\Dadis Project\\dasis Eshop\\public_html\\vendor\\symfony\\console\\Application.php(1083): Illuminate\\Console\\Command->run(Object(Symfony\\Component\\Console\\Input\\ArgvInput), Object(Symfony\\Component\\Console\\Output\\ConsoleOutput))
#28 B:\\Projects PHP\\Dadis Project\\dasis Eshop\\public_html\\vendor\\symfony\\console\\Application.php(324): Symfony\\Component\\Console\\Application->doRunCommand(Object(Illuminate\\Database\\Console\\Migrations\\MigrateCommand), Object(Symfony\\Component\\Console\\Input\\ArgvInput), Object(Symfony\\Component\\Console\\Output\\ConsoleOutput))
#29 B:\\Projects PHP\\Dadis Project\\dasis Eshop\\public_html\\vendor\\symfony\\console\\Application.php(175): Symfony\\Component\\Console\\Application->doRun(Object(Symfony\\Component\\Console\\Input\\ArgvInput), Object(Symfony\\Component\\Console\\Output\\ConsoleOutput))
#30 B:\\Projects PHP\\Dadis Project\\dasis Eshop\\public_html\\vendor\\laravel\\framework\\src\\Illuminate\\Console\\Application.php(102): Symfony\\Component\\Console\\Application->run(Object(Symfony\\Component\\Console\\Input\\ArgvInput), Object(Symfony\\Component\\Console\\Output\\ConsoleOutput))
#31 B:\\Projects PHP\\Dadis Project\\dasis Eshop\\public_html\\vendor\\laravel\\framework\\src\\Illuminate\\Foundation\\Console\\Kernel.php(155): Illuminate\\Console\\Application->run(Object(Symfony\\Component\\Console\\Input\\ArgvInput), Object(Symfony\\Component\\Console\\Output\\ConsoleOutput))
#32 B:\\Projects PHP\\Dadis Project\\dasis Eshop\\public_html\\artisan(35): Illuminate\\Foundation\\Console\\Kernel->handle(Object(Symfony\\Component\\Console\\Input\\ArgvInput), Object(Symfony\\Component\\Console\\Output\\ConsoleOutput))
#33 {main}

[previous exception] [object] (PDOException(code: 42S01): SQLSTATE[42S01]: Base table or view already exists: 1050 Table 'otp' already exists at B:\\Projects PHP\\Dadis Project\\dasis Eshop\\public_html\\vendor\\laravel\\framework\\src\\Illuminate\\Database\\Connection.php:545)
[stacktrace]
#0 B:\\Projects PHP\\Dadis Project\\dasis Eshop\\public_html\\vendor\\laravel\\framework\\src\\Illuminate\\Database\\Connection.php(545): PDOStatement->execute()
#1 B:\\Projects PHP\\Dadis Project\\dasis Eshop\\public_html\\vendor\\laravel\\framework\\src\\Illuminate\\Database\\Connection.php(753): Illuminate\\Database\\Connection->Illuminate\\Database\\{closure}('create table `o...', Array)
#2 B:\\Projects PHP\\Dadis Project\\dasis Eshop\\public_html\\vendor\\laravel\\framework\\src\\Illuminate\\Database\\Connection.php(720): Illuminate\\Database\\Connection->runQueryCallback('create table `o...', Array, Object(Closure))
#3 B:\\Projects PHP\\Dadis Project\\dasis Eshop\\public_html\\vendor\\laravel\\framework\\src\\Illuminate\\Database\\Connection.php(534): Illuminate\\Database\\Connection->run('create table `o...', Array, Object(Closure))
#4 B:\\Projects PHP\\Dadis Project\\dasis Eshop\\public_html\\vendor\\laravel\\framework\\src\\Illuminate\\Database\\Schema\\Blueprint.php(109): Illuminate\\Database\\Connection->statement('create table `o...')
#5 B:\\Projects PHP\\Dadis Project\\dasis Eshop\\public_html\\vendor\\laravel\\framework\\src\\Illuminate\\Database\\Schema\\Builder.php(439): Illuminate\\Database\\Schema\\Blueprint->build(Object(Illuminate\\Database\\MySqlConnection), Object(Illuminate\\Database\\Schema\\Grammars\\MySqlGrammar))
#6 B:\\Projects PHP\\Dadis Project\\dasis Eshop\\public_html\\vendor\\laravel\\framework\\src\\Illuminate\\Database\\Schema\\Builder.php(281): Illuminate\\Database\\Schema\\Builder->build(Object(Illuminate\\Database\\Schema\\Blueprint))
#7 B:\\Projects PHP\\Dadis Project\\dasis Eshop\\public_html\\vendor\\laravel\\framework\\src\\Illuminate\\Support\\Facades\\Facade.php(338): Illuminate\\Database\\Schema\\Builder->create('otp', Object(Closure))
#8 B:\\Projects PHP\\Dadis Project\\dasis Eshop\\public_html\\database\\migrations\\2026_02_01_022404_create_otp_table.php(16): Illuminate\\Support\\Facades\\Facade::__callStatic('create', Array)
#9 B:\\Projects PHP\\Dadis Project\\dasis Eshop\\public_html\\vendor\\laravel\\framework\\src\\Illuminate\\Database\\Migrations\\Migrator.php(496): Illuminate\\Database\\Migrations\\Migration@anonymous->up()
#10 B:\\Projects PHP\\Dadis Project\\dasis Eshop\\public_html\\vendor\\laravel\\framework\\src\\Illuminate\\Database\\Migrations\\Migrator.php(414): Illuminate\\Database\\Migrations\\Migrator->runMethod(Object(Illuminate\\Database\\MySqlConnection), Object(Illuminate\\Database\\Migrations\\Migration@anonymous), 'up')
#11 B:\\Projects PHP\\Dadis Project\\dasis Eshop\\public_html\\vendor\\laravel\\framework\\src\\Illuminate\\Database\\Migrations\\Migrator.php(423): Illuminate\\Database\\Migrations\\Migrator->Illuminate\\Database\\Migrations\\{closure}()
#12 B:\\Projects PHP\\Dadis Project\\dasis Eshop\\public_html\\vendor\\laravel\\framework\\src\\Illuminate\\Database\\Migrations\\Migrator.php(224): Illuminate\\Database\\Migrations\\Migrator->runMigration(Object(Illuminate\\Database\\Migrations\\Migration@anonymous), 'up')
#13 B:\\Projects PHP\\Dadis Project\\dasis Eshop\\public_html\\vendor\\laravel\\framework\\src\\Illuminate\\Console\\View\\Components\\Task.php(37): Illuminate\\Database\\Migrations\\Migrator->Illuminate\\Database\\Migrations\\{closure}()
#14 B:\\Projects PHP\\Dadis Project\\dasis Eshop\\public_html\\vendor\\laravel\\framework\\src\\Illuminate\\Database\\Migrations\\Migrator.php(778): Illuminate\\Console\\View\\Components\\Task->render('2026_02_01_0224...', Object(Closure))
#15 B:\\Projects PHP\\Dadis Project\\dasis Eshop\\public_html\\vendor\\laravel\\framework\\src\\Illuminate\\Database\\Migrations\\Migrator.php(224): Illuminate\\Database\\Migrations\\Migrator->write('Illuminate\\\\Cons...', '2026_02_01_0224...', Object(Closure))
#16 B:\\Projects PHP\\Dadis Project\\dasis Eshop\\public_html\\vendor\\laravel\\framework\\src\\Illuminate\\Database\\Migrations\\Migrator.php(189): Illuminate\\Database\\Migrations\\Migrator->runUp('B:\\\\Projects PHP...', 10, false)
#17 B:\\Projects PHP\\Dadis Project\\dasis Eshop\\public_html\\vendor\\laravel\\framework\\src\\Illuminate\\Database\\Migrations\\Migrator.php(132): Illuminate\\Database\\Migrations\\Migrator->runPending(Array, Array)
#18 B:\\Projects PHP\\Dadis Project\\dasis Eshop\\public_html\\vendor\\laravel\\framework\\src\\Illuminate\\Database\\Console\\Migrations\\MigrateCommand.php(88): Illuminate\\Database\\Migrations\\Migrator->run(Array, Array)
#19 B:\\Projects PHP\\Dadis Project\\dasis Eshop\\public_html\\vendor\\laravel\\framework\\src\\Illuminate\\Database\\Migrations\\Migrator.php(636): Illuminate\\Database\\Console\\Migrations\\MigrateCommand->Illuminate\\Database\\Console\\Migrations\\{closure}()
#20 B:\\Projects PHP\\Dadis Project\\dasis Eshop\\public_html\\vendor\\laravel\\framework\\src\\Illuminate\\Database\\Console\\Migrations\\MigrateCommand.php(81): Illuminate\\Database\\Migrations\\Migrator->usingConnection(NULL, Object(Closure))
#21 B:\\Projects PHP\\Dadis Project\\dasis Eshop\\public_html\\vendor\\laravel\\framework\\src\\Illuminate\\Container\\BoundMethod.php(36): Illuminate\\Database\\Console\\Migrations\\MigrateCommand->handle()
#22 B:\\Projects PHP\\Dadis Project\\dasis Eshop\\public_html\\vendor\\laravel\\framework\\src\\Illuminate\\Container\\Util.php(41): Illuminate\\Container\\BoundMethod::Illuminate\\Container\\{closure}()
#23 B:\\Projects PHP\\Dadis Project\\dasis Eshop\\public_html\\vendor\\laravel\\framework\\src\\Illuminate\\Container\\BoundMethod.php(93): Illuminate\\Container\\Util::unwrapIfClosure(Object(Closure))
#24 B:\\Projects PHP\\Dadis Project\\dasis Eshop\\public_html\\vendor\\laravel\\framework\\src\\Illuminate\\Container\\BoundMethod.php(35): Illuminate\\Container\\BoundMethod::callBoundMethod(Object(Illuminate\\Foundation\\Application), Array, Object(Closure))
#25 B:\\Projects PHP\\Dadis Project\\dasis Eshop\\public_html\\vendor\\laravel\\framework\\src\\Illuminate\\Container\\Container.php(661): Illuminate\\Container\\BoundMethod::call(Object(Illuminate\\Foundation\\Application), Array, Array, NULL)
#26 B:\\Projects PHP\\Dadis Project\\dasis Eshop\\public_html\\vendor\\laravel\\framework\\src\\Illuminate\\Console\\Command.php(183): Illuminate\\Container\\Container->call(Array)
#27 B:\\Projects PHP\\Dadis Project\\dasis Eshop\\public_html\\vendor\\symfony\\console\\Command\\Command.php(326): Illuminate\\Console\\Command->execute(Object(Symfony\\Component\\Console\\Input\\ArgvInput), Object(Illuminate\\Console\\OutputStyle))
#28 B:\\Projects PHP\\Dadis Project\\dasis Eshop\\public_html\\vendor\\laravel\\framework\\src\\Illuminate\\Console\\Command.php(152): Symfony\\Component\\Console\\Command\\Command->run(Object(Symfony\\Component\\Console\\Input\\ArgvInput), Object(Illuminate\\Console\\OutputStyle))
#29 B:\\Projects PHP\\Dadis Project\\dasis Eshop\\public_html\\vendor\\symfony\\console\\Application.php(1083): Illuminate\\Console\\Command->run(Object(Symfony\\Component\\Console\\Input\\ArgvInput), Object(Symfony\\Component\\Console\\Output\\ConsoleOutput))
#30 B:\\Projects PHP\\Dadis Project\\dasis Eshop\\public_html\\vendor\\symfony\\console\\Application.php(324): Symfony\\Component\\Console\\Application->doRunCommand(Object(Illuminate\\Database\\Console\\Migrations\\MigrateCommand), Object(Symfony\\Component\\Console\\Input\\ArgvInput), Object(Symfony\\Component\\Console\\Output\\ConsoleOutput))
#31 B:\\Projects PHP\\Dadis Project\\dasis Eshop\\public_html\\vendor\\symfony\\console\\Application.php(175): Symfony\\Component\\Console\\Application->doRun(Object(Symfony\\Component\\Console\\Input\\ArgvInput), Object(Symfony\\Component\\Console\\Output\\ConsoleOutput))
#32 B:\\Projects PHP\\Dadis Project\\dasis Eshop\\public_html\\vendor\\laravel\\framework\\src\\Illuminate\\Console\\Application.php(102): Symfony\\Component\\Console\\Application->run(Object(Symfony\\Component\\Console\\Input\\ArgvInput), Object(Symfony\\Component\\Console\\Output\\ConsoleOutput))
#33 B:\\Projects PHP\\Dadis Project\\dasis Eshop\\public_html\\vendor\\laravel\\framework\\src\\Illuminate\\Foundation\\Console\\Kernel.php(155): Illuminate\\Console\\Application->run(Object(Symfony\\Component\\Console\\Input\\ArgvInput), Object(Symfony\\Component\\Console\\Output\\ConsoleOutput))
#34 B:\\Projects PHP\\Dadis Project\\dasis Eshop\\public_html\\artisan(35): Illuminate\\Foundation\\Console\\Kernel->handle(Object(Symfony\\Component\\Console\\Input\\ArgvInput), Object(Symfony\\Component\\Console\\Output\\ConsoleOutput))
#35 {main}
"} 
[2026-05-27 18:12:43] live.ERROR: SQLSTATE[23000]: Integrity constraint violation: 1062 Duplicate entry '0' for key 'PRIMARY' (SQL: insert into `migrations` (`migration`, `batch`) values (2026_05_27_181500_add_unsatisfied_reason_to_orders_and_booking_tables, 10)) {"exception":"[object] (Illuminate\\Database\\QueryException(code: 23000): SQLSTATE[23000]: Integrity constraint violation: 1062 Duplicate entry '0' for key 'PRIMARY' (SQL: insert into `migrations` (`migration`, `batch`) values (2026_05_27_181500_add_unsatisfied_reason_to_orders_and_booking_tables, 10)) at B:\\Projects PHP\\Dadis Project\\dasis Eshop\\public_html\\vendor\\laravel\\framework\\src\\Illuminate\\Database\\Connection.php:760)
[stacktrace]
#0 B:\\Projects PHP\\Dadis Project\\dasis Eshop\\public_html\\vendor\\laravel\\framework\\src\\Illuminate\\Database\\Connection.php(720): Illuminate\\Database\\Connection->runQueryCallback('insert into `mi...', Array, Object(Closure))
#1 B:\\Projects PHP\\Dadis Project\\dasis Eshop\\public_html\\vendor\\laravel\\framework\\src\\Illuminate\\Database\\Connection.php(534): Illuminate\\Database\\Connection->run('insert into `mi...', Array, Object(Closure))
#2 B:\\Projects PHP\\Dadis Project\\dasis Eshop\\public_html\\vendor\\laravel\\framework\\src\\Illuminate\\Database\\Connection.php(498): Illuminate\\Database\\Connection->statement('insert into `mi...', Array)
#3 B:\\Projects PHP\\Dadis Project\\dasis Eshop\\public_html\\vendor\\laravel\\framework\\src\\Illuminate\\Database\\Query\\Builder.php(3272): Illuminate\\Database\\Connection->insert('insert into `mi...', Array)
#4 B:\\Projects PHP\\Dadis Project\\dasis Eshop\\public_html\\vendor\\laravel\\framework\\src\\Illuminate\\Database\\Migrations\\DatabaseMigrationRepository.php(107): Illuminate\\Database\\Query\\Builder->insert(Array)
#5 B:\\Projects PHP\\Dadis Project\\dasis Eshop\\public_html\\vendor\\laravel\\framework\\src\\Illuminate\\Database\\Migrations\\Migrator.php(229): Illuminate\\Database\\Migrations\\DatabaseMigrationRepository->log('2026_05_27_1815...', 10)
#6 B:\\Projects PHP\\Dadis Project\\dasis Eshop\\public_html\\vendor\\laravel\\framework\\src\\Illuminate\\Database\\Migrations\\Migrator.php(189): Illuminate\\Database\\Migrations\\Migrator->runUp('B:\\\\Projects PHP...', 10, false)
#7 B:\\Projects PHP\\Dadis Project\\dasis Eshop\\public_html\\vendor\\laravel\\framework\\src\\Illuminate\\Database\\Migrations\\Migrator.php(132): Illuminate\\Database\\Migrations\\Migrator->runPending(Array, Array)
#8 B:\\Projects PHP\\Dadis Project\\dasis Eshop\\public_html\\vendor\\laravel\\framework\\src\\Illuminate\\Database\\Console\\Migrations\\MigrateCommand.php(88): Illuminate\\Database\\Migrations\\Migrator->run(Array, Array)
#9 B:\\Projects PHP\\Dadis Project\\dasis Eshop\\public_html\\vendor\\laravel\\framework\\src\\Illuminate\\Database\\Migrations\\Migrator.php(636): Illuminate\\Database\\Console\\Migrations\\MigrateCommand->Illuminate\\Database\\Console\\Migrations\\{closure}()
#10 B:\\Projects PHP\\Dadis Project\\dasis Eshop\\public_html\\vendor\\laravel\\framework\\src\\Illuminate\\Database\\Console\\Migrations\\MigrateCommand.php(81): Illuminate\\Database\\Migrations\\Migrator->usingConnection(NULL, Object(Closure))
#11 B:\\Projects PHP\\Dadis Project\\dasis Eshop\\public_html\\vendor\\laravel\\framework\\src\\Illuminate\\Container\\BoundMethod.php(36): Illuminate\\Database\\Console\\Migrations\\MigrateCommand->handle()
#12 B:\\Projects PHP\\Dadis Project\\dasis Eshop\\public_html\\vendor\\laravel\\framework\\src\\Illuminate\\Container\\Util.php(41): Illuminate\\Container\\BoundMethod::Illuminate\\Container\\{closure}()
#13 B:\\Projects PHP\\Dadis Project\\dasis Eshop\\public_html\\vendor\\laravel\\framework\\src\\Illuminate\\Container\\BoundMethod.php(93): Illuminate\\Container\\Util::unwrapIfClosure(Object(Closure))
#14 B:\\Projects PHP\\Dadis Project\\dasis Eshop\\public_html\\vendor\\laravel\\framework\\src\\Illuminate\\Container\\BoundMethod.php(35): Illuminate\\Container\\BoundMethod::callBoundMethod(Object(Illuminate\\Foundation\\Application), Array, Object(Closure))
#15 B:\\Projects PHP\\Dadis Project\\dasis Eshop\\public_html\\vendor\\laravel\\framework\\src\\Illuminate\\Container\\Container.php(661): Illuminate\\Container\\BoundMethod::call(Object(Illuminate\\Foundation\\Application), Array, Array, NULL)
#16 B:\\Projects PHP\\Dadis Project\\dasis Eshop\\public_html\\vendor\\laravel\\framework\\src\\Illuminate\\Console\\Command.php(183): Illuminate\\Container\\Container->call(Array)
#17 B:\\Projects PHP\\Dadis Project\\dasis Eshop\\public_html\\vendor\\symfony\\console\\Command\\Command.php(326): Illuminate\\Console\\Command->execute(Object(Symfony\\Component\\Console\\Input\\ArgvInput), Object(Illuminate\\Console\\OutputStyle))
#18 B:\\Projects PHP\\Dadis Project\\dasis Eshop\\public_html\\vendor\\laravel\\framework\\src\\Illuminate\\Console\\Command.php(152): Symfony\\Component\\Console\\Command\\Command->run(Object(Symfony\\Component\\Console\\Input\\ArgvInput), Object(Illuminate\\Console\\OutputStyle))
#19 B:\\Projects PHP\\Dadis Project\\dasis Eshop\\public_html\\vendor\\symfony\\console\\Application.php(1083): Illuminate\\Console\\Command->run(Object(Symfony\\Component\\Console\\Input\\ArgvInput), Object(Symfony\\Component\\Console\\Output\\ConsoleOutput))
#20 B:\\Projects PHP\\Dadis Project\\dasis Eshop\\public_html\\vendor\\symfony\\console\\Application.php(324): Symfony\\Component\\Console\\Application->doRunCommand(Object(Illuminate\\Database\\Console\\Migrations\\MigrateCommand), Object(Symfony\\Component\\Console\\Input\\ArgvInput), Object(Symfony\\Component\\Console\\Output\\ConsoleOutput))
#21 B:\\Projects PHP\\Dadis Project\\dasis Eshop\\public_html\\vendor\\symfony\\console\\Application.php(175): Symfony\\Component\\Console\\Application->doRun(Object(Symfony\\Component\\Console\\Input\\ArgvInput), Object(Symfony\\Component\\Console\\Output\\ConsoleOutput))
#22 B:\\Projects PHP\\Dadis Project\\dasis Eshop\\public_html\\vendor\\laravel\\framework\\src\\Illuminate\\Console\\Application.php(102): Symfony\\Component\\Console\\Application->run(Object(Symfony\\Component\\Console\\Input\\ArgvInput), Object(Symfony\\Component\\Console\\Output\\ConsoleOutput))
#23 B:\\Projects PHP\\Dadis Project\\dasis Eshop\\public_html\\vendor\\laravel\\framework\\src\\Illuminate\\Foundation\\Console\\Kernel.php(155): Illuminate\\Console\\Application->run(Object(Symfony\\Component\\Console\\Input\\ArgvInput), Object(Symfony\\Component\\Console\\Output\\ConsoleOutput))
#24 B:\\Projects PHP\\Dadis Project\\dasis Eshop\\public_html\\artisan(35): Illuminate\\Foundation\\Console\\Kernel->handle(Object(Symfony\\Component\\Console\\Input\\ArgvInput), Object(Symfony\\Component\\Console\\Output\\ConsoleOutput))
#25 {main}

[previous exception] [object] (PDOException(code: 23000): SQLSTATE[23000]: Integrity constraint violation: 1062 Duplicate entry '0' for key 'PRIMARY' at B:\\Projects PHP\\Dadis Project\\dasis Eshop\\public_html\\vendor\\laravel\\framework\\src\\Illuminate\\Database\\Connection.php:545)
[stacktrace]
#0 B:\\Projects PHP\\Dadis Project\\dasis Eshop\\public_html\\vendor\\laravel\\framework\\src\\Illuminate\\Database\\Connection.php(545): PDOStatement->execute()
#1 B:\\Projects PHP\\Dadis Project\\dasis Eshop\\public_html\\vendor\\laravel\\framework\\src\\Illuminate\\Database\\Connection.php(753): Illuminate\\Database\\Connection->Illuminate\\Database\\{closure}('insert into `mi...', Array)
#2 B:\\Projects PHP\\Dadis Project\\dasis Eshop\\public_html\\vendor\\laravel\\framework\\src\\Illuminate\\Database\\Connection.php(720): Illuminate\\Database\\Connection->runQueryCallback('insert into `mi...', Array, Object(Closure))
#3 B:\\Projects PHP\\Dadis Project\\dasis Eshop\\public_html\\vendor\\laravel\\framework\\src\\Illuminate\\Database\\Connection.php(534): Illuminate\\Database\\Connection->run('insert into `mi...', Array, Object(Closure))
#4 B:\\Projects PHP\\Dadis Project\\dasis Eshop\\public_html\\vendor\\laravel\\framework\\src\\Illuminate\\Database\\Connection.php(498): Illuminate\\Database\\Connection->statement('insert into `mi...', Array)
#5 B:\\Projects PHP\\Dadis Project\\dasis Eshop\\public_html\\vendor\\laravel\\framework\\src\\Illuminate\\Database\\Query\\Builder.php(3272): Illuminate\\Database\\Connection->insert('insert into `mi...', Array)
#6 B:\\Projects PHP\\Dadis Project\\dasis Eshop\\public_html\\vendor\\laravel\\framework\\src\\Illuminate\\Database\\Migrations\\DatabaseMigrationRepository.php(107): Illuminate\\Database\\Query\\Builder->insert(Array)
#7 B:\\Projects PHP\\Dadis Project\\dasis Eshop\\public_html\\vendor\\laravel\\framework\\src\\Illuminate\\Database\\Migrations\\Migrator.php(229): Illuminate\\Database\\Migrations\\DatabaseMigrationRepository->log('2026_05_27_1815...', 10)
#8 B:\\Projects PHP\\Dadis Project\\dasis Eshop\\public_html\\vendor\\laravel\\framework\\src\\Illuminate\\Database\\Migrations\\Migrator.php(189): Illuminate\\Database\\Migrations\\Migrator->runUp('B:\\\\Projects PHP...', 10, false)
#9 B:\\Projects PHP\\Dadis Project\\dasis Eshop\\public_html\\vendor\\laravel\\framework\\src\\Illuminate\\Database\\Migrations\\Migrator.php(132): Illuminate\\Database\\Migrations\\Migrator->runPending(Array, Array)
#10 B:\\Projects PHP\\Dadis Project\\dasis Eshop\\public_html\\vendor\\laravel\\framework\\src\\Illuminate\\Database\\Console\\Migrations\\MigrateCommand.php(88): Illuminate\\Database\\Migrations\\Migrator->run(Array, Array)
#11 B:\\Projects PHP\\Dadis Project\\dasis Eshop\\public_html\\vendor\\laravel\\framework\\src\\Illuminate\\Database\\Migrations\\Migrator.php(636): Illuminate\\Database\\Console\\Migrations\\MigrateCommand->Illuminate\\Database\\Console\\Migrations\\{closure}()
#12 B:\\Projects PHP\\Dadis Project\\dasis Eshop\\public_html\\vendor\\laravel\\framework\\src\\Illuminate\\Database\\Console\\Migrations\\MigrateCommand.php(81): Illuminate\\Database\\Migrations\\Migrator->usingConnection(NULL, Object(Closure))
#13 B:\\Projects PHP\\Dadis Project\\dasis Eshop\\public_html\\vendor\\laravel\\framework\\src\\Illuminate\\Container\\BoundMethod.php(36): Illuminate\\Database\\Console\\Migrations\\MigrateCommand->handle()
#14 B:\\Projects PHP\\Dadis Project\\dasis Eshop\\public_html\\vendor\\laravel\\framework\\src\\Illuminate\\Container\\Util.php(41): Illuminate\\Container\\BoundMethod::Illuminate\\Container\\{closure}()
#15 B:\\Projects PHP\\Dadis Project\\dasis Eshop\\public_html\\vendor\\laravel\\framework\\src\\Illuminate\\Container\\BoundMethod.php(93): Illuminate\\Container\\Util::unwrapIfClosure(Object(Closure))
#16 B:\\Projects PHP\\Dadis Project\\dasis Eshop\\public_html\\vendor\\laravel\\framework\\src\\Illuminate\\Container\\BoundMethod.php(35): Illuminate\\Container\\BoundMethod::callBoundMethod(Object(Illuminate\\Foundation\\Application), Array, Object(Closure))
#17 B:\\Projects PHP\\Dadis Project\\dasis Eshop\\public_html\\vendor\\laravel\\framework\\src\\Illuminate\\Container\\Container.php(661): Illuminate\\Container\\BoundMethod::call(Object(Illuminate\\Foundation\\Application), Array, Array, NULL)
#18 B:\\Projects PHP\\Dadis Project\\dasis Eshop\\public_html\\vendor\\laravel\\framework\\src\\Illuminate\\Console\\Command.php(183): Illuminate\\Container\\Container->call(Array)
#19 B:\\Projects PHP\\Dadis Project\\dasis Eshop\\public_html\\vendor\\symfony\\console\\Command\\Command.php(326): Illuminate\\Console\\Command->execute(Object(Symfony\\Component\\Console\\Input\\ArgvInput), Object(Illuminate\\Console\\OutputStyle))
#20 B:\\Projects PHP\\Dadis Project\\dasis Eshop\\public_html\\vendor\\laravel\\framework\\src\\Illuminate\\Console\\Command.php(152): Symfony\\Component\\Console\\Command\\Command->run(Object(Symfony\\Component\\Console\\Input\\ArgvInput), Object(Illuminate\\Console\\OutputStyle))
#21 B:\\Projects PHP\\Dadis Project\\dasis Eshop\\public_html\\vendor\\symfony\\console\\Application.php(1083): Illuminate\\Console\\Command->run(Object(Symfony\\Component\\Console\\Input\\ArgvInput), Object(Symfony\\Component\\Console\\Output\\ConsoleOutput))
#22 B:\\Projects PHP\\Dadis Project\\dasis Eshop\\public_html\\vendor\\symfony\\console\\Application.php(324): Symfony\\Component\\Console\\Application->doRunCommand(Object(Illuminate\\Database\\Console\\Migrations\\MigrateCommand), Object(Symfony\\Component\\Console\\Input\\ArgvInput), Object(Symfony\\Component\\Console\\Output\\ConsoleOutput))
#23 B:\\Projects PHP\\Dadis Project\\dasis Eshop\\public_html\\vendor\\symfony\\console\\Application.php(175): Symfony\\Component\\Console\\Application->doRun(Object(Symfony\\Component\\Console\\Input\\ArgvInput), Object(Symfony\\Component\\Console\\Output\\ConsoleOutput))
#24 B:\\Projects PHP\\Dadis Project\\dasis Eshop\\public_html\\vendor\\laravel\\framework\\src\\Illuminate\\Console\\Application.php(102): Symfony\\Component\\Console\\Application->run(Object(Symfony\\Component\\Console\\Input\\ArgvInput), Object(Symfony\\Component\\Console\\Output\\ConsoleOutput))
#25 B:\\Projects PHP\\Dadis Project\\dasis Eshop\\public_html\\vendor\\laravel\\framework\\src\\Illuminate\\Foundation\\Console\\Kernel.php(155): Illuminate\\Console\\Application->run(Object(Symfony\\Component\\Console\\Input\\ArgvInput), Object(Symfony\\Component\\Console\\Output\\ConsoleOutput))
#26 B:\\Projects PHP\\Dadis Project\\dasis Eshop\\public_html\\artisan(35): Illuminate\\Foundation\\Console\\Kernel->handle(Object(Symfony\\Component\\Console\\Input\\ArgvInput), Object(Symfony\\Component\\Console\\Output\\ConsoleOutput))
#27 {main}
"} 
[2026-05-27 18:15:55] live.ERROR: SQLSTATE[42S21]: Column already exists: 1060 Duplicate column name 'unsatisfied_reason' (SQL: alter table `orders` add `unsatisfied_reason` text null after `status`) {"exception":"[object] (Illuminate\\Database\\QueryException(code: 42S21): SQLSTATE[42S21]: Column already exists: 1060 Duplicate column name 'unsatisfied_reason' (SQL: alter table `orders` add `unsatisfied_reason` text null after `status`) at B:\\Projects PHP\\Dadis Project\\dasis Eshop\\public_html\\vendor\\laravel\\framework\\src\\Illuminate\\Database\\Connection.php:760)
[stacktrace]
#0 B:\\Projects PHP\\Dadis Project\\dasis Eshop\\public_html\\vendor\\laravel\\framework\\src\\Illuminate\\Database\\Connection.php(720): Illuminate\\Database\\Connection->runQueryCallback('alter table `or...', Array, Object(Closure))
#1 B:\\Projects PHP\\Dadis Project\\dasis Eshop\\public_html\\vendor\\laravel\\framework\\src\\Illuminate\\Database\\Connection.php(534): Illuminate\\Database\\Connection->run('alter table `or...', Array, Object(Closure))
#2 B:\\Projects PHP\\Dadis Project\\dasis Eshop\\public_html\\vendor\\laravel\\framework\\src\\Illuminate\\Database\\Schema\\Blueprint.php(109): Illuminate\\Database\\Connection->statement('alter table `or...')
#3 B:\\Projects PHP\\Dadis Project\\dasis Eshop\\public_html\\vendor\\laravel\\framework\\src\\Illuminate\\Database\\Schema\\Builder.php(439): Illuminate\\Database\\Schema\\Blueprint->build(Object(Illuminate\\Database\\MySqlConnection), Object(Illuminate\\Database\\Schema\\Grammars\\MySqlGrammar))
#4 B:\\Projects PHP\\Dadis Project\\dasis Eshop\\public_html\\vendor\\laravel\\framework\\src\\Illuminate\\Database\\Schema\\Builder.php(269): Illuminate\\Database\\Schema\\Builder->build(Object(Illuminate\\Database\\Schema\\Blueprint))
#5 B:\\Projects PHP\\Dadis Project\\dasis Eshop\\public_html\\vendor\\laravel\\framework\\src\\Illuminate\\Support\\Facades\\Facade.php(338): Illuminate\\Database\\Schema\\Builder->table('orders', Object(Closure))
#6 B:\\Projects PHP\\Dadis Project\\dasis Eshop\\public_html\\database\\migrations\\2026_05_27_181500_add_unsatisfied_reason_to_orders_and_booking_tables.php(16): Illuminate\\Support\\Facades\\Facade::__callStatic('table', Array)
#7 B:\\Projects PHP\\Dadis Project\\dasis Eshop\\public_html\\vendor\\laravel\\framework\\src\\Illuminate\\Database\\Migrations\\Migrator.php(496): Illuminate\\Database\\Migrations\\Migration@anonymous->up()
#8 B:\\Projects PHP\\Dadis Project\\dasis Eshop\\public_html\\vendor\\laravel\\framework\\src\\Illuminate\\Database\\Migrations\\Migrator.php(414): Illuminate\\Database\\Migrations\\Migrator->runMethod(Object(Illuminate\\Database\\MySqlConnection), Object(Illuminate\\Database\\Migrations\\Migration@anonymous), 'up')
#9 B:\\Projects PHP\\Dadis Project\\dasis Eshop\\public_html\\vendor\\laravel\\framework\\src\\Illuminate\\Database\\Migrations\\Migrator.php(423): Illuminate\\Database\\Migrations\\Migrator->Illuminate\\Database\\Migrations\\{closure}()
#10 B:\\Projects PHP\\Dadis Project\\dasis Eshop\\public_html\\vendor\\laravel\\framework\\src\\Illuminate\\Database\\Migrations\\Migrator.php(224): Illuminate\\Database\\Migrations\\Migrator->runMigration(Object(Illuminate\\Database\\Migrations\\Migration@anonymous), 'up')
#11 B:\\Projects PHP\\Dadis Project\\dasis Eshop\\public_html\\vendor\\laravel\\framework\\src\\Illuminate\\Console\\View\\Components\\Task.php(37): Illuminate\\Database\\Migrations\\Migrator->Illuminate\\Database\\Migrations\\{closure}()
#12 B:\\Projects PHP\\Dadis Project\\dasis Eshop\\public_html\\vendor\\laravel\\framework\\src\\Illuminate\\Database\\Migrations\\Migrator.php(778): Illuminate\\Console\\View\\Components\\Task->render('2026_05_27_1815...', Object(Closure))
#13 B:\\Projects PHP\\Dadis Project\\dasis Eshop\\public_html\\vendor\\laravel\\framework\\src\\Illuminate\\Database\\Migrations\\Migrator.php(224): Illuminate\\Database\\Migrations\\Migrator->write('Illuminate\\\\Cons...', '2026_05_27_1815...', Object(Closure))
#14 B:\\Projects PHP\\Dadis Project\\dasis Eshop\\public_html\\vendor\\laravel\\framework\\src\\Illuminate\\Database\\Migrations\\Migrator.php(189): Illuminate\\Database\\Migrations\\Migrator->runUp('B:\\\\Projects PHP...', 9, false)
#15 B:\\Projects PHP\\Dadis Project\\dasis Eshop\\public_html\\vendor\\laravel\\framework\\src\\Illuminate\\Database\\Migrations\\Migrator.php(132): Illuminate\\Database\\Migrations\\Migrator->runPending(Array, Array)
#16 B:\\Projects PHP\\Dadis Project\\dasis Eshop\\public_html\\vendor\\laravel\\framework\\src\\Illuminate\\Database\\Console\\Migrations\\MigrateCommand.php(88): Illuminate\\Database\\Migrations\\Migrator->run(Array, Array)
#17 B:\\Projects PHP\\Dadis Project\\dasis Eshop\\public_html\\vendor\\laravel\\framework\\src\\Illuminate\\Database\\Migrations\\Migrator.php(636): Illuminate\\Database\\Console\\Migrations\\MigrateCommand->Illuminate\\Database\\Console\\Migrations\\{closure}()
#18 B:\\Projects PHP\\Dadis Project\\dasis Eshop\\public_html\\vendor\\laravel\\framework\\src\\Illuminate\\Database\\Console\\Migrations\\MigrateCommand.php(81): Illuminate\\Database\\Migrations\\Migrator->usingConnection(NULL, Object(Closure))
#19 B:\\Projects PHP\\Dadis Project\\dasis Eshop\\public_html\\vendor\\laravel\\framework\\src\\Illuminate\\Container\\BoundMethod.php(36): Illuminate\\Database\\Console\\Migrations\\MigrateCommand->handle()
#20 B:\\Projects PHP\\Dadis Project\\dasis Eshop\\public_html\\vendor\\laravel\\framework\\src\\Illuminate\\Container\\Util.php(41): Illuminate\\Container\\BoundMethod::Illuminate\\Container\\{closure}()
#21 B:\\Projects PHP\\Dadis Project\\dasis Eshop\\public_html\\vendor\\laravel\\framework\\src\\Illuminate\\Container\\BoundMethod.php(93): Illuminate\\Container\\Util::unwrapIfClosure(Object(Closure))
#22 B:\\Projects PHP\\Dadis Project\\dasis Eshop\\public_html\\vendor\\laravel\\framework\\src\\Illuminate\\Container\\BoundMethod.php(35): Illuminate\\Container\\BoundMethod::callBoundMethod(Object(Illuminate\\Foundation\\Application), Array, Object(Closure))
#23 B:\\Projects PHP\\Dadis Project\\dasis Eshop\\public_html\\vendor\\laravel\\framework\\src\\Illuminate\\Container\\Container.php(661): Illuminate\\Container\\BoundMethod::call(Object(Illuminate\\Foundation\\Application), Array, Array, NULL)
#24 B:\\Projects PHP\\Dadis Project\\dasis Eshop\\public_html\\vendor\\laravel\\framework\\src\\Illuminate\\Console\\Command.php(183): Illuminate\\Container\\Container->call(Array)
#25 B:\\Projects PHP\\Dadis Project\\dasis Eshop\\public_html\\vendor\\symfony\\console\\Command\\Command.php(326): Illuminate\\Console\\Command->execute(Object(Symfony\\Component\\Console\\Input\\ArgvInput), Object(Illuminate\\Console\\OutputStyle))
#26 B:\\Projects PHP\\Dadis Project\\dasis Eshop\\public_html\\vendor\\laravel\\framework\\src\\Illuminate\\Console\\Command.php(152): Symfony\\Component\\Console\\Command\\Command->run(Object(Symfony\\Component\\Console\\Input\\ArgvInput), Object(Illuminate\\Console\\OutputStyle))
#27 B:\\Projects PHP\\Dadis Project\\dasis Eshop\\public_html\\vendor\\symfony\\console\\Application.php(1083): Illuminate\\Console\\Command->run(Object(Symfony\\Component\\Console\\Input\\ArgvInput), Object(Symfony\\Component\\Console\\Output\\ConsoleOutput))
#28 B:\\Projects PHP\\Dadis Project\\dasis Eshop\\public_html\\vendor\\symfony\\console\\Application.php(324): Symfony\\Component\\Console\\Application->doRunCommand(Object(Illuminate\\Database\\Console\\Migrations\\MigrateCommand), Object(Symfony\\Component\\Console\\Input\\ArgvInput), Object(Symfony\\Component\\Console\\Output\\ConsoleOutput))
#29 B:\\Projects PHP\\Dadis Project\\dasis Eshop\\public_html\\vendor\\symfony\\console\\Application.php(175): Symfony\\Component\\Console\\Application->doRun(Object(Symfony\\Component\\Console\\Input\\ArgvInput), Object(Symfony\\Component\\Console\\Output\\ConsoleOutput))
#30 B:\\Projects PHP\\Dadis Project\\dasis Eshop\\public_html\\vendor\\laravel\\framework\\src\\Illuminate\\Console\\Application.php(102): Symfony\\Component\\Console\\Application->run(Object(Symfony\\Component\\Console\\Input\\ArgvInput), Object(Symfony\\Component\\Console\\Output\\ConsoleOutput))
#31 B:\\Projects PHP\\Dadis Project\\dasis Eshop\\public_html\\vendor\\laravel\\framework\\src\\Illuminate\\Foundation\\Console\\Kernel.php(155): Illuminate\\Console\\Application->run(Object(Symfony\\Component\\Console\\Input\\ArgvInput), Object(Symfony\\Component\\Console\\Output\\ConsoleOutput))
#32 B:\\Projects PHP\\Dadis Project\\dasis Eshop\\public_html\\artisan(35): Illuminate\\Foundation\\Console\\Kernel->handle(Object(Symfony\\Component\\Console\\Input\\ArgvInput), Object(Symfony\\Component\\Console\\Output\\ConsoleOutput))
#33 {main}

[previous exception] [object] (PDOException(code: 42S21): SQLSTATE[42S21]: Column already exists: 1060 Duplicate column name 'unsatisfied_reason' at B:\\Projects PHP\\Dadis Project\\dasis Eshop\\public_html\\vendor\\laravel\\framework\\src\\Illuminate\\Database\\Connection.php:545)
[stacktrace]
#0 B:\\Projects PHP\\Dadis Project\\dasis Eshop\\public_html\\vendor\\laravel\\framework\\src\\Illuminate\\Database\\Connection.php(545): PDOStatement->execute()
#1 B:\\Projects PHP\\Dadis Project\\dasis Eshop\\public_html\\vendor\\laravel\\framework\\src\\Illuminate\\Database\\Connection.php(753): Illuminate\\Database\\Connection->Illuminate\\Database\\{closure}('alter table `or...', Array)
#2 B:\\Projects PHP\\Dadis Project\\dasis Eshop\\public_html\\vendor\\laravel\\framework\\src\\Illuminate\\Database\\Connection.php(720): Illuminate\\Database\\Connection->runQueryCallback('alter table `or...', Array, Object(Closure))
#3 B:\\Projects PHP\\Dadis Project\\dasis Eshop\\public_html\\vendor\\laravel\\framework\\src\\Illuminate\\Database\\Connection.php(534): Illuminate\\Database\\Connection->run('alter table `or...', Array, Object(Closure))
#4 B:\\Projects PHP\\Dadis Project\\dasis Eshop\\public_html\\vendor\\laravel\\framework\\src\\Illuminate\\Database\\Schema\\Blueprint.php(109): Illuminate\\Database\\Connection->statement('alter table `or...')
#5 B:\\Projects PHP\\Dadis Project\\dasis Eshop\\public_html\\vendor\\laravel\\framework\\src\\Illuminate\\Database\\Schema\\Builder.php(439): Illuminate\\Database\\Schema\\Blueprint->build(Object(Illuminate\\Database\\MySqlConnection), Object(Illuminate\\Database\\Schema\\Grammars\\MySqlGrammar))
#6 B:\\Projects PHP\\Dadis Project\\dasis Eshop\\public_html\\vendor\\laravel\\framework\\src\\Illuminate\\Database\\Schema\\Builder.php(269): Illuminate\\Database\\Schema\\Builder->build(Object(Illuminate\\Database\\Schema\\Blueprint))
#7 B:\\Projects PHP\\Dadis Project\\dasis Eshop\\public_html\\vendor\\laravel\\framework\\src\\Illuminate\\Support\\Facades\\Facade.php(338): Illuminate\\Database\\Schema\\Builder->table('orders', Object(Closure))
#8 B:\\Projects PHP\\Dadis Project\\dasis Eshop\\public_html\\database\\migrations\\2026_05_27_181500_add_unsatisfied_reason_to_orders_and_booking_tables.php(16): Illuminate\\Support\\Facades\\Facade::__callStatic('table', Array)
#9 B:\\Projects PHP\\Dadis Project\\dasis Eshop\\public_html\\vendor\\laravel\\framework\\src\\Illuminate\\Database\\Migrations\\Migrator.php(496): Illuminate\\Database\\Migrations\\Migration@anonymous->up()
#10 B:\\Projects PHP\\Dadis Project\\dasis Eshop\\public_html\\vendor\\laravel\\framework\\src\\Illuminate\\Database\\Migrations\\Migrator.php(414): Illuminate\\Database\\Migrations\\Migrator->runMethod(Object(Illuminate\\Database\\MySqlConnection), Object(Illuminate\\Database\\Migrations\\Migration@anonymous), 'up')
#11 B:\\Projects PHP\\Dadis Project\\dasis Eshop\\public_html\\vendor\\laravel\\framework\\src\\Illuminate\\Database\\Migrations\\Migrator.php(423): Illuminate\\Database\\Migrations\\Migrator->Illuminate\\Database\\Migrations\\{closure}()
#12 B:\\Projects PHP\\Dadis Project\\dasis Eshop\\public_html\\vendor\\laravel\\framework\\src\\Illuminate\\Database\\Migrations\\Migrator.php(224): Illuminate\\Database\\Migrations\\Migrator->runMigration(Object(Illuminate\\Database\\Migrations\\Migration@anonymous), 'up')
#13 B:\\Projects PHP\\Dadis Project\\dasis Eshop\\public_html\\vendor\\laravel\\framework\\src\\Illuminate\\Console\\View\\Components\\Task.php(37): Illuminate\\Database\\Migrations\\Migrator->Illuminate\\Database\\Migrations\\{closure}()
#14 B:\\Projects PHP\\Dadis Project\\dasis Eshop\\public_html\\vendor\\laravel\\framework\\src\\Illuminate\\Database\\Migrations\\Migrator.php(778): Illuminate\\Console\\View\\Components\\Task->render('2026_05_27_1815...', Object(Closure))
#15 B:\\Projects PHP\\Dadis Project\\dasis Eshop\\public_html\\vendor\\laravel\\framework\\src\\Illuminate\\Database\\Migrations\\Migrator.php(224): Illuminate\\Database\\Migrations\\Migrator->write('Illuminate\\\\Cons...', '2026_05_27_1815...', Object(Closure))
#16 B:\\Projects PHP\\Dadis Project\\dasis Eshop\\public_html\\vendor\\laravel\\framework\\src\\Illuminate\\Database\\Migrations\\Migrator.php(189): Illuminate\\Database\\Migrations\\Migrator->runUp('B:\\\\Projects PHP...', 9, false)
#17 B:\\Projects PHP\\Dadis Project\\dasis Eshop\\public_html\\vendor\\laravel\\framework\\src\\Illuminate\\Database\\Migrations\\Migrator.php(132): Illuminate\\Database\\Migrations\\Migrator->runPending(Array, Array)
#18 B:\\Projects PHP\\Dadis Project\\dasis Eshop\\public_html\\vendor\\laravel\\framework\\src\\Illuminate\\Database\\Console\\Migrations\\MigrateCommand.php(88): Illuminate\\Database\\Migrations\\Migrator->run(Array, Array)
#19 B:\\Projects PHP\\Dadis Project\\dasis Eshop\\public_html\\vendor\\laravel\\framework\\src\\Illuminate\\Database\\Migrations\\Migrator.php(636): Illuminate\\Database\\Console\\Migrations\\MigrateCommand->Illuminate\\Database\\Console\\Migrations\\{closure}()
#20 B:\\Projects PHP\\Dadis Project\\dasis Eshop\\public_html\\vendor\\laravel\\framework\\src\\Illuminate\\Database\\Console\\Migrations\\MigrateCommand.php(81): Illuminate\\Database\\Migrations\\Migrator->usingConnection(NULL, Object(Closure))
#21 B:\\Projects PHP\\Dadis Project\\dasis Eshop\\public_html\\vendor\\laravel\\framework\\src\\Illuminate\\Container\\BoundMethod.php(36): Illuminate\\Database\\Console\\Migrations\\MigrateCommand->handle()
#22 B:\\Projects PHP\\Dadis Project\\dasis Eshop\\public_html\\vendor\\laravel\\framework\\src\\Illuminate\\Container\\Util.php(41): Illuminate\\Container\\BoundMethod::Illuminate\\Container\\{closure}()
#23 B:\\Projects PHP\\Dadis Project\\dasis Eshop\\public_html\\vendor\\laravel\\framework\\src\\Illuminate\\Container\\BoundMethod.php(93): Illuminate\\Container\\Util::unwrapIfClosure(Object(Closure))
#24 B:\\Projects PHP\\Dadis Project\\dasis Eshop\\public_html\\vendor\\laravel\\framework\\src\\Illuminate\\Container\\BoundMethod.php(35): Illuminate\\Container\\BoundMethod::callBoundMethod(Object(Illuminate\\Foundation\\Application), Array, Object(Closure))
#25 B:\\Projects PHP\\Dadis Project\\dasis Eshop\\public_html\\vendor\\laravel\\framework\\src\\Illuminate\\Container\\Container.php(661): Illuminate\\Container\\BoundMethod::call(Object(Illuminate\\Foundation\\Application), Array, Array, NULL)
#26 B:\\Projects PHP\\Dadis Project\\dasis Eshop\\public_html\\vendor\\laravel\\framework\\src\\Illuminate\\Console\\Command.php(183): Illuminate\\Container\\Container->call(Array)
#27 B:\\Projects PHP\\Dadis Project\\dasis Eshop\\public_html\\vendor\\symfony\\console\\Command\\Command.php(326): Illuminate\\Console\\Command->execute(Object(Symfony\\Component\\Console\\Input\\ArgvInput), Object(Illuminate\\Console\\OutputStyle))
#28 B:\\Projects PHP\\Dadis Project\\dasis Eshop\\public_html\\vendor\\laravel\\framework\\src\\Illuminate\\Console\\Command.php(152): Symfony\\Component\\Console\\Command\\Command->run(Object(Symfony\\Component\\Console\\Input\\ArgvInput), Object(Illuminate\\Console\\OutputStyle))
#29 B:\\Projects PHP\\Dadis Project\\dasis Eshop\\public_html\\vendor\\symfony\\console\\Application.php(1083): Illuminate\\Console\\Command->run(Object(Symfony\\Component\\Console\\Input\\ArgvInput), Object(Symfony\\Component\\Console\\Output\\ConsoleOutput))
#30 B:\\Projects PHP\\Dadis Project\\dasis Eshop\\public_html\\vendor\\symfony\\console\\Application.php(324): Symfony\\Component\\Console\\Application->doRunCommand(Object(Illuminate\\Database\\Console\\Migrations\\MigrateCommand), Object(Symfony\\Component\\Console\\Input\\ArgvInput), Object(Symfony\\Component\\Console\\Output\\ConsoleOutput))
#31 B:\\Projects PHP\\Dadis Project\\dasis Eshop\\public_html\\vendor\\symfony\\console\\Application.php(175): Symfony\\Component\\Console\\Application->doRun(Object(Symfony\\Component\\Console\\Input\\ArgvInput), Object(Symfony\\Component\\Console\\Output\\ConsoleOutput))
#32 B:\\Projects PHP\\Dadis Project\\dasis Eshop\\public_html\\vendor\\laravel\\framework\\src\\Illuminate\\Console\\Application.php(102): Symfony\\Component\\Console\\Application->run(Object(Symfony\\Component\\Console\\Input\\ArgvInput), Object(Symfony\\Component\\Console\\Output\\ConsoleOutput))
#33 B:\\Projects PHP\\Dadis Project\\dasis Eshop\\public_html\\vendor\\laravel\\framework\\src\\Illuminate\\Foundation\\Console\\Kernel.php(155): Illuminate\\Console\\Application->run(Object(Symfony\\Component\\Console\\Input\\ArgvInput), Object(Symfony\\Component\\Console\\Output\\ConsoleOutput))
#34 B:\\Projects PHP\\Dadis Project\\dasis Eshop\\public_html\\artisan(35): Illuminate\\Foundation\\Console\\Kernel->handle(Object(Symfony\\Component\\Console\\Input\\ArgvInput), Object(Symfony\\Component\\Console\\Output\\ConsoleOutput))
#35 {main}
"} 
[2026-05-27 18:20:34] live.ERROR: SQLSTATE[23000]: Integrity constraint violation: 1062 Duplicate entry '0' for key 'PRIMARY' (SQL: insert into `activity_log` (`log_name`, `properties`, `causer_id`, `causer_type`, `batch_uuid`, `subject_id`, `subject_type`, `description`, `updated_at`, `created_at`) values (default, [], 8, App\User, ?, 8, App\User, login, 2026-05-27 18:20:34, 2026-05-27 18:20:34)) {"userId":8,"exception":"[object] (Illuminate\\Database\\QueryException(code: 23000): SQLSTATE[23000]: Integrity constraint violation: 1062 Duplicate entry '0' for key 'PRIMARY' (SQL: insert into `activity_log` (`log_name`, `properties`, `causer_id`, `causer_type`, `batch_uuid`, `subject_id`, `subject_type`, `description`, `updated_at`, `created_at`) values (default, [], 8, App\\User, ?, 8, App\\User, login, 2026-05-27 18:20:34, 2026-05-27 18:20:34)) at B:\\Projects PHP\\Dadis Project\\dasis Eshop\\public_html\\vendor\\laravel\\framework\\src\\Illuminate\\Database\\Connection.php:760)
[stacktrace]
#0 B:\\Projects PHP\\Dadis Project\\dasis Eshop\\public_html\\vendor\\laravel\\framework\\src\\Illuminate\\Database\\Connection.php(720): Illuminate\\Database\\Connection->runQueryCallback('insert into `ac...', Array, Object(Closure))
#1 B:\\Projects PHP\\Dadis Project\\dasis Eshop\\public_html\\vendor\\laravel\\framework\\src\\Illuminate\\Database\\Connection.php(534): Illuminate\\Database\\Connection->run('insert into `ac...', Array, Object(Closure))
#2 B:\\Projects PHP\\Dadis Project\\dasis Eshop\\public_html\\vendor\\laravel\\framework\\src\\Illuminate\\Database\\Connection.php(498): Illuminate\\Database\\Connection->statement('insert into `ac...', Array)
#3 B:\\Projects PHP\\Dadis Project\\dasis Eshop\\public_html\\vendor\\laravel\\framework\\src\\Illuminate\\Database\\Query\\Processors\\Processor.php(32): Illuminate\\Database\\Connection->insert('insert into `ac...', Array)
#4 B:\\Projects PHP\\Dadis Project\\dasis Eshop\\public_html\\vendor\\laravel\\framework\\src\\Illuminate\\Database\\Query\\Builder.php(3322): Illuminate\\Database\\Query\\Processors\\Processor->processInsertGetId(Object(Illuminate\\Database\\Query\\Builder), 'insert into `ac...', Array, 'id')
#5 B:\\Projects PHP\\Dadis Project\\dasis Eshop\\public_html\\vendor\\laravel\\framework\\src\\Illuminate\\Database\\Eloquent\\Builder.php(1869): Illuminate\\Database\\Query\\Builder->insertGetId(Array, 'id')
#6 B:\\Projects PHP\\Dadis Project\\dasis Eshop\\public_html\\vendor\\laravel\\framework\\src\\Illuminate\\Database\\Eloquent\\Model.php(1330): Illuminate\\Database\\Eloquent\\Builder->__call('insertGetId', Array)
#7 B:\\Projects PHP\\Dadis Project\\dasis Eshop\\public_html\\vendor\\laravel\\framework\\src\\Illuminate\\Database\\Eloquent\\Model.php(1295): Illuminate\\Database\\Eloquent\\Model->insertAndSetId(Object(Illuminate\\Database\\Eloquent\\Builder), Array)
#8 B:\\Projects PHP\\Dadis Project\\dasis Eshop\\public_html\\vendor\\laravel\\framework\\src\\Illuminate\\Database\\Eloquent\\Model.php(1138): Illuminate\\Database\\Eloquent\\Model->performInsert(Object(Illuminate\\Database\\Eloquent\\Builder))
#9 B:\\Projects PHP\\Dadis Project\\dasis Eshop\\public_html\\vendor\\spatie\\laravel-activitylog\\src\\ActivityLogger.php(174): Illuminate\\Database\\Eloquent\\Model->save()
#10 B:\\Projects PHP\\Dadis Project\\dasis Eshop\\public_html\\app\\Utils\\Util.php(1450): Spatie\\Activitylog\\ActivityLogger->log('login')
#11 B:\\Projects PHP\\Dadis Project\\dasis Eshop\\public_html\\app\\Http\\Controllers\\Auth\\LoginController.php(88): App\\Utils\\Util->activityLog(Object(App\\User), 'login', NULL, Array, false, 2)
#12 B:\\Projects PHP\\Dadis Project\\dasis Eshop\\public_html\\vendor\\laravel\\ui\\auth-backend\\AuthenticatesUsers.php(114): App\\Http\\Controllers\\Auth\\LoginController->authenticated(Object(Illuminate\\Http\\Request), Object(App\\User))
#13 B:\\Projects PHP\\Dadis Project\\dasis Eshop\\public_html\\vendor\\laravel\\ui\\auth-backend\\AuthenticatesUsers.php(51): App\\Http\\Controllers\\Auth\\LoginController->sendLoginResponse(Object(Illuminate\\Http\\Request))
#14 B:\\Projects PHP\\Dadis Project\\dasis Eshop\\public_html\\vendor\\laravel\\framework\\src\\Illuminate\\Routing\\Controller.php(54): App\\Http\\Controllers\\Auth\\LoginController->login(Object(Illuminate\\Http\\Request))
#15 B:\\Projects PHP\\Dadis Project\\dasis Eshop\\public_html\\vendor\\laravel\\framework\\src\\Illuminate\\Routing\\ControllerDispatcher.php(43): Illuminate\\Routing\\Controller->callAction('login', Array)
#16 B:\\Projects PHP\\Dadis Project\\dasis Eshop\\public_html\\vendor\\laravel\\framework\\src\\Illuminate\\Routing\\Route.php(259): Illuminate\\Routing\\ControllerDispatcher->dispatch(Object(Illuminate\\Routing\\Route), Object(App\\Http\\Controllers\\Auth\\LoginController), 'login')
#17 B:\\Projects PHP\\Dadis Project\\dasis Eshop\\public_html\\vendor\\laravel\\framework\\src\\Illuminate\\Routing\\Route.php(205): Illuminate\\Routing\\Route->runController()
#18 B:\\Projects PHP\\Dadis Project\\dasis Eshop\\public_html\\vendor\\laravel\\framework\\src\\Illuminate\\Routing\\Router.php(798): Illuminate\\Routing\\Route->run()
#19 B:\\Projects PHP\\Dadis Project\\dasis Eshop\\public_html\\vendor\\laravel\\framework\\src\\Illuminate\\Pipeline\\Pipeline.php(141): Illuminate\\Routing\\Router->Illuminate\\Routing\\{closure}(Object(Illuminate\\Http\\Request))
#20 B:\\Projects PHP\\Dadis Project\\dasis Eshop\\public_html\\app\\Http\\Middleware\\RedirectIfAuthenticated.php(30): Illuminate\\Pipeline\\Pipeline->Illuminate\\Pipeline\\{closure}(Object(Illuminate\\Http\\Request))
#21 B:\\Projects PHP\\Dadis Project\\dasis Eshop\\public_html\\vendor\\laravel\\framework\\src\\Illuminate\\Pipeline\\Pipeline.php(180): App\\Http\\Middleware\\RedirectIfAuthenticated->handle(Object(Illuminate\\Http\\Request), Object(Closure))
#22 B:\\Projects PHP\\Dadis Project\\dasis Eshop\\public_html\\app\\Http\\Middleware\\IsInstalled.php(26): Illuminate\\Pipeline\\Pipeline->Illuminate\\Pipeline\\{closure}(Object(Illuminate\\Http\\Request))
#23 B:\\Projects PHP\\Dadis Project\\dasis Eshop\\public_html\\vendor\\laravel\\framework\\src\\Illuminate\\Pipeline\\Pipeline.php(180): App\\Http\\Middleware\\IsInstalled->handle(Object(Illuminate\\Http\\Request), Object(Closure))
#24 B:\\Projects PHP\\Dadis Project\\dasis Eshop\\public_html\\vendor\\barryvdh\\laravel-debugbar\\src\\Middleware\\InjectDebugbar.php(59): Illuminate\\Pipeline\\Pipeline->Illuminate\\Pipeline\\{closure}(Object(Illuminate\\Http\\Request))
#25 B:\\Projects PHP\\Dadis Project\\dasis Eshop\\public_html\\vendor\\laravel\\framework\\src\\Illuminate\\Pipeline\\Pipeline.php(180): Barryvdh\\Debugbar\\Middleware\\InjectDebugbar->handle(Object(Illuminate\\Http\\Request), Object(Closure))
#26 B:\\Projects PHP\\Dadis Project\\dasis Eshop\\public_html\\vendor\\laravel\\framework\\src\\Illuminate\\Routing\\Middleware\\SubstituteBindings.php(50): Illuminate\\Pipeline\\Pipeline->Illuminate\\Pipeline\\{closure}(Object(Illuminate\\Http\\Request))
#27 B:\\Projects PHP\\Dadis Project\\dasis Eshop\\public_html\\vendor\\laravel\\framework\\src\\Illuminate\\Pipeline\\Pipeline.php(180): Illuminate\\Routing\\Middleware\\SubstituteBindings->handle(Object(Illuminate\\Http\\Request), Object(Closure))
#28 B:\\Projects PHP\\Dadis Project\\dasis Eshop\\public_html\\vendor\\laravel\\framework\\src\\Illuminate\\Foundation\\Http\\Middleware\\VerifyCsrfToken.php(78): Illuminate\\Pipeline\\Pipeline->Illuminate\\Pipeline\\{closure}(Object(Illuminate\\Http\\Request))
#29 B:\\Projects PHP\\Dadis Project\\dasis Eshop\\public_html\\vendor\\laravel\\framework\\src\\Illuminate\\Pipeline\\Pipeline.php(180): Illuminate\\Foundation\\Http\\Middleware\\VerifyCsrfToken->handle(Object(Illuminate\\Http\\Request), Object(Closure))
#30 B:\\Projects PHP\\Dadis Project\\dasis Eshop\\public_html\\vendor\\laravel\\framework\\src\\Illuminate\\View\\Middleware\\ShareErrorsFromSession.php(49): Illuminate\\Pipeline\\Pipeline->Illuminate\\Pipeline\\{closure}(Object(Illuminate\\Http\\Request))
#31 B:\\Projects PHP\\Dadis Project\\dasis Eshop\\public_html\\vendor\\laravel\\framework\\src\\Illuminate\\Pipeline\\Pipeline.php(180): Illuminate\\View\\Middleware\\ShareErrorsFromSession->handle(Object(Illuminate\\Http\\Request), Object(Closure))
#32 B:\\Projects PHP\\Dadis Project\\dasis Eshop\\public_html\\vendor\\laravel\\framework\\src\\Illuminate\\Session\\Middleware\\StartSession.php(121): Illuminate\\Pipeline\\Pipeline->Illuminate\\Pipeline\\{closure}(Object(Illuminate\\Http\\Request))
#33 B:\\Projects PHP\\Dadis Project\\dasis Eshop\\public_html\\vendor\\laravel\\framework\\src\\Illuminate\\Session\\Middleware\\StartSession.php(64): Illuminate\\Session\\Middleware\\StartSession->handleStatefulRequest(Object(Illuminate\\Http\\Request), Object(Illuminate\\Session\\Store), Object(Closure))
#34 B:\\Projects PHP\\Dadis Project\\dasis Eshop\\public_html\\vendor\\laravel\\framework\\src\\Illuminate\\Pipeline\\Pipeline.php(180): Illuminate\\Session\\Middleware\\StartSession->handle(Object(Illuminate\\Http\\Request), Object(Closure))
#35 B:\\Projects PHP\\Dadis Project\\dasis Eshop\\public_html\\vendor\\laravel\\framework\\src\\Illuminate\\Cookie\\Middleware\\AddQueuedCookiesToResponse.php(37): Illuminate\\Pipeline\\Pipeline->Illuminate\\Pipeline\\{closure}(Object(Illuminate\\Http\\Request))
#36 B:\\Projects PHP\\Dadis Project\\dasis Eshop\\public_html\\vendor\\laravel\\framework\\src\\Illuminate\\Pipeline\\Pipeline.php(180): Illuminate\\Cookie\\Middleware\\AddQueuedCookiesToResponse->handle(Object(Illuminate\\Http\\Request), Object(Closure))
#37 B:\\Projects PHP\\Dadis Project\\dasis Eshop\\public_html\\vendor\\laravel\\framework\\src\\Illuminate\\Cookie\\Middleware\\EncryptCookies.php(67): Illuminate\\Pipeline\\Pipeline->Illuminate\\Pipeline\\{closure}(Object(Illuminate\\Http\\Request))
#38 B:\\Projects PHP\\Dadis Project\\dasis Eshop\\public_html\\vendor\\laravel\\framework\\src\\Illuminate\\Pipeline\\Pipeline.php(180): Illuminate\\Cookie\\Middleware\\EncryptCookies->handle(Object(Illuminate\\Http\\Request), Object(Closure))
#39 B:\\Projects PHP\\Dadis Project\\dasis Eshop\\public_html\\vendor\\laravel\\framework\\src\\Illuminate\\Pipeline\\Pipeline.php(116): Illuminate\\Pipeline\\Pipeline->Illuminate\\Pipeline\\{closure}(Object(Illuminate\\Http\\Request))
#40 B:\\Projects PHP\\Dadis Project\\dasis Eshop\\public_html\\vendor\\laravel\\framework\\src\\Illuminate\\Routing\\Router.php(797): Illuminate\\Pipeline\\Pipeline->then(Object(Closure))
#41 B:\\Projects PHP\\Dadis Project\\dasis Eshop\\public_html\\vendor\\laravel\\framework\\src\\Illuminate\\Routing\\Router.php(776): Illuminate\\Routing\\Router->runRouteWithinStack(Object(Illuminate\\Routing\\Route), Object(Illuminate\\Http\\Request))
#42 B:\\Projects PHP\\Dadis Project\\dasis Eshop\\public_html\\vendor\\laravel\\framework\\src\\Illuminate\\Routing\\Router.php(740): Illuminate\\Routing\\Router->runRoute(Object(Illuminate\\Http\\Request), Object(Illuminate\\Routing\\Route))
#43 B:\\Projects PHP\\Dadis Project\\dasis Eshop\\public_html\\vendor\\laravel\\framework\\src\\Illuminate\\Routing\\Router.php(729): Illuminate\\Routing\\Router->dispatchToRoute(Object(Illuminate\\Http\\Request))
#44 B:\\Projects PHP\\Dadis Project\\dasis Eshop\\public_html\\vendor\\laravel\\framework\\src\\Illuminate\\Foundation\\Http\\Kernel.php(190): Illuminate\\Routing\\Router->dispatch(Object(Illuminate\\Http\\Request))
#45 B:\\Projects PHP\\Dadis Project\\dasis Eshop\\public_html\\vendor\\laravel\\framework\\src\\Illuminate\\Pipeline\\Pipeline.php(141): Illuminate\\Foundation\\Http\\Kernel->Illuminate\\Foundation\\Http\\{closure}(Object(Illuminate\\Http\\Request))
#46 B:\\Projects PHP\\Dadis Project\\dasis Eshop\\public_html\\vendor\\barryvdh\\laravel-debugbar\\src\\Middleware\\InjectDebugbar.php(59): Illuminate\\Pipeline\\Pipeline->Illuminate\\Pipeline\\{closure}(Object(Illuminate\\Http\\Request))
#47 B:\\Projects PHP\\Dadis Project\\dasis Eshop\\public_html\\vendor\\laravel\\framework\\src\\Illuminate\\Pipeline\\Pipeline.php(180): Barryvdh\\Debugbar\\Middleware\\InjectDebugbar->handle(Object(Illuminate\\Http\\Request), Object(Closure))
#48 B:\\Projects PHP\\Dadis Project\\dasis Eshop\\public_html\\vendor\\laravel\\framework\\src\\Illuminate\\Foundation\\Http\\Middleware\\TransformsRequest.php(21): Illuminate\\Pipeline\\Pipeline->Illuminate\\Pipeline\\{closure}(Object(Illuminate\\Http\\Request))
#49 B:\\Projects PHP\\Dadis Project\\dasis Eshop\\public_html\\vendor\\laravel\\framework\\src\\Illuminate\\Foundation\\Http\\Middleware\\ConvertEmptyStringsToNull.php(31): Illuminate\\Foundation\\Http\\Middleware\\TransformsRequest->handle(Object(Illuminate\\Http\\Request), Object(Closure))
#50 B:\\Projects PHP\\Dadis Project\\dasis Eshop\\public_html\\vendor\\laravel\\framework\\src\\Illuminate\\Pipeline\\Pipeline.php(180): Illuminate\\Foundation\\Http\\Middleware\\ConvertEmptyStringsToNull->handle(Object(Illuminate\\Http\\Request), Object(Closure))
#51 B:\\Projects PHP\\Dadis Project\\dasis Eshop\\public_html\\vendor\\laravel\\framework\\src\\Illuminate\\Foundation\\Http\\Middleware\\TransformsRequest.php(21): Illuminate\\Pipeline\\Pipeline->Illuminate\\Pipeline\\{closure}(Object(Illuminate\\Http\\Request))
#52 B:\\Projects PHP\\Dadis Project\\dasis Eshop\\public_html\\vendor\\laravel\\framework\\src\\Illuminate\\Foundation\\Http\\Middleware\\TrimStrings.php(40): Illuminate\\Foundation\\Http\\Middleware\\TransformsRequest->handle(Object(Illuminate\\Http\\Request), Object(Closure))
#53 B:\\Projects PHP\\Dadis Project\\dasis Eshop\\public_html\\vendor\\laravel\\framework\\src\\Illuminate\\Pipeline\\Pipeline.php(180): Illuminate\\Foundation\\Http\\Middleware\\TrimStrings->handle(Object(Illuminate\\Http\\Request), Object(Closure))
#54 B:\\Projects PHP\\Dadis Project\\dasis Eshop\\public_html\\vendor\\laravel\\framework\\src\\Illuminate\\Foundation\\Http\\Middleware\\ValidatePostSize.php(27): Illuminate\\Pipeline\\Pipeline->Illuminate\\Pipeline\\{closure}(Object(Illuminate\\Http\\Request))
#55 B:\\Projects PHP\\Dadis Project\\dasis Eshop\\public_html\\vendor\\laravel\\framework\\src\\Illuminate\\Pipeline\\Pipeline.php(180): Illuminate\\Foundation\\Http\\Middleware\\ValidatePostSize->handle(Object(Illuminate\\Http\\Request), Object(Closure))
#56 B:\\Projects PHP\\Dadis Project\\dasis Eshop\\public_html\\vendor\\laravel\\framework\\src\\Illuminate\\Foundation\\Http\\Middleware\\PreventRequestsDuringMaintenance.php(86): Illuminate\\Pipeline\\Pipeline->Illuminate\\Pipeline\\{closure}(Object(Illuminate\\Http\\Request))
#57 B:\\Projects PHP\\Dadis Project\\dasis Eshop\\public_html\\vendor\\laravel\\framework\\src\\Illuminate\\Pipeline\\Pipeline.php(180): Illuminate\\Foundation\\Http\\Middleware\\PreventRequestsDuringMaintenance->handle(Object(Illuminate\\Http\\Request), Object(Closure))
#58 B:\\Projects PHP\\Dadis Project\\dasis Eshop\\public_html\\vendor\\laravel\\framework\\src\\Illuminate\\Http\\Middleware\\HandleCors.php(49): Illuminate\\Pipeline\\Pipeline->Illuminate\\Pipeline\\{closure}(Object(Illuminate\\Http\\Request))
#59 B:\\Projects PHP\\Dadis Project\\dasis Eshop\\public_html\\vendor\\laravel\\framework\\src\\Illuminate\\Pipeline\\Pipeline.php(180): Illuminate\\Http\\Middleware\\HandleCors->handle(Object(Illuminate\\Http\\Request), Object(Closure))
#60 B:\\Projects PHP\\Dadis Project\\dasis Eshop\\public_html\\vendor\\laravel\\framework\\src\\Illuminate\\Http\\Middleware\\TrustProxies.php(39): Illuminate\\Pipeline\\Pipeline->Illuminate\\Pipeline\\{closure}(Object(Illuminate\\Http\\Request))
#61 B:\\Projects PHP\\Dadis Project\\dasis Eshop\\public_html\\vendor\\laravel\\framework\\src\\Illuminate\\Pipeline\\Pipeline.php(180): Illuminate\\Http\\Middleware\\TrustProxies->handle(Object(Illuminate\\Http\\Request), Object(Closure))
#62 B:\\Projects PHP\\Dadis Project\\dasis Eshop\\public_html\\vendor\\laravel\\framework\\src\\Illuminate\\Pipeline\\Pipeline.php(116): Illuminate\\Pipeline\\Pipeline->Illuminate\\Pipeline\\{closure}(Object(Illuminate\\Http\\Request))
#63 B:\\Projects PHP\\Dadis Project\\dasis Eshop\\public_html\\vendor\\laravel\\framework\\src\\Illuminate\\Foundation\\Http\\Kernel.php(165): Illuminate\\Pipeline\\Pipeline->then(Object(Closure))
#64 B:\\Projects PHP\\Dadis Project\\dasis Eshop\\public_html\\vendor\\laravel\\framework\\src\\Illuminate\\Foundation\\Http\\Kernel.php(134): Illuminate\\Foundation\\Http\\Kernel->sendRequestThroughRouter(Object(Illuminate\\Http\\Request))
#65 B:\\Projects PHP\\Dadis Project\\dasis Eshop\\public_html\\public\\index.php(51): Illuminate\\Foundation\\Http\\Kernel->handle(Object(Illuminate\\Http\\Request))
#66 B:\\Projects PHP\\Dadis Project\\dasis Eshop\\public_html\\vendor\\laravel\\framework\\src\\Illuminate\\Foundation\\resources\\server.php(16): require_once('B:\\\\Projects PHP...')
#67 {main}

[previous exception] [object] (PDOException(code: 23000): SQLSTATE[23000]: Integrity constraint violation: 1062 Duplicate entry '0' for key 'PRIMARY' at B:\\Projects PHP\\Dadis Project\\dasis Eshop\\public_html\\vendor\\laravel\\framework\\src\\Illuminate\\Database\\Connection.php:545)
[stacktrace]
#0 B:\\Projects PHP\\Dadis Project\\dasis Eshop\\public_html\\vendor\\laravel\\framework\\src\\Illuminate\\Database\\Connection.php(545): PDOStatement->execute()
#1 B:\\Projects PHP\\Dadis Project\\dasis Eshop\\public_html\\vendor\\laravel\\framework\\src\\Illuminate\\Database\\Connection.php(753): Illuminate\\Database\\Connection->Illuminate\\Database\\{closure}('insert into `ac...', Array)
#2 B:\\Projects PHP\\Dadis Project\\dasis Eshop\\public_html\\vendor\\laravel\\framework\\src\\Illuminate\\Database\\Connection.php(720): Illuminate\\Database\\Connection->runQueryCallback('insert into `ac...', Array, Object(Closure))
#3 B:\\Projects PHP\\Dadis Project\\dasis Eshop\\public_html\\vendor\\laravel\\framework\\src\\Illuminate\\Database\\Connection.php(534): Illuminate\\Database\\Connection->run('insert into `ac...', Array, Object(Closure))
#4 B:\\Projects PHP\\Dadis Project\\dasis Eshop\\public_html\\vendor\\laravel\\framework\\src\\Illuminate\\Database\\Connection.php(498): Illuminate\\Database\\Connection->statement('insert into `ac...', Array)
#5 B:\\Projects PHP\\Dadis Project\\dasis Eshop\\public_html\\vendor\\laravel\\framework\\src\\Illuminate\\Database\\Query\\Processors\\Processor.php(32): Illuminate\\Database\\Connection->insert('insert into `ac...', Array)
#6 B:\\Projects PHP\\Dadis Project\\dasis Eshop\\public_html\\vendor\\laravel\\framework\\src\\Illuminate\\Database\\Query\\Builder.php(3322): Illuminate\\Database\\Query\\Processors\\Processor->processInsertGetId(Object(Illuminate\\Database\\Query\\Builder), 'insert into `ac...', Array, 'id')
#7 B:\\Projects PHP\\Dadis Project\\dasis Eshop\\public_html\\vendor\\laravel\\framework\\src\\Illuminate\\Database\\Eloquent\\Builder.php(1869): Illuminate\\Database\\Query\\Builder->insertGetId(Array, 'id')
#8 B:\\Projects PHP\\Dadis Project\\dasis Eshop\\public_html\\vendor\\laravel\\framework\\src\\Illuminate\\Database\\Eloquent\\Model.php(1330): Illuminate\\Database\\Eloquent\\Builder->__call('insertGetId', Array)
#9 B:\\Projects PHP\\Dadis Project\\dasis Eshop\\public_html\\vendor\\laravel\\framework\\src\\Illuminate\\Database\\Eloquent\\Model.php(1295): Illuminate\\Database\\Eloquent\\Model->insertAndSetId(Object(Illuminate\\Database\\Eloquent\\Builder), Array)
#10 B:\\Projects PHP\\Dadis Project\\dasis Eshop\\public_html\\vendor\\laravel\\framework\\src\\Illuminate\\Database\\Eloquent\\Model.php(1138): Illuminate\\Database\\Eloquent\\Model->performInsert(Object(Illuminate\\Database\\Eloquent\\Builder))
#11 B:\\Projects PHP\\Dadis Project\\dasis Eshop\\public_html\\vendor\\spatie\\laravel-activitylog\\src\\ActivityLogger.php(174): Illuminate\\Database\\Eloquent\\Model->save()
#12 B:\\Projects PHP\\Dadis Project\\dasis Eshop\\public_html\\app\\Utils\\Util.php(1450): Spatie\\Activitylog\\ActivityLogger->log('login')
#13 B:\\Projects PHP\\Dadis Project\\dasis Eshop\\public_html\\app\\Http\\Controllers\\Auth\\LoginController.php(88): App\\Utils\\Util->activityLog(Object(App\\User), 'login', NULL, Array, false, 2)
#14 B:\\Projects PHP\\Dadis Project\\dasis Eshop\\public_html\\vendor\\laravel\\ui\\auth-backend\\AuthenticatesUsers.php(114): App\\Http\\Controllers\\Auth\\LoginController->authenticated(Object(Illuminate\\Http\\Request), Object(App\\User))
#15 B:\\Projects PHP\\Dadis Project\\dasis Eshop\\public_html\\vendor\\laravel\\ui\\auth-backend\\AuthenticatesUsers.php(51): App\\Http\\Controllers\\Auth\\LoginController->sendLoginResponse(Object(Illuminate\\Http\\Request))
#16 B:\\Projects PHP\\Dadis Project\\dasis Eshop\\public_html\\vendor\\laravel\\framework\\src\\Illuminate\\Routing\\Controller.php(54): App\\Http\\Controllers\\Auth\\LoginController->login(Object(Illuminate\\Http\\Request))
#17 B:\\Projects PHP\\Dadis Project\\dasis Eshop\\public_html\\vendor\\laravel\\framework\\src\\Illuminate\\Routing\\ControllerDispatcher.php(43): Illuminate\\Routing\\Controller->callAction('login', Array)
#18 B:\\Projects PHP\\Dadis Project\\dasis Eshop\\public_html\\vendor\\laravel\\framework\\src\\Illuminate\\Routing\\Route.php(259): Illuminate\\Routing\\ControllerDispatcher->dispatch(Object(Illuminate\\Routing\\Route), Object(App\\Http\\Controllers\\Auth\\LoginController), 'login')
#19 B:\\Projects PHP\\Dadis Project\\dasis Eshop\\public_html\\vendor\\laravel\\framework\\src\\Illuminate\\Routing\\Route.php(205): Illuminate\\Routing\\Route->runController()
#20 B:\\Projects PHP\\Dadis Project\\dasis Eshop\\public_html\\vendor\\laravel\\framework\\src\\Illuminate\\Routing\\Router.php(798): Illuminate\\Routing\\Route->run()
#21 B:\\Projects PHP\\Dadis Project\\dasis Eshop\\public_html\\vendor\\laravel\\framework\\src\\Illuminate\\Pipeline\\Pipeline.php(141): Illuminate\\Routing\\Router->Illuminate\\Routing\\{closure}(Object(Illuminate\\Http\\Request))
#22 B:\\Projects PHP\\Dadis Project\\dasis Eshop\\public_html\\app\\Http\\Middleware\\RedirectIfAuthenticated.php(30): Illuminate\\Pipeline\\Pipeline->Illuminate\\Pipeline\\{closure}(Object(Illuminate\\Http\\Request))
#23 B:\\Projects PHP\\Dadis Project\\dasis Eshop\\public_html\\vendor\\laravel\\framework\\src\\Illuminate\\Pipeline\\Pipeline.php(180): App\\Http\\Middleware\\RedirectIfAuthenticated->handle(Object(Illuminate\\Http\\Request), Object(Closure))
#24 B:\\Projects PHP\\Dadis Project\\dasis Eshop\\public_html\\app\\Http\\Middleware\\IsInstalled.php(26): Illuminate\\Pipeline\\Pipeline->Illuminate\\Pipeline\\{closure}(Object(Illuminate\\Http\\Request))
#25 B:\\Projects PHP\\Dadis Project\\dasis Eshop\\public_html\\vendor\\laravel\\framework\\src\\Illuminate\\Pipeline\\Pipeline.php(180): App\\Http\\Middleware\\IsInstalled->handle(Object(Illuminate\\Http\\Request), Object(Closure))
#26 B:\\Projects PHP\\Dadis Project\\dasis Eshop\\public_html\\vendor\\barryvdh\\laravel-debugbar\\src\\Middleware\\InjectDebugbar.php(59): Illuminate\\Pipeline\\Pipeline->Illuminate\\Pipeline\\{closure}(Object(Illuminate\\Http\\Request))
#27 B:\\Projects PHP\\Dadis Project\\dasis Eshop\\public_html\\vendor\\laravel\\framework\\src\\Illuminate\\Pipeline\\Pipeline.php(180): Barryvdh\\Debugbar\\Middleware\\InjectDebugbar->handle(Object(Illuminate\\Http\\Request), Object(Closure))
#28 B:\\Projects PHP\\Dadis Project\\dasis Eshop\\public_html\\vendor\\laravel\\framework\\src\\Illuminate\\Routing\\Middleware\\SubstituteBindings.php(50): Illuminate\\Pipeline\\Pipeline->Illuminate\\Pipeline\\{closure}(Object(Illuminate\\Http\\Request))
#29 B:\\Projects PHP\\Dadis Project\\dasis Eshop\\public_html\\vendor\\laravel\\framework\\src\\Illuminate\\Pipeline\\Pipeline.php(180): Illuminate\\Routing\\Middleware\\SubstituteBindings->handle(Object(Illuminate\\Http\\Request), Object(Closure))
#30 B:\\Projects PHP\\Dadis Project\\dasis Eshop\\public_html\\vendor\\laravel\\framework\\src\\Illuminate\\Foundation\\Http\\Middleware\\VerifyCsrfToken.php(78): Illuminate\\Pipeline\\Pipeline->Illuminate\\Pipeline\\{closure}(Object(Illuminate\\Http\\Request))
#31 B:\\Projects PHP\\Dadis Project\\dasis Eshop\\public_html\\vendor\\laravel\\framework\\src\\Illuminate\\Pipeline\\Pipeline.php(180): Illuminate\\Foundation\\Http\\Middleware\\VerifyCsrfToken->handle(Object(Illuminate\\Http\\Request), Object(Closure))
#32 B:\\Projects PHP\\Dadis Project\\dasis Eshop\\public_html\\vendor\\laravel\\framework\\src\\Illuminate\\View\\Middleware\\ShareErrorsFromSession.php(49): Illuminate\\Pipeline\\Pipeline->Illuminate\\Pipeline\\{closure}(Object(Illuminate\\Http\\Request))
#33 B:\\Projects PHP\\Dadis Project\\dasis Eshop\\public_html\\vendor\\laravel\\framework\\src\\Illuminate\\Pipeline\\Pipeline.php(180): Illuminate\\View\\Middleware\\ShareErrorsFromSession->handle(Object(Illuminate\\Http\\Request), Object(Closure))
#34 B:\\Projects PHP\\Dadis Project\\dasis Eshop\\public_html\\vendor\\laravel\\framework\\src\\Illuminate\\Session\\Middleware\\StartSession.php(121): Illuminate\\Pipeline\\Pipeline->Illuminate\\Pipeline\\{closure}(Object(Illuminate\\Http\\Request))
#35 B:\\Projects PHP\\Dadis Project\\dasis Eshop\\public_html\\vendor\\laravel\\framework\\src\\Illuminate\\Session\\Middleware\\StartSession.php(64): Illuminate\\Session\\Middleware\\StartSession->handleStatefulRequest(Object(Illuminate\\Http\\Request), Object(Illuminate\\Session\\Store), Object(Closure))
#36 B:\\Projects PHP\\Dadis Project\\dasis Eshop\\public_html\\vendor\\laravel\\framework\\src\\Illuminate\\Pipeline\\Pipeline.php(180): Illuminate\\Session\\Middleware\\StartSession->handle(Object(Illuminate\\Http\\Request), Object(Closure))
#37 B:\\Projects PHP\\Dadis Project\\dasis Eshop\\public_html\\vendor\\laravel\\framework\\src\\Illuminate\\Cookie\\Middleware\\AddQueuedCookiesToResponse.php(37): Illuminate\\Pipeline\\Pipeline->Illuminate\\Pipeline\\{closure}(Object(Illuminate\\Http\\Request))
#38 B:\\Projects PHP\\Dadis Project\\dasis Eshop\\public_html\\vendor\\laravel\\framework\\src\\Illuminate\\Pipeline\\Pipeline.php(180): Illuminate\\Cookie\\Middleware\\AddQueuedCookiesToResponse->handle(Object(Illuminate\\Http\\Request), Object(Closure))
#39 B:\\Projects PHP\\Dadis Project\\dasis Eshop\\public_html\\vendor\\laravel\\framework\\src\\Illuminate\\Cookie\\Middleware\\EncryptCookies.php(67): Illuminate\\Pipeline\\Pipeline->Illuminate\\Pipeline\\{closure}(Object(Illuminate\\Http\\Request))
#40 B:\\Projects PHP\\Dadis Project\\dasis Eshop\\public_html\\vendor\\laravel\\framework\\src\\Illuminate\\Pipeline\\Pipeline.php(180): Illuminate\\Cookie\\Middleware\\EncryptCookies->handle(Object(Illuminate\\Http\\Request), Object(Closure))
#41 B:\\Projects PHP\\Dadis Project\\dasis Eshop\\public_html\\vendor\\laravel\\framework\\src\\Illuminate\\Pipeline\\Pipeline.php(116): Illuminate\\Pipeline\\Pipeline->Illuminate\\Pipeline\\{closure}(Object(Illuminate\\Http\\Request))
#42 B:\\Projects PHP\\Dadis Project\\dasis Eshop\\public_html\\vendor\\laravel\\framework\\src\\Illuminate\\Routing\\Router.php(797): Illuminate\\Pipeline\\Pipeline->then(Object(Closure))
#43 B:\\Projects PHP\\Dadis Project\\dasis Eshop\\public_html\\vendor\\laravel\\framework\\src\\Illuminate\\Routing\\Router.php(776): Illuminate\\Routing\\Router->runRouteWithinStack(Object(Illuminate\\Routing\\Route), Object(Illuminate\\Http\\Request))
#44 B:\\Projects PHP\\Dadis Project\\dasis Eshop\\public_html\\vendor\\laravel\\framework\\src\\Illuminate\\Routing\\Router.php(740): Illuminate\\Routing\\Router->runRoute(Object(Illuminate\\Http\\Request), Object(Illuminate\\Routing\\Route))
#45 B:\\Projects PHP\\Dadis Project\\dasis Eshop\\public_html\\vendor\\laravel\\framework\\src\\Illuminate\\Routing\\Router.php(729): Illuminate\\Routing\\Router->dispatchToRoute(Object(Illuminate\\Http\\Request))
#46 B:\\Projects PHP\\Dadis Project\\dasis Eshop\\public_html\\vendor\\laravel\\framework\\src\\Illuminate\\Foundation\\Http\\Kernel.php(190): Illuminate\\Routing\\Router->dispatch(Object(Illuminate\\Http\\Request))
#47 B:\\Projects PHP\\Dadis Project\\dasis Eshop\\public_html\\vendor\\laravel\\framework\\src\\Illuminate\\Pipeline\\Pipeline.php(141): Illuminate\\Foundation\\Http\\Kernel->Illuminate\\Foundation\\Http\\{closure}(Object(Illuminate\\Http\\Request))
#48 B:\\Projects PHP\\Dadis Project\\dasis Eshop\\public_html\\vendor\\barryvdh\\laravel-debugbar\\src\\Middleware\\InjectDebugbar.php(59): Illuminate\\Pipeline\\Pipeline->Illuminate\\Pipeline\\{closure}(Object(Illuminate\\Http\\Request))
#49 B:\\Projects PHP\\Dadis Project\\dasis Eshop\\public_html\\vendor\\laravel\\framework\\src\\Illuminate\\Pipeline\\Pipeline.php(180): Barryvdh\\Debugbar\\Middleware\\InjectDebugbar->handle(Object(Illuminate\\Http\\Request), Object(Closure))
#50 B:\\Projects PHP\\Dadis Project\\dasis Eshop\\public_html\\vendor\\laravel\\framework\\src\\Illuminate\\Foundation\\Http\\Middleware\\TransformsRequest.php(21): Illuminate\\Pipeline\\Pipeline->Illuminate\\Pipeline\\{closure}(Object(Illuminate\\Http\\Request))
#51 B:\\Projects PHP\\Dadis Project\\dasis Eshop\\public_html\\vendor\\laravel\\framework\\src\\Illuminate\\Foundation\\Http\\Middleware\\ConvertEmptyStringsToNull.php(31): Illuminate\\Foundation\\Http\\Middleware\\TransformsRequest->handle(Object(Illuminate\\Http\\Request), Object(Closure))
#52 B:\\Projects PHP\\Dadis Project\\dasis Eshop\\public_html\\vendor\\laravel\\framework\\src\\Illuminate\\Pipeline\\Pipeline.php(180): Illuminate\\Foundation\\Http\\Middleware\\ConvertEmptyStringsToNull->handle(Object(Illuminate\\Http\\Request), Object(Closure))
#53 B:\\Projects PHP\\Dadis Project\\dasis Eshop\\public_html\\vendor\\laravel\\framework\\src\\Illuminate\\Foundation\\Http\\Middleware\\TransformsRequest.php(21): Illuminate\\Pipeline\\Pipeline->Illuminate\\Pipeline\\{closure}(Object(Illuminate\\Http\\Request))
#54 B:\\Projects PHP\\Dadis Project\\dasis Eshop\\public_html\\vendor\\laravel\\framework\\src\\Illuminate\\Foundation\\Http\\Middleware\\TrimStrings.php(40): Illuminate\\Foundation\\Http\\Middleware\\TransformsRequest->handle(Object(Illuminate\\Http\\Request), Object(Closure))
#55 B:\\Projects PHP\\Dadis Project\\dasis Eshop\\public_html\\vendor\\laravel\\framework\\src\\Illuminate\\Pipeline\\Pipeline.php(180): Illuminate\\Foundation\\Http\\Middleware\\TrimStrings->handle(Object(Illuminate\\Http\\Request), Object(Closure))
#56 B:\\Projects PHP\\Dadis Project\\dasis Eshop\\public_html\\vendor\\laravel\\framework\\src\\Illuminate\\Foundation\\Http\\Middleware\\ValidatePostSize.php(27): Illuminate\\Pipeline\\Pipeline->Illuminate\\Pipeline\\{closure}(Object(Illuminate\\Http\\Request))
#57 B:\\Projects PHP\\Dadis Project\\dasis Eshop\\public_html\\vendor\\laravel\\framework\\src\\Illuminate\\Pipeline\\Pipeline.php(180): Illuminate\\Foundation\\Http\\Middleware\\ValidatePostSize->handle(Object(Illuminate\\Http\\Request), Object(Closure))
#58 B:\\Projects PHP\\Dadis Project\\dasis Eshop\\public_html\\vendor\\laravel\\framework\\src\\Illuminate\\Foundation\\Http\\Middleware\\PreventRequestsDuringMaintenance.php(86): Illuminate\\Pipeline\\Pipeline->Illuminate\\Pipeline\\{closure}(Object(Illuminate\\Http\\Request))
#59 B:\\Projects PHP\\Dadis Project\\dasis Eshop\\public_html\\vendor\\laravel\\framework\\src\\Illuminate\\Pipeline\\Pipeline.php(180): Illuminate\\Foundation\\Http\\Middleware\\PreventRequestsDuringMaintenance->handle(Object(Illuminate\\Http\\Request), Object(Closure))
#60 B:\\Projects PHP\\Dadis Project\\dasis Eshop\\public_html\\vendor\\laravel\\framework\\src\\Illuminate\\Http\\Middleware\\HandleCors.php(49): Illuminate\\Pipeline\\Pipeline->Illuminate\\Pipeline\\{closure}(Object(Illuminate\\Http\\Request))
#61 B:\\Projects PHP\\Dadis Project\\dasis Eshop\\public_html\\vendor\\laravel\\framework\\src\\Illuminate\\Pipeline\\Pipeline.php(180): Illuminate\\Http\\Middleware\\HandleCors->handle(Object(Illuminate\\Http\\Request), Object(Closure))
#62 B:\\Projects PHP\\Dadis Project\\dasis Eshop\\public_html\\vendor\\laravel\\framework\\src\\Illuminate\\Http\\Middleware\\TrustProxies.php(39): Illuminate\\Pipeline\\Pipeline->Illuminate\\Pipeline\\{closure}(Object(Illuminate\\Http\\Request))
#63 B:\\Projects PHP\\Dadis Project\\dasis Eshop\\public_html\\vendor\\laravel\\framework\\src\\Illuminate\\Pipeline\\Pipeline.php(180): Illuminate\\Http\\Middleware\\TrustProxies->handle(Object(Illuminate\\Http\\Request), Object(Closure))
#64 B:\\Projects PHP\\Dadis Project\\dasis Eshop\\public_html\\vendor\\laravel\\framework\\src\\Illuminate\\Pipeline\\Pipeline.php(116): Illuminate\\Pipeline\\Pipeline->Illuminate\\Pipeline\\{closure}(Object(Illuminate\\Http\\Request))
#65 B:\\Projects PHP\\Dadis Project\\dasis Eshop\\public_html\\vendor\\laravel\\framework\\src\\Illuminate\\Foundation\\Http\\Kernel.php(165): Illuminate\\Pipeline\\Pipeline->then(Object(Closure))
#66 B:\\Projects PHP\\Dadis Project\\dasis Eshop\\public_html\\vendor\\laravel\\framework\\src\\Illuminate\\Foundation\\Http\\Kernel.php(134): Illuminate\\Foundation\\Http\\Kernel->sendRequestThroughRouter(Object(Illuminate\\Http\\Request))
#67 B:\\Projects PHP\\Dadis Project\\dasis Eshop\\public_html\\public\\index.php(51): Illuminate\\Foundation\\Http\\Kernel->handle(Object(Illuminate\\Http\\Request))
#68 B:\\Projects PHP\\Dadis Project\\dasis Eshop\\public_html\\vendor\\laravel\\framework\\src\\Illuminate\\Foundation\\resources\\server.php(16): require_once('B:\\\\Projects PHP...')
#69 {main}
"} 
[2026-05-27 23:09:21] live.ERROR: SQLSTATE[42S01]: Base table or view already exists: 1050 Table 'otp' already exists (SQL: create table `otp` (`id` bigint unsigned not null auto_increment primary key, `phone` varchar(20) not null, `otp` varchar(10) not null, `created_at` timestamp null, `updated_at` timestamp null) default character set utf8mb4 collate 'utf8mb4_unicode_ci') {"exception":"[object] (Illuminate\\Database\\QueryException(code: 42S01): SQLSTATE[42S01]: Base table or view already exists: 1050 Table 'otp' already exists (SQL: create table `otp` (`id` bigint unsigned not null auto_increment primary key, `phone` varchar(20) not null, `otp` varchar(10) not null, `created_at` timestamp null, `updated_at` timestamp null) default character set utf8mb4 collate 'utf8mb4_unicode_ci') at B:\\Projects PHP\\Dadis Project\\dasis Eshop\\public_html\\vendor\\laravel\\framework\\src\\Illuminate\\Database\\Connection.php:760)
[stacktrace]
#0 B:\\Projects PHP\\Dadis Project\\dasis Eshop\\public_html\\vendor\\laravel\\framework\\src\\Illuminate\\Database\\Connection.php(720): Illuminate\\Database\\Connection->runQueryCallback('create table `o...', Array, Object(Closure))
#1 B:\\Projects PHP\\Dadis Project\\dasis Eshop\\public_html\\vendor\\laravel\\framework\\src\\Illuminate\\Database\\Connection.php(534): Illuminate\\Database\\Connection->run('create table `o...', Array, Object(Closure))
#2 B:\\Projects PHP\\Dadis Project\\dasis Eshop\\public_html\\vendor\\laravel\\framework\\src\\Illuminate\\Database\\Schema\\Blueprint.php(109): Illuminate\\Database\\Connection->statement('create table `o...')
#3 B:\\Projects PHP\\Dadis Project\\dasis Eshop\\public_html\\vendor\\laravel\\framework\\src\\Illuminate\\Database\\Schema\\Builder.php(439): Illuminate\\Database\\Schema\\Blueprint->build(Object(Illuminate\\Database\\MySqlConnection), Object(Illuminate\\Database\\Schema\\Grammars\\MySqlGrammar))
#4 B:\\Projects PHP\\Dadis Project\\dasis Eshop\\public_html\\vendor\\laravel\\framework\\src\\Illuminate\\Database\\Schema\\Builder.php(281): Illuminate\\Database\\Schema\\Builder->build(Object(Illuminate\\Database\\Schema\\Blueprint))
#5 B:\\Projects PHP\\Dadis Project\\dasis Eshop\\public_html\\vendor\\laravel\\framework\\src\\Illuminate\\Support\\Facades\\Facade.php(338): Illuminate\\Database\\Schema\\Builder->create('otp', Object(Closure))
#6 B:\\Projects PHP\\Dadis Project\\dasis Eshop\\public_html\\database\\migrations\\2026_02_01_022404_create_otp_table.php(16): Illuminate\\Support\\Facades\\Facade::__callStatic('create', Array)
#7 B:\\Projects PHP\\Dadis Project\\dasis Eshop\\public_html\\vendor\\laravel\\framework\\src\\Illuminate\\Database\\Migrations\\Migrator.php(496): Illuminate\\Database\\Migrations\\Migration@anonymous->up()
#8 B:\\Projects PHP\\Dadis Project\\dasis Eshop\\public_html\\vendor\\laravel\\framework\\src\\Illuminate\\Database\\Migrations\\Migrator.php(414): Illuminate\\Database\\Migrations\\Migrator->runMethod(Object(Illuminate\\Database\\MySqlConnection), Object(Illuminate\\Database\\Migrations\\Migration@anonymous), 'up')
#9 B:\\Projects PHP\\Dadis Project\\dasis Eshop\\public_html\\vendor\\laravel\\framework\\src\\Illuminate\\Database\\Migrations\\Migrator.php(423): Illuminate\\Database\\Migrations\\Migrator->Illuminate\\Database\\Migrations\\{closure}()
#10 B:\\Projects PHP\\Dadis Project\\dasis Eshop\\public_html\\vendor\\laravel\\framework\\src\\Illuminate\\Database\\Migrations\\Migrator.php(224): Illuminate\\Database\\Migrations\\Migrator->runMigration(Object(Illuminate\\Database\\Migrations\\Migration@anonymous), 'up')
#11 B:\\Projects PHP\\Dadis Project\\dasis Eshop\\public_html\\vendor\\laravel\\framework\\src\\Illuminate\\Console\\View\\Components\\Task.php(37): Illuminate\\Database\\Migrations\\Migrator->Illuminate\\Database\\Migrations\\{closure}()
#12 B:\\Projects PHP\\Dadis Project\\dasis Eshop\\public_html\\vendor\\laravel\\framework\\src\\Illuminate\\Database\\Migrations\\Migrator.php(778): Illuminate\\Console\\View\\Components\\Task->render('2026_02_01_0224...', Object(Closure))
#13 B:\\Projects PHP\\Dadis Project\\dasis Eshop\\public_html\\vendor\\laravel\\framework\\src\\Illuminate\\Database\\Migrations\\Migrator.php(224): Illuminate\\Database\\Migrations\\Migrator->write('Illuminate\\\\Cons...', '2026_02_01_0224...', Object(Closure))
#14 B:\\Projects PHP\\Dadis Project\\dasis Eshop\\public_html\\vendor\\laravel\\framework\\src\\Illuminate\\Database\\Migrations\\Migrator.php(189): Illuminate\\Database\\Migrations\\Migrator->runUp('B:\\\\Projects PHP...', 11, false)
#15 B:\\Projects PHP\\Dadis Project\\dasis Eshop\\public_html\\vendor\\laravel\\framework\\src\\Illuminate\\Database\\Migrations\\Migrator.php(132): Illuminate\\Database\\Migrations\\Migrator->runPending(Array, Array)
#16 B:\\Projects PHP\\Dadis Project\\dasis Eshop\\public_html\\vendor\\laravel\\framework\\src\\Illuminate\\Database\\Console\\Migrations\\MigrateCommand.php(88): Illuminate\\Database\\Migrations\\Migrator->run(Array, Array)
#17 B:\\Projects PHP\\Dadis Project\\dasis Eshop\\public_html\\vendor\\laravel\\framework\\src\\Illuminate\\Database\\Migrations\\Migrator.php(636): Illuminate\\Database\\Console\\Migrations\\MigrateCommand->Illuminate\\Database\\Console\\Migrations\\{closure}()
#18 B:\\Projects PHP\\Dadis Project\\dasis Eshop\\public_html\\vendor\\laravel\\framework\\src\\Illuminate\\Database\\Console\\Migrations\\MigrateCommand.php(81): Illuminate\\Database\\Migrations\\Migrator->usingConnection(NULL, Object(Closure))
#19 B:\\Projects PHP\\Dadis Project\\dasis Eshop\\public_html\\vendor\\laravel\\framework\\src\\Illuminate\\Container\\BoundMethod.php(36): Illuminate\\Database\\Console\\Migrations\\MigrateCommand->handle()
#20 B:\\Projects PHP\\Dadis Project\\dasis Eshop\\public_html\\vendor\\laravel\\framework\\src\\Illuminate\\Container\\Util.php(41): Illuminate\\Container\\BoundMethod::Illuminate\\Container\\{closure}()
#21 B:\\Projects PHP\\Dadis Project\\dasis Eshop\\public_html\\vendor\\laravel\\framework\\src\\Illuminate\\Container\\BoundMethod.php(93): Illuminate\\Container\\Util::unwrapIfClosure(Object(Closure))
#22 B:\\Projects PHP\\Dadis Project\\dasis Eshop\\public_html\\vendor\\laravel\\framework\\src\\Illuminate\\Container\\BoundMethod.php(35): Illuminate\\Container\\BoundMethod::callBoundMethod(Object(Illuminate\\Foundation\\Application), Array, Object(Closure))
#23 B:\\Projects PHP\\Dadis Project\\dasis Eshop\\public_html\\vendor\\laravel\\framework\\src\\Illuminate\\Container\\Container.php(661): Illuminate\\Container\\BoundMethod::call(Object(Illuminate\\Foundation\\Application), Array, Array, NULL)
#24 B:\\Projects PHP\\Dadis Project\\dasis Eshop\\public_html\\vendor\\laravel\\framework\\src\\Illuminate\\Console\\Command.php(183): Illuminate\\Container\\Container->call(Array)
#25 B:\\Projects PHP\\Dadis Project\\dasis Eshop\\public_html\\vendor\\symfony\\console\\Command\\Command.php(326): Illuminate\\Console\\Command->execute(Object(Symfony\\Component\\Console\\Input\\ArgvInput), Object(Illuminate\\Console\\OutputStyle))
#26 B:\\Projects PHP\\Dadis Project\\dasis Eshop\\public_html\\vendor\\laravel\\framework\\src\\Illuminate\\Console\\Command.php(152): Symfony\\Component\\Console\\Command\\Command->run(Object(Symfony\\Component\\Console\\Input\\ArgvInput), Object(Illuminate\\Console\\OutputStyle))
#27 B:\\Projects PHP\\Dadis Project\\dasis Eshop\\public_html\\vendor\\symfony\\console\\Application.php(1083): Illuminate\\Console\\Command->run(Object(Symfony\\Component\\Console\\Input\\ArgvInput), Object(Symfony\\Component\\Console\\Output\\ConsoleOutput))
#28 B:\\Projects PHP\\Dadis Project\\dasis Eshop\\public_html\\vendor\\symfony\\console\\Application.php(324): Symfony\\Component\\Console\\Application->doRunCommand(Object(Illuminate\\Database\\Console\\Migrations\\MigrateCommand), Object(Symfony\\Component\\Console\\Input\\ArgvInput), Object(Symfony\\Component\\Console\\Output\\ConsoleOutput))
#29 B:\\Projects PHP\\Dadis Project\\dasis Eshop\\public_html\\vendor\\symfony\\console\\Application.php(175): Symfony\\Component\\Console\\Application->doRun(Object(Symfony\\Component\\Console\\Input\\ArgvInput), Object(Symfony\\Component\\Console\\Output\\ConsoleOutput))
#30 B:\\Projects PHP\\Dadis Project\\dasis Eshop\\public_html\\vendor\\laravel\\framework\\src\\Illuminate\\Console\\Application.php(102): Symfony\\Component\\Console\\Application->run(Object(Symfony\\Component\\Console\\Input\\ArgvInput), Object(Symfony\\Component\\Console\\Output\\ConsoleOutput))
#31 B:\\Projects PHP\\Dadis Project\\dasis Eshop\\public_html\\vendor\\laravel\\framework\\src\\Illuminate\\Foundation\\Console\\Kernel.php(155): Illuminate\\Console\\Application->run(Object(Symfony\\Component\\Console\\Input\\ArgvInput), Object(Symfony\\Component\\Console\\Output\\ConsoleOutput))
#32 B:\\Projects PHP\\Dadis Project\\dasis Eshop\\public_html\\artisan(35): Illuminate\\Foundation\\Console\\Kernel->handle(Object(Symfony\\Component\\Console\\Input\\ArgvInput), Object(Symfony\\Component\\Console\\Output\\ConsoleOutput))
#33 {main}

[previous exception] [object] (PDOException(code: 42S01): SQLSTATE[42S01]: Base table or view already exists: 1050 Table 'otp' already exists at B:\\Projects PHP\\Dadis Project\\dasis Eshop\\public_html\\vendor\\laravel\\framework\\src\\Illuminate\\Database\\Connection.php:545)
[stacktrace]
#0 B:\\Projects PHP\\Dadis Project\\dasis Eshop\\public_html\\vendor\\laravel\\framework\\src\\Illuminate\\Database\\Connection.php(545): PDOStatement->execute()
#1 B:\\Projects PHP\\Dadis Project\\dasis Eshop\\public_html\\vendor\\laravel\\framework\\src\\Illuminate\\Database\\Connection.php(753): Illuminate\\Database\\Connection->Illuminate\\Database\\{closure}('create table `o...', Array)
#2 B:\\Projects PHP\\Dadis Project\\dasis Eshop\\public_html\\vendor\\laravel\\framework\\src\\Illuminate\\Database\\Connection.php(720): Illuminate\\Database\\Connection->runQueryCallback('create table `o...', Array, Object(Closure))
#3 B:\\Projects PHP\\Dadis Project\\dasis Eshop\\public_html\\vendor\\laravel\\framework\\src\\Illuminate\\Database\\Connection.php(534): Illuminate\\Database\\Connection->run('create table `o...', Array, Object(Closure))
#4 B:\\Projects PHP\\Dadis Project\\dasis Eshop\\public_html\\vendor\\laravel\\framework\\src\\Illuminate\\Database\\Schema\\Blueprint.php(109): Illuminate\\Database\\Connection->statement('create table `o...')
#5 B:\\Projects PHP\\Dadis Project\\dasis Eshop\\public_html\\vendor\\laravel\\framework\\src\\Illuminate\\Database\\Schema\\Builder.php(439): Illuminate\\Database\\Schema\\Blueprint->build(Object(Illuminate\\Database\\MySqlConnection), Object(Illuminate\\Database\\Schema\\Grammars\\MySqlGrammar))
#6 B:\\Projects PHP\\Dadis Project\\dasis Eshop\\public_html\\vendor\\laravel\\framework\\src\\Illuminate\\Database\\Schema\\Builder.php(281): Illuminate\\Database\\Schema\\Builder->build(Object(Illuminate\\Database\\Schema\\Blueprint))
#7 B:\\Projects PHP\\Dadis Project\\dasis Eshop\\public_html\\vendor\\laravel\\framework\\src\\Illuminate\\Support\\Facades\\Facade.php(338): Illuminate\\Database\\Schema\\Builder->create('otp', Object(Closure))
#8 B:\\Projects PHP\\Dadis Project\\dasis Eshop\\public_html\\database\\migrations\\2026_02_01_022404_create_otp_table.php(16): Illuminate\\Support\\Facades\\Facade::__callStatic('create', Array)
#9 B:\\Projects PHP\\Dadis Project\\dasis Eshop\\public_html\\vendor\\laravel\\framework\\src\\Illuminate\\Database\\Migrations\\Migrator.php(496): Illuminate\\Database\\Migrations\\Migration@anonymous->up()
#10 B:\\Projects PHP\\Dadis Project\\dasis Eshop\\public_html\\vendor\\laravel\\framework\\src\\Illuminate\\Database\\Migrations\\Migrator.php(414): Illuminate\\Database\\Migrations\\Migrator->runMethod(Object(Illuminate\\Database\\MySqlConnection), Object(Illuminate\\Database\\Migrations\\Migration@anonymous), 'up')
#11 B:\\Projects PHP\\Dadis Project\\dasis Eshop\\public_html\\vendor\\laravel\\framework\\src\\Illuminate\\Database\\Migrations\\Migrator.php(423): Illuminate\\Database\\Migrations\\Migrator->Illuminate\\Database\\Migrations\\{closure}()
#12 B:\\Projects PHP\\Dadis Project\\dasis Eshop\\public_html\\vendor\\laravel\\framework\\src\\Illuminate\\Database\\Migrations\\Migrator.php(224): Illuminate\\Database\\Migrations\\Migrator->runMigration(Object(Illuminate\\Database\\Migrations\\Migration@anonymous), 'up')
#13 B:\\Projects PHP\\Dadis Project\\dasis Eshop\\public_html\\vendor\\laravel\\framework\\src\\Illuminate\\Console\\View\\Components\\Task.php(37): Illuminate\\Database\\Migrations\\Migrator->Illuminate\\Database\\Migrations\\{closure}()
#14 B:\\Projects PHP\\Dadis Project\\dasis Eshop\\public_html\\vendor\\laravel\\framework\\src\\Illuminate\\Database\\Migrations\\Migrator.php(778): Illuminate\\Console\\View\\Components\\Task->render('2026_02_01_0224...', Object(Closure))
#15 B:\\Projects PHP\\Dadis Project\\dasis Eshop\\public_html\\vendor\\laravel\\framework\\src\\Illuminate\\Database\\Migrations\\Migrator.php(224): Illuminate\\Database\\Migrations\\Migrator->write('Illuminate\\\\Cons...', '2026_02_01_0224...', Object(Closure))
#16 B:\\Projects PHP\\Dadis Project\\dasis Eshop\\public_html\\vendor\\laravel\\framework\\src\\Illuminate\\Database\\Migrations\\Migrator.php(189): Illuminate\\Database\\Migrations\\Migrator->runUp('B:\\\\Projects PHP...', 11, false)
#17 B:\\Projects PHP\\Dadis Project\\dasis Eshop\\public_html\\vendor\\laravel\\framework\\src\\Illuminate\\Database\\Migrations\\Migrator.php(132): Illuminate\\Database\\Migrations\\Migrator->runPending(Array, Array)
#18 B:\\Projects PHP\\Dadis Project\\dasis Eshop\\public_html\\vendor\\laravel\\framework\\src\\Illuminate\\Database\\Console\\Migrations\\MigrateCommand.php(88): Illuminate\\Database\\Migrations\\Migrator->run(Array, Array)
#19 B:\\Projects PHP\\Dadis Project\\dasis Eshop\\public_html\\vendor\\laravel\\framework\\src\\Illuminate\\Database\\Migrations\\Migrator.php(636): Illuminate\\Database\\Console\\Migrations\\MigrateCommand->Illuminate\\Database\\Console\\Migrations\\{closure}()
#20 B:\\Projects PHP\\Dadis Project\\dasis Eshop\\public_html\\vendor\\laravel\\framework\\src\\Illuminate\\Database\\Console\\Migrations\\MigrateCommand.php(81): Illuminate\\Database\\Migrations\\Migrator->usingConnection(NULL, Object(Closure))
#21 B:\\Projects PHP\\Dadis Project\\dasis Eshop\\public_html\\vendor\\laravel\\framework\\src\\Illuminate\\Container\\BoundMethod.php(36): Illuminate\\Database\\Console\\Migrations\\MigrateCommand->handle()
#22 B:\\Projects PHP\\Dadis Project\\dasis Eshop\\public_html\\vendor\\laravel\\framework\\src\\Illuminate\\Container\\Util.php(41): Illuminate\\Container\\BoundMethod::Illuminate\\Container\\{closure}()
#23 B:\\Projects PHP\\Dadis Project\\dasis Eshop\\public_html\\vendor\\laravel\\framework\\src\\Illuminate\\Container\\BoundMethod.php(93): Illuminate\\Container\\Util::unwrapIfClosure(Object(Closure))
#24 B:\\Projects PHP\\Dadis Project\\dasis Eshop\\public_html\\vendor\\laravel\\framework\\src\\Illuminate\\Container\\BoundMethod.php(35): Illuminate\\Container\\BoundMethod::callBoundMethod(Object(Illuminate\\Foundation\\Application), Array, Object(Closure))
#25 B:\\Projects PHP\\Dadis Project\\dasis Eshop\\public_html\\vendor\\laravel\\framework\\src\\Illuminate\\Container\\Container.php(661): Illuminate\\Container\\BoundMethod::call(Object(Illuminate\\Foundation\\Application), Array, Array, NULL)
#26 B:\\Projects PHP\\Dadis Project\\dasis Eshop\\public_html\\vendor\\laravel\\framework\\src\\Illuminate\\Console\\Command.php(183): Illuminate\\Container\\Container->call(Array)
#27 B:\\Projects PHP\\Dadis Project\\dasis Eshop\\public_html\\vendor\\symfony\\console\\Command\\Command.php(326): Illuminate\\Console\\Command->execute(Object(Symfony\\Component\\Console\\Input\\ArgvInput), Object(Illuminate\\Console\\OutputStyle))
#28 B:\\Projects PHP\\Dadis Project\\dasis Eshop\\public_html\\vendor\\laravel\\framework\\src\\Illuminate\\Console\\Command.php(152): Symfony\\Component\\Console\\Command\\Command->run(Object(Symfony\\Component\\Console\\Input\\ArgvInput), Object(Illuminate\\Console\\OutputStyle))
#29 B:\\Projects PHP\\Dadis Project\\dasis Eshop\\public_html\\vendor\\symfony\\console\\Application.php(1083): Illuminate\\Console\\Command->run(Object(Symfony\\Component\\Console\\Input\\ArgvInput), Object(Symfony\\Component\\Console\\Output\\ConsoleOutput))
#30 B:\\Projects PHP\\Dadis Project\\dasis Eshop\\public_html\\vendor\\symfony\\console\\Application.php(324): Symfony\\Component\\Console\\Application->doRunCommand(Object(Illuminate\\Database\\Console\\Migrations\\MigrateCommand), Object(Symfony\\Component\\Console\\Input\\ArgvInput), Object(Symfony\\Component\\Console\\Output\\ConsoleOutput))
#31 B:\\Projects PHP\\Dadis Project\\dasis Eshop\\public_html\\vendor\\symfony\\console\\Application.php(175): Symfony\\Component\\Console\\Application->doRun(Object(Symfony\\Component\\Console\\Input\\ArgvInput), Object(Symfony\\Component\\Console\\Output\\ConsoleOutput))
#32 B:\\Projects PHP\\Dadis Project\\dasis Eshop\\public_html\\vendor\\laravel\\framework\\src\\Illuminate\\Console\\Application.php(102): Symfony\\Component\\Console\\Application->run(Object(Symfony\\Component\\Console\\Input\\ArgvInput), Object(Symfony\\Component\\Console\\Output\\ConsoleOutput))
#33 B:\\Projects PHP\\Dadis Project\\dasis Eshop\\public_html\\vendor\\laravel\\framework\\src\\Illuminate\\Foundation\\Console\\Kernel.php(155): Illuminate\\Console\\Application->run(Object(Symfony\\Component\\Console\\Input\\ArgvInput), Object(Symfony\\Component\\Console\\Output\\ConsoleOutput))
#34 B:\\Projects PHP\\Dadis Project\\dasis Eshop\\public_html\\artisan(35): Illuminate\\Foundation\\Console\\Kernel->handle(Object(Symfony\\Component\\Console\\Input\\ArgvInput), Object(Symfony\\Component\\Console\\Output\\ConsoleOutput))
#35 {main}
"} 
[2026-05-27 23:11:20] live.ERROR: Target class [App\Http\Controllers\CarMaintenanceController] does not exist. {"userId":8,"exception":"[object] (Illuminate\\Contracts\\Container\\BindingResolutionException(code: 0): Target class [App\\Http\\Controllers\\CarMaintenanceController] does not exist. at B:\\Projects PHP\\Dadis Project\\dasis Eshop\\public_html\\vendor\\laravel\\framework\\src\\Illuminate\\Container\\Container.php:891)
[stacktrace]
#0 B:\\Projects PHP\\Dadis Project\\dasis Eshop\\public_html\\vendor\\laravel\\framework\\src\\Illuminate\\Container\\Container.php(770): Illuminate\\Container\\Container->build('App\\\\Http\\\\Contro...')
#1 B:\\Projects PHP\\Dadis Project\\dasis Eshop\\public_html\\vendor\\laravel\\framework\\src\\Illuminate\\Foundation\\Application.php(881): Illuminate\\Container\\Container->resolve('App\\\\Http\\\\Contro...', Array, true)
#2 B:\\Projects PHP\\Dadis Project\\dasis Eshop\\public_html\\vendor\\laravel\\framework\\src\\Illuminate\\Container\\Container.php(706): Illuminate\\Foundation\\Application->resolve('App\\\\Http\\\\Contro...', Array)
#3 B:\\Projects PHP\\Dadis Project\\dasis Eshop\\public_html\\vendor\\laravel\\framework\\src\\Illuminate\\Foundation\\Application.php(866): Illuminate\\Container\\Container->make('App\\\\Http\\\\Contro...', Array)
#4 B:\\Projects PHP\\Dadis Project\\dasis Eshop\\public_html\\vendor\\laravel\\framework\\src\\Illuminate\\Routing\\Route.php(274): Illuminate\\Foundation\\Application->make('App\\\\Http\\\\Contro...')
#5 B:\\Projects PHP\\Dadis Project\\dasis Eshop\\public_html\\vendor\\laravel\\framework\\src\\Illuminate\\Routing\\Route.php(260): Illuminate\\Routing\\Route->getController()
#6 B:\\Projects PHP\\Dadis Project\\dasis Eshop\\public_html\\vendor\\laravel\\framework\\src\\Illuminate\\Routing\\Route.php(205): Illuminate\\Routing\\Route->runController()
#7 B:\\Projects PHP\\Dadis Project\\dasis Eshop\\public_html\\vendor\\laravel\\framework\\src\\Illuminate\\Routing\\Router.php(798): Illuminate\\Routing\\Route->run()
#8 B:\\Projects PHP\\Dadis Project\\dasis Eshop\\public_html\\vendor\\laravel\\framework\\src\\Illuminate\\Pipeline\\Pipeline.php(141): Illuminate\\Routing\\Router->Illuminate\\Routing\\{closure}(Object(Illuminate\\Http\\Request))
#9 B:\\Projects PHP\\Dadis Project\\dasis Eshop\\public_html\\app\\Http\\Middleware\\CheckUserLogin.php(22): Illuminate\\Pipeline\\Pipeline->Illuminate\\Pipeline\\{closure}(Object(Illuminate\\Http\\Request))
#10 B:\\Projects PHP\\Dadis Project\\dasis Eshop\\public_html\\vendor\\laravel\\framework\\src\\Illuminate\\Pipeline\\Pipeline.php(180): App\\Http\\Middleware\\CheckUserLogin->handle(Object(Illuminate\\Http\\Request), Object(Closure))
#11 B:\\Projects PHP\\Dadis Project\\dasis Eshop\\public_html\\app\\Http\\Middleware\\AdminSidebarMenu.php(793): Illuminate\\Pipeline\\Pipeline->Illuminate\\Pipeline\\{closure}(Object(Illuminate\\Http\\Request))
#12 B:\\Projects PHP\\Dadis Project\\dasis Eshop\\public_html\\vendor\\laravel\\framework\\src\\Illuminate\\Pipeline\\Pipeline.php(180): App\\Http\\Middleware\\AdminSidebarMenu->handle(Object(Illuminate\\Http\\Request), Object(Closure))
#13 B:\\Projects PHP\\Dadis Project\\dasis Eshop\\public_html\\app\\Http\\Middleware\\Timezone.php(30): Illuminate\\Pipeline\\Pipeline->Illuminate\\Pipeline\\{closure}(Object(Illuminate\\Http\\Request))
#14 B:\\Projects PHP\\Dadis Project\\dasis Eshop\\public_html\\vendor\\laravel\\framework\\src\\Illuminate\\Pipeline\\Pipeline.php(180): App\\Http\\Middleware\\Timezone->handle(Object(Illuminate\\Http\\Request), Object(Closure))
#15 B:\\Projects PHP\\Dadis Project\\dasis Eshop\\public_html\\app\\Http\\Middleware\\Language.php(25): Illuminate\\Pipeline\\Pipeline->Illuminate\\Pipeline\\{closure}(Object(Illuminate\\Http\\Request))
#16 B:\\Projects PHP\\Dadis Project\\dasis Eshop\\public_html\\vendor\\laravel\\framework\\src\\Illuminate\\Pipeline\\Pipeline.php(180): App\\Http\\Middleware\\Language->handle(Object(Illuminate\\Http\\Request), Object(Closure))
#17 B:\\Projects PHP\\Dadis Project\\dasis Eshop\\public_html\\app\\Http\\Middleware\\SetSessionData.php(52): Illuminate\\Pipeline\\Pipeline->Illuminate\\Pipeline\\{closure}(Object(Illuminate\\Http\\Request))
#18 B:\\Projects PHP\\Dadis Project\\dasis Eshop\\public_html\\vendor\\laravel\\framework\\src\\Illuminate\\Pipeline\\Pipeline.php(180): App\\Http\\Middleware\\SetSessionData->handle(Object(Illuminate\\Http\\Request), Object(Closure))
#19 B:\\Projects PHP\\Dadis Project\\dasis Eshop\\public_html\\app\\Http\\Middleware\\IsInstalled.php(26): Illuminate\\Pipeline\\Pipeline->Illuminate\\Pipeline\\{closure}(Object(Illuminate\\Http\\Request))
#20 B:\\Projects PHP\\Dadis Project\\dasis Eshop\\public_html\\vendor\\laravel\\framework\\src\\Illuminate\\Pipeline\\Pipeline.php(180): App\\Http\\Middleware\\IsInstalled->handle(Object(Illuminate\\Http\\Request), Object(Closure))
#21 B:\\Projects PHP\\Dadis Project\\dasis Eshop\\public_html\\vendor\\barryvdh\\laravel-debugbar\\src\\Middleware\\InjectDebugbar.php(59): Illuminate\\Pipeline\\Pipeline->Illuminate\\Pipeline\\{closure}(Object(Illuminate\\Http\\Request))
#22 B:\\Projects PHP\\Dadis Project\\dasis Eshop\\public_html\\vendor\\laravel\\framework\\src\\Illuminate\\Pipeline\\Pipeline.php(180): Barryvdh\\Debugbar\\Middleware\\InjectDebugbar->handle(Object(Illuminate\\Http\\Request), Object(Closure))
#23 B:\\Projects PHP\\Dadis Project\\dasis Eshop\\public_html\\vendor\\laravel\\framework\\src\\Illuminate\\Routing\\Middleware\\SubstituteBindings.php(50): Illuminate\\Pipeline\\Pipeline->Illuminate\\Pipeline\\{closure}(Object(Illuminate\\Http\\Request))
#24 B:\\Projects PHP\\Dadis Project\\dasis Eshop\\public_html\\vendor\\laravel\\framework\\src\\Illuminate\\Pipeline\\Pipeline.php(180): Illuminate\\Routing\\Middleware\\SubstituteBindings->handle(Object(Illuminate\\Http\\Request), Object(Closure))
#25 B:\\Projects PHP\\Dadis Project\\dasis Eshop\\public_html\\vendor\\laravel\\framework\\src\\Illuminate\\Auth\\Middleware\\Authenticate.php(44): Illuminate\\Pipeline\\Pipeline->Illuminate\\Pipeline\\{closure}(Object(Illuminate\\Http\\Request))
#26 B:\\Projects PHP\\Dadis Project\\dasis Eshop\\public_html\\vendor\\laravel\\framework\\src\\Illuminate\\Pipeline\\Pipeline.php(180): Illuminate\\Auth\\Middleware\\Authenticate->handle(Object(Illuminate\\Http\\Request), Object(Closure))
#27 B:\\Projects PHP\\Dadis Project\\dasis Eshop\\public_html\\vendor\\laravel\\framework\\src\\Illuminate\\Foundation\\Http\\Middleware\\VerifyCsrfToken.php(78): Illuminate\\Pipeline\\Pipeline->Illuminate\\Pipeline\\{closure}(Object(Illuminate\\Http\\Request))
#28 B:\\Projects PHP\\Dadis Project\\dasis Eshop\\public_html\\vendor\\laravel\\framework\\src\\Illuminate\\Pipeline\\Pipeline.php(180): Illuminate\\Foundation\\Http\\Middleware\\VerifyCsrfToken->handle(Object(Illuminate\\Http\\Request), Object(Closure))
#29 B:\\Projects PHP\\Dadis Project\\dasis Eshop\\public_html\\vendor\\laravel\\framework\\src\\Illuminate\\View\\Middleware\\ShareErrorsFromSession.php(49): Illuminate\\Pipeline\\Pipeline->Illuminate\\Pipeline\\{closure}(Object(Illuminate\\Http\\Request))
#30 B:\\Projects PHP\\Dadis Project\\dasis Eshop\\public_html\\vendor\\laravel\\framework\\src\\Illuminate\\Pipeline\\Pipeline.php(180): Illuminate\\View\\Middleware\\ShareErrorsFromSession->handle(Object(Illuminate\\Http\\Request), Object(Closure))
#31 B:\\Projects PHP\\Dadis Project\\dasis Eshop\\public_html\\vendor\\laravel\\framework\\src\\Illuminate\\Session\\Middleware\\StartSession.php(121): Illuminate\\Pipeline\\Pipeline->Illuminate\\Pipeline\\{closure}(Object(Illuminate\\Http\\Request))
#32 B:\\Projects PHP\\Dadis Project\\dasis Eshop\\public_html\\vendor\\laravel\\framework\\src\\Illuminate\\Session\\Middleware\\StartSession.php(64): Illuminate\\Session\\Middleware\\StartSession->handleStatefulRequest(Object(Illuminate\\Http\\Request), Object(Illuminate\\Session\\Store), Object(Closure))
#33 B:\\Projects PHP\\Dadis Project\\dasis Eshop\\public_html\\vendor\\laravel\\framework\\src\\Illuminate\\Pipeline\\Pipeline.php(180): Illuminate\\Session\\Middleware\\StartSession->handle(Object(Illuminate\\Http\\Request), Object(Closure))
#34 B:\\Projects PHP\\Dadis Project\\dasis Eshop\\public_html\\vendor\\laravel\\framework\\src\\Illuminate\\Cookie\\Middleware\\AddQueuedCookiesToResponse.php(37): Illuminate\\Pipeline\\Pipeline->Illuminate\\Pipeline\\{closure}(Object(Illuminate\\Http\\Request))
#35 B:\\Projects PHP\\Dadis Project\\dasis Eshop\\public_html\\vendor\\laravel\\framework\\src\\Illuminate\\Pipeline\\Pipeline.php(180): Illuminate\\Cookie\\Middleware\\AddQueuedCookiesToResponse->handle(Object(Illuminate\\Http\\Request), Object(Closure))
#36 B:\\Projects PHP\\Dadis Project\\dasis Eshop\\public_html\\vendor\\laravel\\framework\\src\\Illuminate\\Cookie\\Middleware\\EncryptCookies.php(67): Illuminate\\Pipeline\\Pipeline->Illuminate\\Pipeline\\{closure}(Object(Illuminate\\Http\\Request))
#37 B:\\Projects PHP\\Dadis Project\\dasis Eshop\\public_html\\vendor\\laravel\\framework\\src\\Illuminate\\Pipeline\\Pipeline.php(180): Illuminate\\Cookie\\Middleware\\EncryptCookies->handle(Object(Illuminate\\Http\\Request), Object(Closure))
#38 B:\\Projects PHP\\Dadis Project\\dasis Eshop\\public_html\\vendor\\laravel\\framework\\src\\Illuminate\\Pipeline\\Pipeline.php(116): Illuminate\\Pipeline\\Pipeline->Illuminate\\Pipeline\\{closure}(Object(Illuminate\\Http\\Request))
#39 B:\\Projects PHP\\Dadis Project\\dasis Eshop\\public_html\\vendor\\laravel\\framework\\src\\Illuminate\\Routing\\Router.php(797): Illuminate\\Pipeline\\Pipeline->then(Object(Closure))
#40 B:\\Projects PHP\\Dadis Project\\dasis Eshop\\public_html\\vendor\\laravel\\framework\\src\\Illuminate\\Routing\\Router.php(776): Illuminate\\Routing\\Router->runRouteWithinStack(Object(Illuminate\\Routing\\Route), Object(Illuminate\\Http\\Request))
#41 B:\\Projects PHP\\Dadis Project\\dasis Eshop\\public_html\\vendor\\laravel\\framework\\src\\Illuminate\\Routing\\Router.php(740): Illuminate\\Routing\\Router->runRoute(Object(Illuminate\\Http\\Request), Object(Illuminate\\Routing\\Route))
#42 B:\\Projects PHP\\Dadis Project\\dasis Eshop\\public_html\\vendor\\laravel\\framework\\src\\Illuminate\\Routing\\Router.php(729): Illuminate\\Routing\\Router->dispatchToRoute(Object(Illuminate\\Http\\Request))
#43 B:\\Projects PHP\\Dadis Project\\dasis Eshop\\public_html\\vendor\\laravel\\framework\\src\\Illuminate\\Foundation\\Http\\Kernel.php(190): Illuminate\\Routing\\Router->dispatch(Object(Illuminate\\Http\\Request))
#44 B:\\Projects PHP\\Dadis Project\\dasis Eshop\\public_html\\vendor\\laravel\\framework\\src\\Illuminate\\Pipeline\\Pipeline.php(141): Illuminate\\Foundation\\Http\\Kernel->Illuminate\\Foundation\\Http\\{closure}(Object(Illuminate\\Http\\Request))
#45 B:\\Projects PHP\\Dadis Project\\dasis Eshop\\public_html\\vendor\\barryvdh\\laravel-debugbar\\src\\Middleware\\InjectDebugbar.php(59): Illuminate\\Pipeline\\Pipeline->Illuminate\\Pipeline\\{closure}(Object(Illuminate\\Http\\Request))
#46 B:\\Projects PHP\\Dadis Project\\dasis Eshop\\public_html\\vendor\\laravel\\framework\\src\\Illuminate\\Pipeline\\Pipeline.php(180): Barryvdh\\Debugbar\\Middleware\\InjectDebugbar->handle(Object(Illuminate\\Http\\Request), Object(Closure))
#47 B:\\Projects PHP\\Dadis Project\\dasis Eshop\\public_html\\vendor\\laravel\\framework\\src\\Illuminate\\Foundation\\Http\\Middleware\\TransformsRequest.php(21): Illuminate\\Pipeline\\Pipeline->Illuminate\\Pipeline\\{closure}(Object(Illuminate\\Http\\Request))
#48 B:\\Projects PHP\\Dadis Project\\dasis Eshop\\public_html\\vendor\\laravel\\framework\\src\\Illuminate\\Foundation\\Http\\Middleware\\ConvertEmptyStringsToNull.php(31): Illuminate\\Foundation\\Http\\Middleware\\TransformsRequest->handle(Object(Illuminate\\Http\\Request), Object(Closure))
#49 B:\\Projects PHP\\Dadis Project\\dasis Eshop\\public_html\\vendor\\laravel\\framework\\src\\Illuminate\\Pipeline\\Pipeline.php(180): Illuminate\\Foundation\\Http\\Middleware\\ConvertEmptyStringsToNull->handle(Object(Illuminate\\Http\\Request), Object(Closure))
#50 B:\\Projects PHP\\Dadis Project\\dasis Eshop\\public_html\\vendor\\laravel\\framework\\src\\Illuminate\\Foundation\\Http\\Middleware\\TransformsRequest.php(21): Illuminate\\Pipeline\\Pipeline->Illuminate\\Pipeline\\{closure}(Object(Illuminate\\Http\\Request))
#51 B:\\Projects PHP\\Dadis Project\\dasis Eshop\\public_html\\vendor\\laravel\\framework\\src\\Illuminate\\Foundation\\Http\\Middleware\\TrimStrings.php(40): Illuminate\\Foundation\\Http\\Middleware\\TransformsRequest->handle(Object(Illuminate\\Http\\Request), Object(Closure))
#52 B:\\Projects PHP\\Dadis Project\\dasis Eshop\\public_html\\vendor\\laravel\\framework\\src\\Illuminate\\Pipeline\\Pipeline.php(180): Illuminate\\Foundation\\Http\\Middleware\\TrimStrings->handle(Object(Illuminate\\Http\\Request), Object(Closure))
#53 B:\\Projects PHP\\Dadis Project\\dasis Eshop\\public_html\\vendor\\laravel\\framework\\src\\Illuminate\\Foundation\\Http\\Middleware\\ValidatePostSize.php(27): Illuminate\\Pipeline\\Pipeline->Illuminate\\Pipeline\\{closure}(Object(Illuminate\\Http\\Request))
#54 B:\\Projects PHP\\Dadis Project\\dasis Eshop\\public_html\\vendor\\laravel\\framework\\src\\Illuminate\\Pipeline\\Pipeline.php(180): Illuminate\\Foundation\\Http\\Middleware\\ValidatePostSize->handle(Object(Illuminate\\Http\\Request), Object(Closure))
#55 B:\\Projects PHP\\Dadis Project\\dasis Eshop\\public_html\\vendor\\laravel\\framework\\src\\Illuminate\\Foundation\\Http\\Middleware\\PreventRequestsDuringMaintenance.php(86): Illuminate\\Pipeline\\Pipeline->Illuminate\\Pipeline\\{closure}(Object(Illuminate\\Http\\Request))
#56 B:\\Projects PHP\\Dadis Project\\dasis Eshop\\public_html\\vendor\\laravel\\framework\\src\\Illuminate\\Pipeline\\Pipeline.php(180): Illuminate\\Foundation\\Http\\Middleware\\PreventRequestsDuringMaintenance->handle(Object(Illuminate\\Http\\Request), Object(Closure))
#57 B:\\Projects PHP\\Dadis Project\\dasis Eshop\\public_html\\vendor\\laravel\\framework\\src\\Illuminate\\Http\\Middleware\\HandleCors.php(49): Illuminate\\Pipeline\\Pipeline->Illuminate\\Pipeline\\{closure}(Object(Illuminate\\Http\\Request))
#58 B:\\Projects PHP\\Dadis Project\\dasis Eshop\\public_html\\vendor\\laravel\\framework\\src\\Illuminate\\Pipeline\\Pipeline.php(180): Illuminate\\Http\\Middleware\\HandleCors->handle(Object(Illuminate\\Http\\Request), Object(Closure))
#59 B:\\Projects PHP\\Dadis Project\\dasis Eshop\\public_html\\vendor\\laravel\\framework\\src\\Illuminate\\Http\\Middleware\\TrustProxies.php(39): Illuminate\\Pipeline\\Pipeline->Illuminate\\Pipeline\\{closure}(Object(Illuminate\\Http\\Request))
#60 B:\\Projects PHP\\Dadis Project\\dasis Eshop\\public_html\\vendor\\laravel\\framework\\src\\Illuminate\\Pipeline\\Pipeline.php(180): Illuminate\\Http\\Middleware\\TrustProxies->handle(Object(Illuminate\\Http\\Request), Object(Closure))
#61 B:\\Projects PHP\\Dadis Project\\dasis Eshop\\public_html\\vendor\\laravel\\framework\\src\\Illuminate\\Pipeline\\Pipeline.php(116): Illuminate\\Pipeline\\Pipeline->Illuminate\\Pipeline\\{closure}(Object(Illuminate\\Http\\Request))
#62 B:\\Projects PHP\\Dadis Project\\dasis Eshop\\public_html\\vendor\\laravel\\framework\\src\\Illuminate\\Foundation\\Http\\Kernel.php(165): Illuminate\\Pipeline\\Pipeline->then(Object(Closure))
#63 B:\\Projects PHP\\Dadis Project\\dasis Eshop\\public_html\\vendor\\laravel\\framework\\src\\Illuminate\\Foundation\\Http\\Kernel.php(134): Illuminate\\Foundation\\Http\\Kernel->sendRequestThroughRouter(Object(Illuminate\\Http\\Request))
#64 B:\\Projects PHP\\Dadis Project\\dasis Eshop\\public_html\\public\\index.php(51): Illuminate\\Foundation\\Http\\Kernel->handle(Object(Illuminate\\Http\\Request))
#65 B:\\Projects PHP\\Dadis Project\\dasis Eshop\\public_html\\vendor\\laravel\\framework\\src\\Illuminate\\Foundation\\resources\\server.php(16): require_once('B:\\\\Projects PHP...')
#66 {main}

[previous exception] [object] (ReflectionException(code: -1): Class \"App\\Http\\Controllers\\CarMaintenanceController\" does not exist at B:\\Projects PHP\\Dadis Project\\dasis Eshop\\public_html\\vendor\\laravel\\framework\\src\\Illuminate\\Container\\Container.php:889)
[stacktrace]
#0 B:\\Projects PHP\\Dadis Project\\dasis Eshop\\public_html\\vendor\\laravel\\framework\\src\\Illuminate\\Container\\Container.php(889): ReflectionClass->__construct('App\\\\Http\\\\Contro...')
#1 B:\\Projects PHP\\Dadis Project\\dasis Eshop\\public_html\\vendor\\laravel\\framework\\src\\Illuminate\\Container\\Container.php(770): Illuminate\\Container\\Container->build('App\\\\Http\\\\Contro...')
#2 B:\\Projects PHP\\Dadis Project\\dasis Eshop\\public_html\\vendor\\laravel\\framework\\src\\Illuminate\\Foundation\\Application.php(881): Illuminate\\Container\\Container->resolve('App\\\\Http\\\\Contro...', Array, true)
#3 B:\\Projects PHP\\Dadis Project\\dasis Eshop\\public_html\\vendor\\laravel\\framework\\src\\Illuminate\\Container\\Container.php(706): Illuminate\\Foundation\\Application->resolve('App\\\\Http\\\\Contro...', Array)
#4 B:\\Projects PHP\\Dadis Project\\dasis Eshop\\public_html\\vendor\\laravel\\framework\\src\\Illuminate\\Foundation\\Application.php(866): Illuminate\\Container\\Container->make('App\\\\Http\\\\Contro...', Array)
#5 B:\\Projects PHP\\Dadis Project\\dasis Eshop\\public_html\\vendor\\laravel\\framework\\src\\Illuminate\\Routing\\Route.php(274): Illuminate\\Foundation\\Application->make('App\\\\Http\\\\Contro...')
#6 B:\\Projects PHP\\Dadis Project\\dasis Eshop\\public_html\\vendor\\laravel\\framework\\src\\Illuminate\\Routing\\Route.php(260): Illuminate\\Routing\\Route->getController()
#7 B:\\Projects PHP\\Dadis Project\\dasis Eshop\\public_html\\vendor\\laravel\\framework\\src\\Illuminate\\Routing\\Route.php(205): Illuminate\\Routing\\Route->runController()
#8 B:\\Projects PHP\\Dadis Project\\dasis Eshop\\public_html\\vendor\\laravel\\framework\\src\\Illuminate\\Routing\\Router.php(798): Illuminate\\Routing\\Route->run()
#9 B:\\Projects PHP\\Dadis Project\\dasis Eshop\\public_html\\vendor\\laravel\\framework\\src\\Illuminate\\Pipeline\\Pipeline.php(141): Illuminate\\Routing\\Router->Illuminate\\Routing\\{closure}(Object(Illuminate\\Http\\Request))
#10 B:\\Projects PHP\\Dadis Project\\dasis Eshop\\public_html\\app\\Http\\Middleware\\CheckUserLogin.php(22): Illuminate\\Pipeline\\Pipeline->Illuminate\\Pipeline\\{closure}(Object(Illuminate\\Http\\Request))
#11 B:\\Projects PHP\\Dadis Project\\dasis Eshop\\public_html\\vendor\\laravel\\framework\\src\\Illuminate\\Pipeline\\Pipeline.php(180): App\\Http\\Middleware\\CheckUserLogin->handle(Object(Illuminate\\Http\\Request), Object(Closure))
#12 B:\\Projects PHP\\Dadis Project\\dasis Eshop\\public_html\\app\\Http\\Middleware\\AdminSidebarMenu.php(793): Illuminate\\Pipeline\\Pipeline->Illuminate\\Pipeline\\{closure}(Object(Illuminate\\Http\\Request))
#13 B:\\Projects PHP\\Dadis Project\\dasis Eshop\\public_html\\vendor\\laravel\\framework\\src\\Illuminate\\Pipeline\\Pipeline.php(180): App\\Http\\Middleware\\AdminSidebarMenu->handle(Object(Illuminate\\Http\\Request), Object(Closure))
#14 B:\\Projects PHP\\Dadis Project\\dasis Eshop\\public_html\\app\\Http\\Middleware\\Timezone.php(30): Illuminate\\Pipeline\\Pipeline->Illuminate\\Pipeline\\{closure}(Object(Illuminate\\Http\\Request))
#15 B:\\Projects PHP\\Dadis Project\\dasis Eshop\\public_html\\vendor\\laravel\\framework\\src\\Illuminate\\Pipeline\\Pipeline.php(180): App\\Http\\Middleware\\Timezone->handle(Object(Illuminate\\Http\\Request), Object(Closure))
#16 B:\\Projects PHP\\Dadis Project\\dasis Eshop\\public_html\\app\\Http\\Middleware\\Language.php(25): Illuminate\\Pipeline\\Pipeline->Illuminate\\Pipeline\\{closure}(Object(Illuminate\\Http\\Request))
#17 B:\\Projects PHP\\Dadis Project\\dasis Eshop\\public_html\\vendor\\laravel\\framework\\src\\Illuminate\\Pipeline\\Pipeline.php(180): App\\Http\\Middleware\\Language->handle(Object(Illuminate\\Http\\Request), Object(Closure))
#18 B:\\Projects PHP\\Dadis Project\\dasis Eshop\\public_html\\app\\Http\\Middleware\\SetSessionData.php(52): Illuminate\\Pipeline\\Pipeline->Illuminate\\Pipeline\\{closure}(Object(Illuminate\\Http\\Request))
#19 B:\\Projects PHP\\Dadis Project\\dasis Eshop\\public_html\\vendor\\laravel\\framework\\src\\Illuminate\\Pipeline\\Pipeline.php(180): App\\Http\\Middleware\\SetSessionData->handle(Object(Illuminate\\Http\\Request), Object(Closure))
#20 B:\\Projects PHP\\Dadis Project\\dasis Eshop\\public_html\\app\\Http\\Middleware\\IsInstalled.php(26): Illuminate\\Pipeline\\Pipeline->Illuminate\\Pipeline\\{closure}(Object(Illuminate\\Http\\Request))
#21 B:\\Projects PHP\\Dadis Project\\dasis Eshop\\public_html\\vendor\\laravel\\framework\\src\\Illuminate\\Pipeline\\Pipeline.php(180): App\\Http\\Middleware\\IsInstalled->handle(Object(Illuminate\\Http\\Request), Object(Closure))
#22 B:\\Projects PHP\\Dadis Project\\dasis Eshop\\public_html\\vendor\\barryvdh\\laravel-debugbar\\src\\Middleware\\InjectDebugbar.php(59): Illuminate\\Pipeline\\Pipeline->Illuminate\\Pipeline\\{closure}(Object(Illuminate\\Http\\Request))
#23 B:\\Projects PHP\\Dadis Project\\dasis Eshop\\public_html\\vendor\\laravel\\framework\\src\\Illuminate\\Pipeline\\Pipeline.php(180): Barryvdh\\Debugbar\\Middleware\\InjectDebugbar->handle(Object(Illuminate\\Http\\Request), Object(Closure))
#24 B:\\Projects PHP\\Dadis Project\\dasis Eshop\\public_html\\vendor\\laravel\\framework\\src\\Illuminate\\Routing\\Middleware\\SubstituteBindings.php(50): Illuminate\\Pipeline\\Pipeline->Illuminate\\Pipeline\\{closure}(Object(Illuminate\\Http\\Request))
#25 B:\\Projects PHP\\Dadis Project\\dasis Eshop\\public_html\\vendor\\laravel\\framework\\src\\Illuminate\\Pipeline\\Pipeline.php(180): Illuminate\\Routing\\Middleware\\SubstituteBindings->handle(Object(Illuminate\\Http\\Request), Object(Closure))
#26 B:\\Projects PHP\\Dadis Project\\dasis Eshop\\public_html\\vendor\\laravel\\framework\\src\\Illuminate\\Auth\\Middleware\\Authenticate.php(44): Illuminate\\Pipeline\\Pipeline->Illuminate\\Pipeline\\{closure}(Object(Illuminate\\Http\\Request))
#27 B:\\Projects PHP\\Dadis Project\\dasis Eshop\\public_html\\vendor\\laravel\\framework\\src\\Illuminate\\Pipeline\\Pipeline.php(180): Illuminate\\Auth\\Middleware\\Authenticate->handle(Object(Illuminate\\Http\\Request), Object(Closure))
#28 B:\\Projects PHP\\Dadis Project\\dasis Eshop\\public_html\\vendor\\laravel\\framework\\src\\Illuminate\\Foundation\\Http\\Middleware\\VerifyCsrfToken.php(78): Illuminate\\Pipeline\\Pipeline->Illuminate\\Pipeline\\{closure}(Object(Illuminate\\Http\\Request))
#29 B:\\Projects PHP\\Dadis Project\\dasis Eshop\\public_html\\vendor\\laravel\\framework\\src\\Illuminate\\Pipeline\\Pipeline.php(180): Illuminate\\Foundation\\Http\\Middleware\\VerifyCsrfToken->handle(Object(Illuminate\\Http\\Request), Object(Closure))
#30 B:\\Projects PHP\\Dadis Project\\dasis Eshop\\public_html\\vendor\\laravel\\framework\\src\\Illuminate\\View\\Middleware\\ShareErrorsFromSession.php(49): Illuminate\\Pipeline\\Pipeline->Illuminate\\Pipeline\\{closure}(Object(Illuminate\\Http\\Request))
#31 B:\\Projects PHP\\Dadis Project\\dasis Eshop\\public_html\\vendor\\laravel\\framework\\src\\Illuminate\\Pipeline\\Pipeline.php(180): Illuminate\\View\\Middleware\\ShareErrorsFromSession->handle(Object(Illuminate\\Http\\Request), Object(Closure))
#32 B:\\Projects PHP\\Dadis Project\\dasis Eshop\\public_html\\vendor\\laravel\\framework\\src\\Illuminate\\Session\\Middleware\\StartSession.php(121): Illuminate\\Pipeline\\Pipeline->Illuminate\\Pipeline\\{closure}(Object(Illuminate\\Http\\Request))
#33 B:\\Projects PHP\\Dadis Project\\dasis Eshop\\public_html\\vendor\\laravel\\framework\\src\\Illuminate\\Session\\Middleware\\StartSession.php(64): Illuminate\\Session\\Middleware\\StartSession->handleStatefulRequest(Object(Illuminate\\Http\\Request), Object(Illuminate\\Session\\Store), Object(Closure))
#34 B:\\Projects PHP\\Dadis Project\\dasis Eshop\\public_html\\vendor\\laravel\\framework\\src\\Illuminate\\Pipeline\\Pipeline.php(180): Illuminate\\Session\\Middleware\\StartSession->handle(Object(Illuminate\\Http\\Request), Object(Closure))
#35 B:\\Projects PHP\\Dadis Project\\dasis Eshop\\public_html\\vendor\\laravel\\framework\\src\\Illuminate\\Cookie\\Middleware\\AddQueuedCookiesToResponse.php(37): Illuminate\\Pipeline\\Pipeline->Illuminate\\Pipeline\\{closure}(Object(Illuminate\\Http\\Request))
#36 B:\\Projects PHP\\Dadis Project\\dasis Eshop\\public_html\\vendor\\laravel\\framework\\src\\Illuminate\\Pipeline\\Pipeline.php(180): Illuminate\\Cookie\\Middleware\\AddQueuedCookiesToResponse->handle(Object(Illuminate\\Http\\Request), Object(Closure))
#37 B:\\Projects PHP\\Dadis Project\\dasis Eshop\\public_html\\vendor\\laravel\\framework\\src\\Illuminate\\Cookie\\Middleware\\EncryptCookies.php(67): Illuminate\\Pipeline\\Pipeline->Illuminate\\Pipeline\\{closure}(Object(Illuminate\\Http\\Request))
#38 B:\\Projects PHP\\Dadis Project\\dasis Eshop\\public_html\\vendor\\laravel\\framework\\src\\Illuminate\\Pipeline\\Pipeline.php(180): Illuminate\\Cookie\\Middleware\\EncryptCookies->handle(Object(Illuminate\\Http\\Request), Object(Closure))
#39 B:\\Projects PHP\\Dadis Project\\dasis Eshop\\public_html\\vendor\\laravel\\framework\\src\\Illuminate\\Pipeline\\Pipeline.php(116): Illuminate\\Pipeline\\Pipeline->Illuminate\\Pipeline\\{closure}(Object(Illuminate\\Http\\Request))
#40 B:\\Projects PHP\\Dadis Project\\dasis Eshop\\public_html\\vendor\\laravel\\framework\\src\\Illuminate\\Routing\\Router.php(797): Illuminate\\Pipeline\\Pipeline->then(Object(Closure))
#41 B:\\Projects PHP\\Dadis Project\\dasis Eshop\\public_html\\vendor\\laravel\\framework\\src\\Illuminate\\Routing\\Router.php(776): Illuminate\\Routing\\Router->runRouteWithinStack(Object(Illuminate\\Routing\\Route), Object(Illuminate\\Http\\Request))
#42 B:\\Projects PHP\\Dadis Project\\dasis Eshop\\public_html\\vendor\\laravel\\framework\\src\\Illuminate\\Routing\\Router.php(740): Illuminate\\Routing\\Router->runRoute(Object(Illuminate\\Http\\Request), Object(Illuminate\\Routing\\Route))
#43 B:\\Projects PHP\\Dadis Project\\dasis Eshop\\public_html\\vendor\\laravel\\framework\\src\\Illuminate\\Routing\\Router.php(729): Illuminate\\Routing\\Router->dispatchToRoute(Object(Illuminate\\Http\\Request))
#44 B:\\Projects PHP\\Dadis Project\\dasis Eshop\\public_html\\vendor\\laravel\\framework\\src\\Illuminate\\Foundation\\Http\\Kernel.php(190): Illuminate\\Routing\\Router->dispatch(Object(Illuminate\\Http\\Request))
#45 B:\\Projects PHP\\Dadis Project\\dasis Eshop\\public_html\\vendor\\laravel\\framework\\src\\Illuminate\\Pipeline\\Pipeline.php(141): Illuminate\\Foundation\\Http\\Kernel->Illuminate\\Foundation\\Http\\{closure}(Object(Illuminate\\Http\\Request))
#46 B:\\Projects PHP\\Dadis Project\\dasis Eshop\\public_html\\vendor\\barryvdh\\laravel-debugbar\\src\\Middleware\\InjectDebugbar.php(59): Illuminate\\Pipeline\\Pipeline->Illuminate\\Pipeline\\{closure}(Object(Illuminate\\Http\\Request))
#47 B:\\Projects PHP\\Dadis Project\\dasis Eshop\\public_html\\vendor\\laravel\\framework\\src\\Illuminate\\Pipeline\\Pipeline.php(180): Barryvdh\\Debugbar\\Middleware\\InjectDebugbar->handle(Object(Illuminate\\Http\\Request), Object(Closure))
#48 B:\\Projects PHP\\Dadis Project\\dasis Eshop\\public_html\\vendor\\laravel\\framework\\src\\Illuminate\\Foundation\\Http\\Middleware\\TransformsRequest.php(21): Illuminate\\Pipeline\\Pipeline->Illuminate\\Pipeline\\{closure}(Object(Illuminate\\Http\\Request))
#49 B:\\Projects PHP\\Dadis Project\\dasis Eshop\\public_html\\vendor\\laravel\\framework\\src\\Illuminate\\Foundation\\Http\\Middleware\\ConvertEmptyStringsToNull.php(31): Illuminate\\Foundation\\Http\\Middleware\\TransformsRequest->handle(Object(Illuminate\\Http\\Request), Object(Closure))
#50 B:\\Projects PHP\\Dadis Project\\dasis Eshop\\public_html\\vendor\\laravel\\framework\\src\\Illuminate\\Pipeline\\Pipeline.php(180): Illuminate\\Foundation\\Http\\Middleware\\ConvertEmptyStringsToNull->handle(Object(Illuminate\\Http\\Request), Object(Closure))
#51 B:\\Projects PHP\\Dadis Project\\dasis Eshop\\public_html\\vendor\\laravel\\framework\\src\\Illuminate\\Foundation\\Http\\Middleware\\TransformsRequest.php(21): Illuminate\\Pipeline\\Pipeline->Illuminate\\Pipeline\\{closure}(Object(Illuminate\\Http\\Request))
#52 B:\\Projects PHP\\Dadis Project\\dasis Eshop\\public_html\\vendor\\laravel\\framework\\src\\Illuminate\\Foundation\\Http\\Middleware\\TrimStrings.php(40): Illuminate\\Foundation\\Http\\Middleware\\TransformsRequest->handle(Object(Illuminate\\Http\\Request), Object(Closure))
#53 B:\\Projects PHP\\Dadis Project\\dasis Eshop\\public_html\\vendor\\laravel\\framework\\src\\Illuminate\\Pipeline\\Pipeline.php(180): Illuminate\\Foundation\\Http\\Middleware\\TrimStrings->handle(Object(Illuminate\\Http\\Request), Object(Closure))
#54 B:\\Projects PHP\\Dadis Project\\dasis Eshop\\public_html\\vendor\\laravel\\framework\\src\\Illuminate\\Foundation\\Http\\Middleware\\ValidatePostSize.php(27): Illuminate\\Pipeline\\Pipeline->Illuminate\\Pipeline\\{closure}(Object(Illuminate\\Http\\Request))
#55 B:\\Projects PHP\\Dadis Project\\dasis Eshop\\public_html\\vendor\\laravel\\framework\\src\\Illuminate\\Pipeline\\Pipeline.php(180): Illuminate\\Foundation\\Http\\Middleware\\ValidatePostSize->handle(Object(Illuminate\\Http\\Request), Object(Closure))
#56 B:\\Projects PHP\\Dadis Project\\dasis Eshop\\public_html\\vendor\\laravel\\framework\\src\\Illuminate\\Foundation\\Http\\Middleware\\PreventRequestsDuringMaintenance.php(86): Illuminate\\Pipeline\\Pipeline->Illuminate\\Pipeline\\{closure}(Object(Illuminate\\Http\\Request))
#57 B:\\Projects PHP\\Dadis Project\\dasis Eshop\\public_html\\vendor\\laravel\\framework\\src\\Illuminate\\Pipeline\\Pipeline.php(180): Illuminate\\Foundation\\Http\\Middleware\\PreventRequestsDuringMaintenance->handle(Object(Illuminate\\Http\\Request), Object(Closure))
#58 B:\\Projects PHP\\Dadis Project\\dasis Eshop\\public_html\\vendor\\laravel\\framework\\src\\Illuminate\\Http\\Middleware\\HandleCors.php(49): Illuminate\\Pipeline\\Pipeline->Illuminate\\Pipeline\\{closure}(Object(Illuminate\\Http\\Request))
#59 B:\\Projects PHP\\Dadis Project\\dasis Eshop\\public_html\\vendor\\laravel\\framework\\src\\Illuminate\\Pipeline\\Pipeline.php(180): Illuminate\\Http\\Middleware\\HandleCors->handle(Object(Illuminate\\Http\\Request), Object(Closure))
#60 B:\\Projects PHP\\Dadis Project\\dasis Eshop\\public_html\\vendor\\laravel\\framework\\src\\Illuminate\\Http\\Middleware\\TrustProxies.php(39): Illuminate\\Pipeline\\Pipeline->Illuminate\\Pipeline\\{closure}(Object(Illuminate\\Http\\Request))
#61 B:\\Projects PHP\\Dadis Project\\dasis Eshop\\public_html\\vendor\\laravel\\framework\\src\\Illuminate\\Pipeline\\Pipeline.php(180): Illuminate\\Http\\Middleware\\TrustProxies->handle(Object(Illuminate\\Http\\Request), Object(Closure))
#62 B:\\Projects PHP\\Dadis Project\\dasis Eshop\\public_html\\vendor\\laravel\\framework\\src\\Illuminate\\Pipeline\\Pipeline.php(116): Illuminate\\Pipeline\\Pipeline->Illuminate\\Pipeline\\{closure}(Object(Illuminate\\Http\\Request))
#63 B:\\Projects PHP\\Dadis Project\\dasis Eshop\\public_html\\vendor\\laravel\\framework\\src\\Illuminate\\Foundation\\Http\\Kernel.php(165): Illuminate\\Pipeline\\Pipeline->then(Object(Closure))
#64 B:\\Projects PHP\\Dadis Project\\dasis Eshop\\public_html\\vendor\\laravel\\framework\\src\\Illuminate\\Foundation\\Http\\Kernel.php(134): Illuminate\\Foundation\\Http\\Kernel->sendRequestThroughRouter(Object(Illuminate\\Http\\Request))
#65 B:\\Projects PHP\\Dadis Project\\dasis Eshop\\public_html\\public\\index.php(51): Illuminate\\Foundation\\Http\\Kernel->handle(Object(Illuminate\\Http\\Request))
#66 B:\\Projects PHP\\Dadis Project\\dasis Eshop\\public_html\\vendor\\laravel\\framework\\src\\Illuminate\\Foundation\\resources\\server.php(16): require_once('B:\\\\Projects PHP...')
#67 {main}
"} 
[2026-05-27 23:12:11] live.ERROR: View [car_maintenance.index] not found. {"userId":8,"exception":"[object] (InvalidArgumentException(code: 0): View [car_maintenance.index] not found. at B:\\Projects PHP\\Dadis Project\\dasis Eshop\\public_html\\vendor\\laravel\\framework\\src\\Illuminate\\View\\FileViewFinder.php:137)
[stacktrace]
#0 B:\\Projects PHP\\Dadis Project\\dasis Eshop\\public_html\\vendor\\laravel\\framework\\src\\Illuminate\\View\\FileViewFinder.php(79): Illuminate\\View\\FileViewFinder->findInPaths('car_maintenance...', Array)
#1 B:\\Projects PHP\\Dadis Project\\dasis Eshop\\public_html\\vendor\\laravel\\framework\\src\\Illuminate\\View\\Factory.php(137): Illuminate\\View\\FileViewFinder->find('car_maintenance...')
#2 B:\\Projects PHP\\Dadis Project\\dasis Eshop\\public_html\\vendor\\laravel\\framework\\src\\Illuminate\\Foundation\\helpers.php(1035): Illuminate\\View\\Factory->make('car_maintenance...', Array, Array)
#3 B:\\Projects PHP\\Dadis Project\\dasis Eshop\\public_html\\app\\Http\\Controllers\\CarMaintenanceController.php(40): view('car_maintenance...', Array)
#4 B:\\Projects PHP\\Dadis Project\\dasis Eshop\\public_html\\vendor\\laravel\\framework\\src\\Illuminate\\Routing\\Controller.php(54): App\\Http\\Controllers\\CarMaintenanceController->index(Object(Illuminate\\Http\\Request))
#5 B:\\Projects PHP\\Dadis Project\\dasis Eshop\\public_html\\vendor\\laravel\\framework\\src\\Illuminate\\Routing\\ControllerDispatcher.php(43): Illuminate\\Routing\\Controller->callAction('index', Array)
#6 B:\\Projects PHP\\Dadis Project\\dasis Eshop\\public_html\\vendor\\laravel\\framework\\src\\Illuminate\\Routing\\Route.php(259): Illuminate\\Routing\\ControllerDispatcher->dispatch(Object(Illuminate\\Routing\\Route), Object(App\\Http\\Controllers\\CarMaintenanceController), 'index')
#7 B:\\Projects PHP\\Dadis Project\\dasis Eshop\\public_html\\vendor\\laravel\\framework\\src\\Illuminate\\Routing\\Route.php(205): Illuminate\\Routing\\Route->runController()
#8 B:\\Projects PHP\\Dadis Project\\dasis Eshop\\public_html\\vendor\\laravel\\framework\\src\\Illuminate\\Routing\\Router.php(798): Illuminate\\Routing\\Route->run()
#9 B:\\Projects PHP\\Dadis Project\\dasis Eshop\\public_html\\vendor\\laravel\\framework\\src\\Illuminate\\Pipeline\\Pipeline.php(141): Illuminate\\Routing\\Router->Illuminate\\Routing\\{closure}(Object(Illuminate\\Http\\Request))
#10 B:\\Projects PHP\\Dadis Project\\dasis Eshop\\public_html\\app\\Http\\Middleware\\CheckUserLogin.php(22): Illuminate\\Pipeline\\Pipeline->Illuminate\\Pipeline\\{closure}(Object(Illuminate\\Http\\Request))
#11 B:\\Projects PHP\\Dadis Project\\dasis Eshop\\public_html\\vendor\\laravel\\framework\\src\\Illuminate\\Pipeline\\Pipeline.php(180): App\\Http\\Middleware\\CheckUserLogin->handle(Object(Illuminate\\Http\\Request), Object(Closure))
#12 B:\\Projects PHP\\Dadis Project\\dasis Eshop\\public_html\\app\\Http\\Middleware\\AdminSidebarMenu.php(793): Illuminate\\Pipeline\\Pipeline->Illuminate\\Pipeline\\{closure}(Object(Illuminate\\Http\\Request))
#13 B:\\Projects PHP\\Dadis Project\\dasis Eshop\\public_html\\vendor\\laravel\\framework\\src\\Illuminate\\Pipeline\\Pipeline.php(180): App\\Http\\Middleware\\AdminSidebarMenu->handle(Object(Illuminate\\Http\\Request), Object(Closure))
#14 B:\\Projects PHP\\Dadis Project\\dasis Eshop\\public_html\\app\\Http\\Middleware\\Timezone.php(30): Illuminate\\Pipeline\\Pipeline->Illuminate\\Pipeline\\{closure}(Object(Illuminate\\Http\\Request))
#15 B:\\Projects PHP\\Dadis Project\\dasis Eshop\\public_html\\vendor\\laravel\\framework\\src\\Illuminate\\Pipeline\\Pipeline.php(180): App\\Http\\Middleware\\Timezone->handle(Object(Illuminate\\Http\\Request), Object(Closure))
#16 B:\\Projects PHP\\Dadis Project\\dasis Eshop\\public_html\\app\\Http\\Middleware\\Language.php(25): Illuminate\\Pipeline\\Pipeline->Illuminate\\Pipeline\\{closure}(Object(Illuminate\\Http\\Request))
#17 B:\\Projects PHP\\Dadis Project\\dasis Eshop\\public_html\\vendor\\laravel\\framework\\src\\Illuminate\\Pipeline\\Pipeline.php(180): App\\Http\\Middleware\\Language->handle(Object(Illuminate\\Http\\Request), Object(Closure))
#18 B:\\Projects PHP\\Dadis Project\\dasis Eshop\\public_html\\app\\Http\\Middleware\\SetSessionData.php(52): Illuminate\\Pipeline\\Pipeline->Illuminate\\Pipeline\\{closure}(Object(Illuminate\\Http\\Request))
#19 B:\\Projects PHP\\Dadis Project\\dasis Eshop\\public_html\\vendor\\laravel\\framework\\src\\Illuminate\\Pipeline\\Pipeline.php(180): App\\Http\\Middleware\\SetSessionData->handle(Object(Illuminate\\Http\\Request), Object(Closure))
#20 B:\\Projects PHP\\Dadis Project\\dasis Eshop\\public_html\\app\\Http\\Middleware\\IsInstalled.php(26): Illuminate\\Pipeline\\Pipeline->Illuminate\\Pipeline\\{closure}(Object(Illuminate\\Http\\Request))
#21 B:\\Projects PHP\\Dadis Project\\dasis Eshop\\public_html\\vendor\\laravel\\framework\\src\\Illuminate\\Pipeline\\Pipeline.php(180): App\\Http\\Middleware\\IsInstalled->handle(Object(Illuminate\\Http\\Request), Object(Closure))
#22 B:\\Projects PHP\\Dadis Project\\dasis Eshop\\public_html\\vendor\\barryvdh\\laravel-debugbar\\src\\Middleware\\InjectDebugbar.php(59): Illuminate\\Pipeline\\Pipeline->Illuminate\\Pipeline\\{closure}(Object(Illuminate\\Http\\Request))
#23 B:\\Projects PHP\\Dadis Project\\dasis Eshop\\public_html\\vendor\\laravel\\framework\\src\\Illuminate\\Pipeline\\Pipeline.php(180): Barryvdh\\Debugbar\\Middleware\\InjectDebugbar->handle(Object(Illuminate\\Http\\Request), Object(Closure))
#24 B:\\Projects PHP\\Dadis Project\\dasis Eshop\\public_html\\vendor\\laravel\\framework\\src\\Illuminate\\Routing\\Middleware\\SubstituteBindings.php(50): Illuminate\\Pipeline\\Pipeline->Illuminate\\Pipeline\\{closure}(Object(Illuminate\\Http\\Request))
#25 B:\\Projects PHP\\Dadis Project\\dasis Eshop\\public_html\\vendor\\laravel\\framework\\src\\Illuminate\\Pipeline\\Pipeline.php(180): Illuminate\\Routing\\Middleware\\SubstituteBindings->handle(Object(Illuminate\\Http\\Request), Object(Closure))
#26 B:\\Projects PHP\\Dadis Project\\dasis Eshop\\public_html\\vendor\\laravel\\framework\\src\\Illuminate\\Auth\\Middleware\\Authenticate.php(44): Illuminate\\Pipeline\\Pipeline->Illuminate\\Pipeline\\{closure}(Object(Illuminate\\Http\\Request))
#27 B:\\Projects PHP\\Dadis Project\\dasis Eshop\\public_html\\vendor\\laravel\\framework\\src\\Illuminate\\Pipeline\\Pipeline.php(180): Illuminate\\Auth\\Middleware\\Authenticate->handle(Object(Illuminate\\Http\\Request), Object(Closure))
#28 B:\\Projects PHP\\Dadis Project\\dasis Eshop\\public_html\\vendor\\laravel\\framework\\src\\Illuminate\\Foundation\\Http\\Middleware\\VerifyCsrfToken.php(78): Illuminate\\Pipeline\\Pipeline->Illuminate\\Pipeline\\{closure}(Object(Illuminate\\Http\\Request))
#29 B:\\Projects PHP\\Dadis Project\\dasis Eshop\\public_html\\vendor\\laravel\\framework\\src\\Illuminate\\Pipeline\\Pipeline.php(180): Illuminate\\Foundation\\Http\\Middleware\\VerifyCsrfToken->handle(Object(Illuminate\\Http\\Request), Object(Closure))
#30 B:\\Projects PHP\\Dadis Project\\dasis Eshop\\public_html\\vendor\\laravel\\framework\\src\\Illuminate\\View\\Middleware\\ShareErrorsFromSession.php(49): Illuminate\\Pipeline\\Pipeline->Illuminate\\Pipeline\\{closure}(Object(Illuminate\\Http\\Request))
#31 B:\\Projects PHP\\Dadis Project\\dasis Eshop\\public_html\\vendor\\laravel\\framework\\src\\Illuminate\\Pipeline\\Pipeline.php(180): Illuminate\\View\\Middleware\\ShareErrorsFromSession->handle(Object(Illuminate\\Http\\Request), Object(Closure))
#32 B:\\Projects PHP\\Dadis Project\\dasis Eshop\\public_html\\vendor\\laravel\\framework\\src\\Illuminate\\Session\\Middleware\\StartSession.php(121): Illuminate\\Pipeline\\Pipeline->Illuminate\\Pipeline\\{closure}(Object(Illuminate\\Http\\Request))
#33 B:\\Projects PHP\\Dadis Project\\dasis Eshop\\public_html\\vendor\\laravel\\framework\\src\\Illuminate\\Session\\Middleware\\StartSession.php(64): Illuminate\\Session\\Middleware\\StartSession->handleStatefulRequest(Object(Illuminate\\Http\\Request), Object(Illuminate\\Session\\Store), Object(Closure))
#34 B:\\Projects PHP\\Dadis Project\\dasis Eshop\\public_html\\vendor\\laravel\\framework\\src\\Illuminate\\Pipeline\\Pipeline.php(180): Illuminate\\Session\\Middleware\\StartSession->handle(Object(Illuminate\\Http\\Request), Object(Closure))
#35 B:\\Projects PHP\\Dadis Project\\dasis Eshop\\public_html\\vendor\\laravel\\framework\\src\\Illuminate\\Cookie\\Middleware\\AddQueuedCookiesToResponse.php(37): Illuminate\\Pipeline\\Pipeline->Illuminate\\Pipeline\\{closure}(Object(Illuminate\\Http\\Request))
#36 B:\\Projects PHP\\Dadis Project\\dasis Eshop\\public_html\\vendor\\laravel\\framework\\src\\Illuminate\\Pipeline\\Pipeline.php(180): Illuminate\\Cookie\\Middleware\\AddQueuedCookiesToResponse->handle(Object(Illuminate\\Http\\Request), Object(Closure))
#37 B:\\Projects PHP\\Dadis Project\\dasis Eshop\\public_html\\vendor\\laravel\\framework\\src\\Illuminate\\Cookie\\Middleware\\EncryptCookies.php(67): Illuminate\\Pipeline\\Pipeline->Illuminate\\Pipeline\\{closure}(Object(Illuminate\\Http\\Request))
#38 B:\\Projects PHP\\Dadis Project\\dasis Eshop\\public_html\\vendor\\laravel\\framework\\src\\Illuminate\\Pipeline\\Pipeline.php(180): Illuminate\\Cookie\\Middleware\\EncryptCookies->handle(Object(Illuminate\\Http\\Request), Object(Closure))
#39 B:\\Projects PHP\\Dadis Project\\dasis Eshop\\public_html\\vendor\\laravel\\framework\\src\\Illuminate\\Pipeline\\Pipeline.php(116): Illuminate\\Pipeline\\Pipeline->Illuminate\\Pipeline\\{closure}(Object(Illuminate\\Http\\Request))
#40 B:\\Projects PHP\\Dadis Project\\dasis Eshop\\public_html\\vendor\\laravel\\framework\\src\\Illuminate\\Routing\\Router.php(797): Illuminate\\Pipeline\\Pipeline->then(Object(Closure))
#41 B:\\Projects PHP\\Dadis Project\\dasis Eshop\\public_html\\vendor\\laravel\\framework\\src\\Illuminate\\Routing\\Router.php(776): Illuminate\\Routing\\Router->runRouteWithinStack(Object(Illuminate\\Routing\\Route), Object(Illuminate\\Http\\Request))
#42 B:\\Projects PHP\\Dadis Project\\dasis Eshop\\public_html\\vendor\\laravel\\framework\\src\\Illuminate\\Routing\\Router.php(740): Illuminate\\Routing\\Router->runRoute(Object(Illuminate\\Http\\Request), Object(Illuminate\\Routing\\Route))
#43 B:\\Projects PHP\\Dadis Project\\dasis Eshop\\public_html\\vendor\\laravel\\framework\\src\\Illuminate\\Routing\\Router.php(729): Illuminate\\Routing\\Router->dispatchToRoute(Object(Illuminate\\Http\\Request))
#44 B:\\Projects PHP\\Dadis Project\\dasis Eshop\\public_html\\vendor\\laravel\\framework\\src\\Illuminate\\Foundation\\Http\\Kernel.php(190): Illuminate\\Routing\\Router->dispatch(Object(Illuminate\\Http\\Request))
#45 B:\\Projects PHP\\Dadis Project\\dasis Eshop\\public_html\\vendor\\laravel\\framework\\src\\Illuminate\\Pipeline\\Pipeline.php(141): Illuminate\\Foundation\\Http\\Kernel->Illuminate\\Foundation\\Http\\{closure}(Object(Illuminate\\Http\\Request))
#46 B:\\Projects PHP\\Dadis Project\\dasis Eshop\\public_html\\vendor\\barryvdh\\laravel-debugbar\\src\\Middleware\\InjectDebugbar.php(59): Illuminate\\Pipeline\\Pipeline->Illuminate\\Pipeline\\{closure}(Object(Illuminate\\Http\\Request))
#47 B:\\Projects PHP\\Dadis Project\\dasis Eshop\\public_html\\vendor\\laravel\\framework\\src\\Illuminate\\Pipeline\\Pipeline.php(180): Barryvdh\\Debugbar\\Middleware\\InjectDebugbar->handle(Object(Illuminate\\Http\\Request), Object(Closure))
#48 B:\\Projects PHP\\Dadis Project\\dasis Eshop\\public_html\\vendor\\laravel\\framework\\src\\Illuminate\\Foundation\\Http\\Middleware\\TransformsRequest.php(21): Illuminate\\Pipeline\\Pipeline->Illuminate\\Pipeline\\{closure}(Object(Illuminate\\Http\\Request))
#49 B:\\Projects PHP\\Dadis Project\\dasis Eshop\\public_html\\vendor\\laravel\\framework\\src\\Illuminate\\Foundation\\Http\\Middleware\\ConvertEmptyStringsToNull.php(31): Illuminate\\Foundation\\Http\\Middleware\\TransformsRequest->handle(Object(Illuminate\\Http\\Request), Object(Closure))
#50 B:\\Projects PHP\\Dadis Project\\dasis Eshop\\public_html\\vendor\\laravel\\framework\\src\\Illuminate\\Pipeline\\Pipeline.php(180): Illuminate\\Foundation\\Http\\Middleware\\ConvertEmptyStringsToNull->handle(Object(Illuminate\\Http\\Request), Object(Closure))
#51 B:\\Projects PHP\\Dadis Project\\dasis Eshop\\public_html\\vendor\\laravel\\framework\\src\\Illuminate\\Foundation\\Http\\Middleware\\TransformsRequest.php(21): Illuminate\\Pipeline\\Pipeline->Illuminate\\Pipeline\\{closure}(Object(Illuminate\\Http\\Request))
#52 B:\\Projects PHP\\Dadis Project\\dasis Eshop\\public_html\\vendor\\laravel\\framework\\src\\Illuminate\\Foundation\\Http\\Middleware\\TrimStrings.php(40): Illuminate\\Foundation\\Http\\Middleware\\TransformsRequest->handle(Object(Illuminate\\Http\\Request), Object(Closure))
#53 B:\\Projects PHP\\Dadis Project\\dasis Eshop\\public_html\\vendor\\laravel\\framework\\src\\Illuminate\\Pipeline\\Pipeline.php(180): Illuminate\\Foundation\\Http\\Middleware\\TrimStrings->handle(Object(Illuminate\\Http\\Request), Object(Closure))
#54 B:\\Projects PHP\\Dadis Project\\dasis Eshop\\public_html\\vendor\\laravel\\framework\\src\\Illuminate\\Foundation\\Http\\Middleware\\ValidatePostSize.php(27): Illuminate\\Pipeline\\Pipeline->Illuminate\\Pipeline\\{closure}(Object(Illuminate\\Http\\Request))
#55 B:\\Projects PHP\\Dadis Project\\dasis Eshop\\public_html\\vendor\\laravel\\framework\\src\\Illuminate\\Pipeline\\Pipeline.php(180): Illuminate\\Foundation\\Http\\Middleware\\ValidatePostSize->handle(Object(Illuminate\\Http\\Request), Object(Closure))
#56 B:\\Projects PHP\\Dadis Project\\dasis Eshop\\public_html\\vendor\\laravel\\framework\\src\\Illuminate\\Foundation\\Http\\Middleware\\PreventRequestsDuringMaintenance.php(86): Illuminate\\Pipeline\\Pipeline->Illuminate\\Pipeline\\{closure}(Object(Illuminate\\Http\\Request))
#57 B:\\Projects PHP\\Dadis Project\\dasis Eshop\\public_html\\vendor\\laravel\\framework\\src\\Illuminate\\Pipeline\\Pipeline.php(180): Illuminate\\Foundation\\Http\\Middleware\\PreventRequestsDuringMaintenance->handle(Object(Illuminate\\Http\\Request), Object(Closure))
#58 B:\\Projects PHP\\Dadis Project\\dasis Eshop\\public_html\\vendor\\laravel\\framework\\src\\Illuminate\\Http\\Middleware\\HandleCors.php(49): Illuminate\\Pipeline\\Pipeline->Illuminate\\Pipeline\\{closure}(Object(Illuminate\\Http\\Request))
#59 B:\\Projects PHP\\Dadis Project\\dasis Eshop\\public_html\\vendor\\laravel\\framework\\src\\Illuminate\\Pipeline\\Pipeline.php(180): Illuminate\\Http\\Middleware\\HandleCors->handle(Object(Illuminate\\Http\\Request), Object(Closure))
#60 B:\\Projects PHP\\Dadis Project\\dasis Eshop\\public_html\\vendor\\laravel\\framework\\src\\Illuminate\\Http\\Middleware\\TrustProxies.php(39): Illuminate\\Pipeline\\Pipeline->Illuminate\\Pipeline\\{closure}(Object(Illuminate\\Http\\Request))
#61 B:\\Projects PHP\\Dadis Project\\dasis Eshop\\public_html\\vendor\\laravel\\framework\\src\\Illuminate\\Pipeline\\Pipeline.php(180): Illuminate\\Http\\Middleware\\TrustProxies->handle(Object(Illuminate\\Http\\Request), Object(Closure))
#62 B:\\Projects PHP\\Dadis Project\\dasis Eshop\\public_html\\vendor\\laravel\\framework\\src\\Illuminate\\Pipeline\\Pipeline.php(116): Illuminate\\Pipeline\\Pipeline->Illuminate\\Pipeline\\{closure}(Object(Illuminate\\Http\\Request))
#63 B:\\Projects PHP\\Dadis Project\\dasis Eshop\\public_html\\vendor\\laravel\\framework\\src\\Illuminate\\Foundation\\Http\\Kernel.php(165): Illuminate\\Pipeline\\Pipeline->then(Object(Closure))
#64 B:\\Projects PHP\\Dadis Project\\dasis Eshop\\public_html\\vendor\\laravel\\framework\\src\\Illuminate\\Foundation\\Http\\Kernel.php(134): Illuminate\\Foundation\\Http\\Kernel->sendRequestThroughRouter(Object(Illuminate\\Http\\Request))
#65 B:\\Projects PHP\\Dadis Project\\dasis Eshop\\public_html\\public\\index.php(51): Illuminate\\Foundation\\Http\\Kernel->handle(Object(Illuminate\\Http\\Request))
#66 B:\\Projects PHP\\Dadis Project\\dasis Eshop\\public_html\\vendor\\laravel\\framework\\src\\Illuminate\\Foundation\\resources\\server.php(16): require_once('B:\\\\Projects PHP...')
#67 {main}
"} 
[2026-05-27 23:14:35] live.INFO: Real SMS Balance from Beems API: 7  
[2026-05-27 23:14:37] live.INFO: Real SMS Balance from Beems API: 7  
[2026-05-27 23:14:43] live.INFO: Dashboard stats request: {"start_date":"2026-05-27","end_date":"2026-05-27","business_id":2} 
[2026-05-27 23:14:43] live.INFO: Checking Order model...  
[2026-05-27 23:14:43] live.INFO: Available order statuses: ["confirmed","cancelled","completed"] 
[2026-05-27 23:14:43] live.INFO: business_id column might not exist: SQLSTATE[42S22]: Column not found: 1054 Unknown column 'business_id' in 'where clause' (SQL: select * from `orders` where `business_id` = 2 limit 1)  
[2026-05-27 23:14:43] live.INFO: Pending orders query: {"business_id":null,"status":"pending","start":"2026-05-27","end":"2026-05-27","count":0,"total":0} 
[2026-05-27 23:14:43] live.INFO: Denied orders query SQL: select * from `orders` where LOWER(status) = ? and date(`created_at`) >= ? and date(`created_at`) <= ?  
[2026-05-27 23:14:43] live.INFO: Denied orders bindings:  ["denied","2026-05-27","2026-05-27"] 
[2026-05-27 23:14:43] live.INFO: Denied orders count: 0  
[2026-05-27 23:14:43] live.INFO: Cancelled orders query SQL: select * from `orders` where LOWER(status) in (?, ?) and date(`created_at`) >= ? and date(`created_at`) <= ?  
[2026-05-27 23:14:43] live.INFO: Cancelled orders bindings:  ["cancelled","canceled","2026-05-27","2026-05-27"] 
[2026-05-27 23:14:43] live.INFO: Cancelled orders count: 0  
[2026-05-27 23:14:43] live.INFO: Confirmed orders query: {"business_id":null,"status":"confirmed","start":"2026-05-27","end":"2026-05-27","count":0} 
[2026-05-27 23:14:43] live.INFO: Pending bookings query SQL: select * from `booking` where date(`created_at`) >= ? and date(`created_at`) <= ? and LOWER(status) = ?  
[2026-05-27 23:14:43] live.INFO: Pending bookings bindings:  ["2026-05-27","2026-05-27","pending"] 
[2026-05-27 23:14:43] live.INFO: Pending bookings count: 0  
[2026-05-27 23:14:43] live.INFO: Accepted bookings query SQL: select * from `booking` where date(`created_at`) >= ? and date(`created_at`) <= ? and LOWER(status) = ?  
[2026-05-27 23:14:43] live.INFO: Accepted bookings bindings:  ["2026-05-27","2026-05-27","accepted"] 
[2026-05-27 23:14:43] live.INFO: Accepted bookings count: 0  
[2026-05-27 23:14:43] live.INFO: Denied bookings query SQL: select * from `booking` where date(`created_at`) >= ? and date(`created_at`) <= ? and LOWER(status) = ?  
[2026-05-27 23:14:43] live.INFO: Denied bookings bindings:  ["2026-05-27","2026-05-27","denied"] 
[2026-05-27 23:14:43] live.INFO: Denied bookings count: 0  
[2026-05-27 23:14:43] live.INFO: Cancelled bookings query SQL: select * from `booking` where date(`created_at`) >= ? and date(`created_at`) <= ? and LOWER(status) in (?, ?)  
[2026-05-27 23:14:43] live.INFO: Cancelled bookings bindings:  ["2026-05-27","2026-05-27","cancelled","canceled"] 
[2026-05-27 23:14:43] live.INFO: Cancelled bookings count: 0  
[2026-05-27 23:14:43] live.INFO: Dashboard stats results: {"pending_orders_count":0,"pending_orders_total":0,"completed_orders_count":0,"denied_orders_count":0,"cancelled_orders_count":0,"pending_bookings_count":0,"accepted_bookings_count":0,"denied_bookings_count":0,"cancelled_bookings_count":0,"start_date":"2026-05-27","end_date":"2026-05-27","business_id":null} 
[2026-05-27 23:15:00] live.INFO: Dashboard stats request: {"start_date":"2026-05-01","end_date":"2026-05-31","business_id":2} 
[2026-05-27 23:15:00] live.INFO: Checking Order model...  
[2026-05-27 23:15:00] live.INFO: Available order statuses: ["confirmed","cancelled","completed"] 
[2026-05-27 23:15:00] live.INFO: business_id column might not exist: SQLSTATE[42S22]: Column not found: 1054 Unknown column 'business_id' in 'where clause' (SQL: select * from `orders` where `business_id` = 2 limit 1)  
[2026-05-27 23:15:00] live.INFO: Pending orders query: {"business_id":null,"status":"pending","start":"2026-05-01","end":"2026-05-31","count":0,"total":0} 
[2026-05-27 23:15:00] live.INFO: Denied orders query SQL: select * from `orders` where LOWER(status) = ? and date(`created_at`) >= ? and date(`created_at`) <= ?  
[2026-05-27 23:15:00] live.INFO: Denied orders bindings:  ["denied","2026-05-01","2026-05-31"] 
[2026-05-27 23:15:00] live.INFO: Denied orders count: 0  
[2026-05-27 23:15:00] live.INFO: Cancelled orders query SQL: select * from `orders` where LOWER(status) in (?, ?) and date(`created_at`) >= ? and date(`created_at`) <= ?  
[2026-05-27 23:15:00] live.INFO: Cancelled orders bindings:  ["cancelled","canceled","2026-05-01","2026-05-31"] 
[2026-05-27 23:15:00] live.INFO: Cancelled orders count: 0  
[2026-05-27 23:15:00] live.INFO: Confirmed orders query: {"business_id":null,"status":"confirmed","start":"2026-05-01","end":"2026-05-31","count":0} 
[2026-05-27 23:15:00] live.INFO: Pending bookings query SQL: select * from `booking` where date(`created_at`) >= ? and date(`created_at`) <= ? and LOWER(status) = ?  
[2026-05-27 23:15:00] live.INFO: Pending bookings bindings:  ["2026-05-01","2026-05-31","pending"] 
[2026-05-27 23:15:00] live.INFO: Pending bookings count: 0  
[2026-05-27 23:15:00] live.INFO: Accepted bookings query SQL: select * from `booking` where date(`created_at`) >= ? and date(`created_at`) <= ? and LOWER(status) = ?  
[2026-05-27 23:15:00] live.INFO: Accepted bookings bindings:  ["2026-05-01","2026-05-31","accepted"] 
[2026-05-27 23:15:00] live.INFO: Accepted bookings count: 0  
[2026-05-27 23:15:00] live.INFO: Denied bookings query SQL: select * from `booking` where date(`created_at`) >= ? and date(`created_at`) <= ? and LOWER(status) = ?  
[2026-05-27 23:15:00] live.INFO: Denied bookings bindings:  ["2026-05-01","2026-05-31","denied"] 
[2026-05-27 23:15:00] live.INFO: Denied bookings count: 0  
[2026-05-27 23:15:00] live.INFO: Cancelled bookings query SQL: select * from `booking` where date(`created_at`) >= ? and date(`created_at`) <= ? and LOWER(status) in (?, ?)  
[2026-05-27 23:15:00] live.INFO: Cancelled bookings bindings:  ["2026-05-01","2026-05-31","cancelled","canceled"] 
[2026-05-27 23:15:00] live.INFO: Cancelled bookings count: 0  
[2026-05-27 23:15:00] live.INFO: Dashboard stats results: {"pending_orders_count":0,"pending_orders_total":0,"completed_orders_count":0,"denied_orders_count":0,"cancelled_orders_count":0,"pending_bookings_count":0,"accepted_bookings_count":0,"denied_bookings_count":0,"cancelled_bookings_count":0,"start_date":"2026-05-01","end_date":"2026-05-31","business_id":null} 
[2026-05-27 23:45:45] live.INFO: Real SMS Balance from Beems API: 7  
[2026-05-27 23:45:46] live.INFO: Real SMS Balance from Beems API: 7  
[2026-05-27 23:45:56] live.INFO: Dashboard stats request: {"start_date":"2026-05-27","end_date":"2026-05-27","business_id":2} 
[2026-05-27 23:45:56] live.INFO: Checking Order model...  
[2026-05-27 23:45:56] live.INFO: Available order statuses: ["confirmed","cancelled","completed"] 
[2026-05-27 23:45:56] live.INFO: business_id column might not exist: SQLSTATE[42S22]: Column not found: 1054 Unknown column 'business_id' in 'where clause' (SQL: select * from `orders` where `business_id` = 2 limit 1)  
[2026-05-27 23:45:56] live.INFO: Pending orders query: {"business_id":null,"status":"pending","start":"2026-05-27","end":"2026-05-27","count":0,"total":0} 
[2026-05-27 23:45:56] live.INFO: Denied orders query SQL: select * from `orders` where LOWER(status) = ? and date(`created_at`) >= ? and date(`created_at`) <= ?  
[2026-05-27 23:45:56] live.INFO: Denied orders bindings:  ["denied","2026-05-27","2026-05-27"] 
[2026-05-27 23:45:56] live.INFO: Denied orders count: 0  
[2026-05-27 23:45:56] live.INFO: Cancelled orders query SQL: select * from `orders` where LOWER(status) in (?, ?) and date(`created_at`) >= ? and date(`created_at`) <= ?  
[2026-05-27 23:45:56] live.INFO: Cancelled orders bindings:  ["cancelled","canceled","2026-05-27","2026-05-27"] 
[2026-05-27 23:45:56] live.INFO: Cancelled orders count: 0  
[2026-05-27 23:45:56] live.INFO: Confirmed orders query: {"business_id":null,"status":"confirmed","start":"2026-05-27","end":"2026-05-27","count":0} 
[2026-05-27 23:45:56] live.INFO: Pending bookings query SQL: select * from `booking` where date(`created_at`) >= ? and date(`created_at`) <= ? and LOWER(status) = ?  
[2026-05-27 23:45:56] live.INFO: Pending bookings bindings:  ["2026-05-27","2026-05-27","pending"] 
[2026-05-27 23:45:56] live.INFO: Pending bookings count: 0  
[2026-05-27 23:45:56] live.INFO: Accepted bookings query SQL: select * from `booking` where date(`created_at`) >= ? and date(`created_at`) <= ? and LOWER(status) = ?  
[2026-05-27 23:45:56] live.INFO: Accepted bookings bindings:  ["2026-05-27","2026-05-27","accepted"] 
[2026-05-27 23:45:56] live.INFO: Accepted bookings count: 0  
[2026-05-27 23:45:56] live.INFO: Denied bookings query SQL: select * from `booking` where date(`created_at`) >= ? and date(`created_at`) <= ? and LOWER(status) = ?  
[2026-05-27 23:45:56] live.INFO: Denied bookings bindings:  ["2026-05-27","2026-05-27","denied"] 
[2026-05-27 23:45:56] live.INFO: Denied bookings count: 0  
[2026-05-27 23:45:56] live.INFO: Cancelled bookings query SQL: select * from `booking` where date(`created_at`) >= ? and date(`created_at`) <= ? and LOWER(status) in (?, ?)  
[2026-05-27 23:45:56] live.INFO: Cancelled bookings bindings:  ["2026-05-27","2026-05-27","cancelled","canceled"] 
[2026-05-27 23:45:57] live.INFO: Cancelled bookings count: 0  
[2026-05-27 23:45:57] live.INFO: Dashboard stats results: {"pending_orders_count":0,"pending_orders_total":0,"completed_orders_count":0,"denied_orders_count":0,"cancelled_orders_count":0,"pending_bookings_count":0,"accepted_bookings_count":0,"denied_bookings_count":0,"cancelled_bookings_count":0,"start_date":"2026-05-27","end_date":"2026-05-27","business_id":null} 
[2026-05-27 23:46:17] live.INFO: Dashboard stats request: {"start_date":"2026-05-01","end_date":"2026-05-31","business_id":2} 
[2026-05-27 23:46:17] live.INFO: Checking Order model...  
[2026-05-27 23:46:17] live.INFO: Available order statuses: ["confirmed","cancelled","completed"] 
[2026-05-27 23:46:17] live.INFO: business_id column might not exist: SQLSTATE[42S22]: Column not found: 1054 Unknown column 'business_id' in 'where clause' (SQL: select * from `orders` where `business_id` = 2 limit 1)  
[2026-05-27 23:46:17] live.INFO: Pending orders query: {"business_id":null,"status":"pending","start":"2026-05-01","end":"2026-05-31","count":0,"total":0} 
[2026-05-27 23:46:17] live.INFO: Denied orders query SQL: select * from `orders` where LOWER(status) = ? and date(`created_at`) >= ? and date(`created_at`) <= ?  
[2026-05-27 23:46:17] live.INFO: Denied orders bindings:  ["denied","2026-05-01","2026-05-31"] 
[2026-05-27 23:46:17] live.INFO: Denied orders count: 0  
[2026-05-27 23:46:17] live.INFO: Cancelled orders query SQL: select * from `orders` where LOWER(status) in (?, ?) and date(`created_at`) >= ? and date(`created_at`) <= ?  
[2026-05-27 23:46:17] live.INFO: Cancelled orders bindings:  ["cancelled","canceled","2026-05-01","2026-05-31"] 
[2026-05-27 23:46:17] live.INFO: Cancelled orders count: 0  
[2026-05-27 23:46:17] live.INFO: Confirmed orders query: {"business_id":null,"status":"confirmed","start":"2026-05-01","end":"2026-05-31","count":0} 
[2026-05-27 23:46:17] live.INFO: Pending bookings query SQL: select * from `booking` where date(`created_at`) >= ? and date(`created_at`) <= ? and LOWER(status) = ?  
[2026-05-27 23:46:17] live.INFO: Pending bookings bindings:  ["2026-05-01","2026-05-31","pending"] 
[2026-05-27 23:46:17] live.INFO: Pending bookings count: 0  
[2026-05-27 23:46:17] live.INFO: Accepted bookings query SQL: select * from `booking` where date(`created_at`) >= ? and date(`created_at`) <= ? and LOWER(status) = ?  
[2026-05-27 23:46:17] live.INFO: Accepted bookings bindings:  ["2026-05-01","2026-05-31","accepted"] 
[2026-05-27 23:46:17] live.INFO: Accepted bookings count: 0  
[2026-05-27 23:46:17] live.INFO: Denied bookings query SQL: select * from `booking` where date(`created_at`) >= ? and date(`created_at`) <= ? and LOWER(status) = ?  
[2026-05-27 23:46:17] live.INFO: Denied bookings bindings:  ["2026-05-01","2026-05-31","denied"] 
[2026-05-27 23:46:17] live.INFO: Denied bookings count: 0  
[2026-05-27 23:46:17] live.INFO: Cancelled bookings query SQL: select * from `booking` where date(`created_at`) >= ? and date(`created_at`) <= ? and LOWER(status) in (?, ?)  
[2026-05-27 23:46:17] live.INFO: Cancelled bookings bindings:  ["2026-05-01","2026-05-31","cancelled","canceled"] 
[2026-05-27 23:46:17] live.INFO: Cancelled bookings count: 0  
[2026-05-27 23:46:17] live.INFO: Dashboard stats results: {"pending_orders_count":0,"pending_orders_total":0,"completed_orders_count":0,"denied_orders_count":0,"cancelled_orders_count":0,"pending_bookings_count":0,"accepted_bookings_count":0,"denied_bookings_count":0,"cancelled_bookings_count":0,"start_date":"2026-05-01","end_date":"2026-05-31","business_id":null} 
[2026-05-28 00:20:30] live.INFO: Real SMS Balance from Beems API: 7  
[2026-05-28 00:20:30] live.INFO: Real SMS Balance from Beems API: 7  
[2026-05-28 00:20:31] live.INFO: Dashboard stats request: {"start_date":"2026-05-28","end_date":"2026-05-28","business_id":2} 
[2026-05-28 00:20:31] live.INFO: Checking Order model...  
[2026-05-28 00:20:31] live.INFO: Available order statuses: ["confirmed","cancelled","completed"] 
[2026-05-28 00:20:32] live.INFO: business_id column might not exist: SQLSTATE[42S22]: Column not found: 1054 Unknown column 'business_id' in 'where clause' (SQL: select * from `orders` where `business_id` = 2 limit 1)  
[2026-05-28 00:20:32] live.INFO: Pending orders query: {"business_id":null,"status":"pending","start":"2026-05-28","end":"2026-05-28","count":0,"total":0} 
[2026-05-28 00:20:32] live.INFO: Denied orders query SQL: select * from `orders` where LOWER(status) = ? and date(`created_at`) >= ? and date(`created_at`) <= ?  
[2026-05-28 00:20:32] live.INFO: Denied orders bindings:  ["denied","2026-05-28","2026-05-28"] 
[2026-05-28 00:20:32] live.INFO: Denied orders count: 0  
[2026-05-28 00:20:32] live.INFO: Cancelled orders query SQL: select * from `orders` where LOWER(status) in (?, ?) and date(`created_at`) >= ? and date(`created_at`) <= ?  
[2026-05-28 00:20:32] live.INFO: Cancelled orders bindings:  ["cancelled","canceled","2026-05-28","2026-05-28"] 
[2026-05-28 00:20:32] live.INFO: Cancelled orders count: 0  
[2026-05-28 00:20:32] live.INFO: Confirmed orders query: {"business_id":null,"status":"confirmed","start":"2026-05-28","end":"2026-05-28","count":0} 
[2026-05-28 00:20:32] live.INFO: Pending bookings query SQL: select * from `booking` where date(`created_at`) >= ? and date(`created_at`) <= ? and LOWER(status) = ?  
[2026-05-28 00:20:32] live.INFO: Pending bookings bindings:  ["2026-05-28","2026-05-28","pending"] 
[2026-05-28 00:20:32] live.INFO: Pending bookings count: 0  
[2026-05-28 00:20:32] live.INFO: Accepted bookings query SQL: select * from `booking` where date(`created_at`) >= ? and date(`created_at`) <= ? and LOWER(status) = ?  
[2026-05-28 00:20:32] live.INFO: Accepted bookings bindings:  ["2026-05-28","2026-05-28","accepted"] 
[2026-05-28 00:20:32] live.INFO: Accepted bookings count: 0  
[2026-05-28 00:20:32] live.INFO: Denied bookings query SQL: select * from `booking` where date(`created_at`) >= ? and date(`created_at`) <= ? and LOWER(status) = ?  
[2026-05-28 00:20:32] live.INFO: Denied bookings bindings:  ["2026-05-28","2026-05-28","denied"] 
[2026-05-28 00:20:32] live.INFO: Denied bookings count: 0  
[2026-05-28 00:20:32] live.INFO: Cancelled bookings query SQL: select * from `booking` where date(`created_at`) >= ? and date(`created_at`) <= ? and LOWER(status) in (?, ?)  
[2026-05-28 00:20:32] live.INFO: Cancelled bookings bindings:  ["2026-05-28","2026-05-28","cancelled","canceled"] 
[2026-05-28 00:20:32] live.INFO: Cancelled bookings count: 0  
[2026-05-28 00:20:32] live.INFO: Dashboard stats results: {"pending_orders_count":0,"pending_orders_total":0,"completed_orders_count":0,"denied_orders_count":0,"cancelled_orders_count":0,"pending_bookings_count":0,"accepted_bookings_count":0,"denied_bookings_count":0,"cancelled_bookings_count":0,"start_date":"2026-05-28","end_date":"2026-05-28","business_id":null} 
[2026-05-28 00:20:37] live.INFO: Dashboard stats request: {"start_date":"2026-05-01","end_date":"2026-05-31","business_id":2} 
[2026-05-28 00:20:37] live.INFO: Checking Order model...  
[2026-05-28 00:20:37] live.INFO: Available order statuses: ["confirmed","cancelled","completed"] 
[2026-05-28 00:20:37] live.INFO: business_id column might not exist: SQLSTATE[42S22]: Column not found: 1054 Unknown column 'business_id' in 'where clause' (SQL: select * from `orders` where `business_id` = 2 limit 1)  
[2026-05-28 00:20:37] live.INFO: Pending orders query: {"business_id":null,"status":"pending","start":"2026-05-01","end":"2026-05-31","count":0,"total":0} 
[2026-05-28 00:20:37] live.INFO: Denied orders query SQL: select * from `orders` where LOWER(status) = ? and date(`created_at`) >= ? and date(`created_at`) <= ?  
[2026-05-28 00:20:37] live.INFO: Denied orders bindings:  ["denied","2026-05-01","2026-05-31"] 
[2026-05-28 00:20:37] live.INFO: Denied orders count: 0  
[2026-05-28 00:20:37] live.INFO: Cancelled orders query SQL: select * from `orders` where LOWER(status) in (?, ?) and date(`created_at`) >= ? and date(`created_at`) <= ?  
[2026-05-28 00:20:37] live.INFO: Cancelled orders bindings:  ["cancelled","canceled","2026-05-01","2026-05-31"] 
[2026-05-28 00:20:37] live.INFO: Cancelled orders count: 0  
[2026-05-28 00:20:37] live.INFO: Confirmed orders query: {"business_id":null,"status":"confirmed","start":"2026-05-01","end":"2026-05-31","count":0} 
[2026-05-28 00:20:37] live.INFO: Pending bookings query SQL: select * from `booking` where date(`created_at`) >= ? and date(`created_at`) <= ? and LOWER(status) = ?  
[2026-05-28 00:20:37] live.INFO: Pending bookings bindings:  ["2026-05-01","2026-05-31","pending"] 
[2026-05-28 00:20:37] live.INFO: Pending bookings count: 0  
[2026-05-28 00:20:37] live.INFO: Accepted bookings query SQL: select * from `booking` where date(`created_at`) >= ? and date(`created_at`) <= ? and LOWER(status) = ?  
[2026-05-28 00:20:37] live.INFO: Accepted bookings bindings:  ["2026-05-01","2026-05-31","accepted"] 
[2026-05-28 00:20:37] live.INFO: Accepted bookings count: 0  
[2026-05-28 00:20:37] live.INFO: Denied bookings query SQL: select * from `booking` where date(`created_at`) >= ? and date(`created_at`) <= ? and LOWER(status) = ?  
[2026-05-28 00:20:37] live.INFO: Denied bookings bindings:  ["2026-05-01","2026-05-31","denied"] 
[2026-05-28 00:20:37] live.INFO: Denied bookings count: 0  
[2026-05-28 00:20:37] live.INFO: Cancelled bookings query SQL: select * from `booking` where date(`created_at`) >= ? and date(`created_at`) <= ? and LOWER(status) in (?, ?)  
[2026-05-28 00:20:37] live.INFO: Cancelled bookings bindings:  ["2026-05-01","2026-05-31","cancelled","canceled"] 
[2026-05-28 00:20:37] live.INFO: Cancelled bookings count: 0  
[2026-05-28 00:20:37] live.INFO: Dashboard stats results: {"pending_orders_count":0,"pending_orders_total":0,"completed_orders_count":0,"denied_orders_count":0,"cancelled_orders_count":0,"pending_bookings_count":0,"accepted_bookings_count":0,"denied_bookings_count":0,"cancelled_bookings_count":0,"start_date":"2026-05-01","end_date":"2026-05-31","business_id":null} 
[2026-06-20 00:39:34] live.ERROR: SQLSTATE[HY000] [2002] No connection could be made because the target machine actively refused it (SQL: select * from `system` where `key` = crm_version limit 1) {"exception":"[object] (Illuminate\\Database\\QueryException(code: 2002): SQLSTATE[HY000] [2002] No connection could be made because the target machine actively refused it (SQL: select * from `system` where `key` = crm_version limit 1) at B:\\Projects PHP\\Dadis Project\\dasis Eshop\\public_html\\vendor\\laravel\\framework\\src\\Illuminate\\Database\\Connection.php:760)
[stacktrace]
#0 B:\\Projects PHP\\Dadis Project\\dasis Eshop\\public_html\\vendor\\laravel\\framework\\src\\Illuminate\\Database\\Connection.php(720): Illuminate\\Database\\Connection->runQueryCallback('select * from `...', Array, Object(Closure))
#1 B:\\Projects PHP\\Dadis Project\\dasis Eshop\\public_html\\vendor\\laravel\\framework\\src\\Illuminate\\Database\\Connection.php(405): Illuminate\\Database\\Connection->run('select * from `...', Array, Object(Closure))
#2 B:\\Projects PHP\\Dadis Project\\dasis Eshop\\public_html\\vendor\\laravel\\framework\\src\\Illuminate\\Database\\Query\\Builder.php(2705): Illuminate\\Database\\Connection->select('select * from `...', Array, true)
#3 B:\\Projects PHP\\Dadis Project\\dasis Eshop\\public_html\\vendor\\laravel\\framework\\src\\Illuminate\\Database\\Query\\Builder.php(2694): Illuminate\\Database\\Query\\Builder->runSelect()
#4 B:\\Projects PHP\\Dadis Project\\dasis Eshop\\public_html\\vendor\\laravel\\framework\\src\\Illuminate\\Database\\Query\\Builder.php(3230): Illuminate\\Database\\Query\\Builder->Illuminate\\Database\\Query\\{closure}()
#5 B:\\Projects PHP\\Dadis Project\\dasis Eshop\\public_html\\vendor\\laravel\\framework\\src\\Illuminate\\Database\\Query\\Builder.php(2693): Illuminate\\Database\\Query\\Builder->onceWithColumns(Array, Object(Closure))
#6 B:\\Projects PHP\\Dadis Project\\dasis Eshop\\public_html\\vendor\\laravel\\framework\\src\\Illuminate\\Database\\Eloquent\\Builder.php(710): Illuminate\\Database\\Query\\Builder->get(Array)
#7 B:\\Projects PHP\\Dadis Project\\dasis Eshop\\public_html\\vendor\\laravel\\framework\\src\\Illuminate\\Database\\Eloquent\\Builder.php(694): Illuminate\\Database\\Eloquent\\Builder->getModels(Array)
#8 B:\\Projects PHP\\Dadis Project\\dasis Eshop\\public_html\\vendor\\laravel\\framework\\src\\Illuminate\\Database\\Concerns\\BuildsQueries.php(296): Illuminate\\Database\\Eloquent\\Builder->get(Array)
#9 B:\\Projects PHP\\Dadis Project\\dasis Eshop\\public_html\\app\\System.php(39): Illuminate\\Database\\Eloquent\\Builder->first()
#10 B:\\Projects PHP\\Dadis Project\\dasis Eshop\\public_html\\app\\Utils\\ModuleUtil.php(28): App\\System::getProperty('crm_version')
#11 B:\\Projects PHP\\Dadis Project\\dasis Eshop\\public_html\\Modules\\Crm\\Providers\\CrmServiceProvider.php(172): App\\Utils\\ModuleUtil->isModuleInstalled('Crm')
#12 B:\\Projects PHP\\Dadis Project\\dasis Eshop\\public_html\\Modules\\Crm\\Providers\\CrmServiceProvider.php(39): Modules\\Crm\\Providers\\CrmServiceProvider->registerScheduleCommands()
#13 B:\\Projects PHP\\Dadis Project\\dasis Eshop\\public_html\\vendor\\laravel\\framework\\src\\Illuminate\\Container\\BoundMethod.php(36): Modules\\Crm\\Providers\\CrmServiceProvider->boot()
#14 B:\\Projects PHP\\Dadis Project\\dasis Eshop\\public_html\\vendor\\laravel\\framework\\src\\Illuminate\\Container\\Util.php(41): Illuminate\\Container\\BoundMethod::Illuminate\\Container\\{closure}()
#15 B:\\Projects PHP\\Dadis Project\\dasis Eshop\\public_html\\vendor\\laravel\\framework\\src\\Illuminate\\Container\\BoundMethod.php(93): Illuminate\\Container\\Util::unwrapIfClosure(Object(Closure))
#16 B:\\Projects PHP\\Dadis Project\\dasis Eshop\\public_html\\vendor\\laravel\\framework\\src\\Illuminate\\Container\\BoundMethod.php(35): Illuminate\\Container\\BoundMethod::callBoundMethod(Object(Illuminate\\Foundation\\Application), Array, Object(Closure))
#17 B:\\Projects PHP\\Dadis Project\\dasis Eshop\\public_html\\vendor\\laravel\\framework\\src\\Illuminate\\Container\\Container.php(661): Illuminate\\Container\\BoundMethod::call(Object(Illuminate\\Foundation\\Application), Array, Array, NULL)
#18 B:\\Projects PHP\\Dadis Project\\dasis Eshop\\public_html\\vendor\\laravel\\framework\\src\\Illuminate\\Foundation\\Application.php(954): Illuminate\\Container\\Container->call(Array)
#19 B:\\Projects PHP\\Dadis Project\\dasis Eshop\\public_html\\vendor\\laravel\\framework\\src\\Illuminate\\Foundation\\Application.php(935): Illuminate\\Foundation\\Application->bootProvider(Object(Modules\\Crm\\Providers\\CrmServiceProvider))
#20 [internal function]: Illuminate\\Foundation\\Application->Illuminate\\Foundation\\{closure}(Object(Modules\\Crm\\Providers\\CrmServiceProvider), 55)
#21 B:\\Projects PHP\\Dadis Project\\dasis Eshop\\public_html\\vendor\\laravel\\framework\\src\\Illuminate\\Foundation\\Application.php(934): array_walk(Array, Object(Closure))
#22 B:\\Projects PHP\\Dadis Project\\dasis Eshop\\public_html\\vendor\\laravel\\framework\\src\\Illuminate\\Foundation\\Bootstrap\\BootProviders.php(17): Illuminate\\Foundation\\Application->boot()
#23 B:\\Projects PHP\\Dadis Project\\dasis Eshop\\public_html\\vendor\\laravel\\framework\\src\\Illuminate\\Foundation\\Application.php(265): Illuminate\\Foundation\\Bootstrap\\BootProviders->bootstrap(Object(Illuminate\\Foundation\\Application))
#24 B:\\Projects PHP\\Dadis Project\\dasis Eshop\\public_html\\vendor\\laravel\\framework\\src\\Illuminate\\Foundation\\Console\\Kernel.php(383): Illuminate\\Foundation\\Application->bootstrapWith(Array)
#25 B:\\Projects PHP\\Dadis Project\\dasis Eshop\\public_html\\vendor\\laravel\\framework\\src\\Illuminate\\Foundation\\Console\\Kernel.php(153): Illuminate\\Foundation\\Console\\Kernel->bootstrap()
#26 B:\\Projects PHP\\Dadis Project\\dasis Eshop\\public_html\\artisan(35): Illuminate\\Foundation\\Console\\Kernel->handle(Object(Symfony\\Component\\Console\\Input\\ArgvInput), Object(Symfony\\Component\\Console\\Output\\ConsoleOutput))
#27 {main}

[previous exception] [object] (PDOException(code: 2002): SQLSTATE[HY000] [2002] No connection could be made because the target machine actively refused it at B:\\Projects PHP\\Dadis Project\\dasis Eshop\\public_html\\vendor\\laravel\\framework\\src\\Illuminate\\Database\\Connectors\\Connector.php:70)
[stacktrace]
#0 B:\\Projects PHP\\Dadis Project\\dasis Eshop\\public_html\\vendor\\laravel\\framework\\src\\Illuminate\\Database\\Connectors\\Connector.php(70): PDO->__construct('mysql:host=loca...', 'root', Object(SensitiveParameterValue), Array)
#1 B:\\Projects PHP\\Dadis Project\\dasis Eshop\\public_html\\vendor\\laravel\\framework\\src\\Illuminate\\Database\\Connectors\\Connector.php(45): Illuminate\\Database\\Connectors\\Connector->createPdoConnection('mysql:host=loca...', 'root', '', Array)
#2 B:\\Projects PHP\\Dadis Project\\dasis Eshop\\public_html\\vendor\\laravel\\framework\\src\\Illuminate\\Database\\Connectors\\MySqlConnector.php(24): Illuminate\\Database\\Connectors\\Connector->createConnection('mysql:host=loca...', Array, Array)
#3 B:\\Projects PHP\\Dadis Project\\dasis Eshop\\public_html\\vendor\\laravel\\framework\\src\\Illuminate\\Database\\Connectors\\ConnectionFactory.php(184): Illuminate\\Database\\Connectors\\MySqlConnector->connect(Array)
#4 [internal function]: Illuminate\\Database\\Connectors\\ConnectionFactory->Illuminate\\Database\\Connectors\\{closure}()
#5 B:\\Projects PHP\\Dadis Project\\dasis Eshop\\public_html\\vendor\\laravel\\framework\\src\\Illuminate\\Database\\Connection.php(1181): call_user_func(Object(Closure))
#6 B:\\Projects PHP\\Dadis Project\\dasis Eshop\\public_html\\vendor\\laravel\\framework\\src\\Illuminate\\Database\\Connection.php(1217): Illuminate\\Database\\Connection->getPdo()
#7 B:\\Projects PHP\\Dadis Project\\dasis Eshop\\public_html\\vendor\\laravel\\framework\\src\\Illuminate\\Database\\Connection.php(486): Illuminate\\Database\\Connection->getReadPdo()
#8 B:\\Projects PHP\\Dadis Project\\dasis Eshop\\public_html\\vendor\\laravel\\framework\\src\\Illuminate\\Database\\Connection.php(414): Illuminate\\Database\\Connection->getPdoForSelect(true)
#9 B:\\Projects PHP\\Dadis Project\\dasis Eshop\\public_html\\vendor\\laravel\\framework\\src\\Illuminate\\Database\\Connection.php(753): Illuminate\\Database\\Connection->Illuminate\\Database\\{closure}('select * from `...', Array)
#10 B:\\Projects PHP\\Dadis Project\\dasis Eshop\\public_html\\vendor\\laravel\\framework\\src\\Illuminate\\Database\\Connection.php(720): Illuminate\\Database\\Connection->runQueryCallback('select * from `...', Array, Object(Closure))
#11 B:\\Projects PHP\\Dadis Project\\dasis Eshop\\public_html\\vendor\\laravel\\framework\\src\\Illuminate\\Database\\Connection.php(405): Illuminate\\Database\\Connection->run('select * from `...', Array, Object(Closure))
#12 B:\\Projects PHP\\Dadis Project\\dasis Eshop\\public_html\\vendor\\laravel\\framework\\src\\Illuminate\\Database\\Query\\Builder.php(2705): Illuminate\\Database\\Connection->select('select * from `...', Array, true)
#13 B:\\Projects PHP\\Dadis Project\\dasis Eshop\\public_html\\vendor\\laravel\\framework\\src\\Illuminate\\Database\\Query\\Builder.php(2694): Illuminate\\Database\\Query\\Builder->runSelect()
#14 B:\\Projects PHP\\Dadis Project\\dasis Eshop\\public_html\\vendor\\laravel\\framework\\src\\Illuminate\\Database\\Query\\Builder.php(3230): Illuminate\\Database\\Query\\Builder->Illuminate\\Database\\Query\\{closure}()
#15 B:\\Projects PHP\\Dadis Project\\dasis Eshop\\public_html\\vendor\\laravel\\framework\\src\\Illuminate\\Database\\Query\\Builder.php(2693): Illuminate\\Database\\Query\\Builder->onceWithColumns(Array, Object(Closure))
#16 B:\\Projects PHP\\Dadis Project\\dasis Eshop\\public_html\\vendor\\laravel\\framework\\src\\Illuminate\\Database\\Eloquent\\Builder.php(710): Illuminate\\Database\\Query\\Builder->get(Array)
#17 B:\\Projects PHP\\Dadis Project\\dasis Eshop\\public_html\\vendor\\laravel\\framework\\src\\Illuminate\\Database\\Eloquent\\Builder.php(694): Illuminate\\Database\\Eloquent\\Builder->getModels(Array)
#18 B:\\Projects PHP\\Dadis Project\\dasis Eshop\\public_html\\vendor\\laravel\\framework\\src\\Illuminate\\Database\\Concerns\\BuildsQueries.php(296): Illuminate\\Database\\Eloquent\\Builder->get(Array)
#19 B:\\Projects PHP\\Dadis Project\\dasis Eshop\\public_html\\app\\System.php(39): Illuminate\\Database\\Eloquent\\Builder->first()
#20 B:\\Projects PHP\\Dadis Project\\dasis Eshop\\public_html\\app\\Utils\\ModuleUtil.php(28): App\\System::getProperty('crm_version')
#21 B:\\Projects PHP\\Dadis Project\\dasis Eshop\\public_html\\Modules\\Crm\\Providers\\CrmServiceProvider.php(172): App\\Utils\\ModuleUtil->isModuleInstalled('Crm')
#22 B:\\Projects PHP\\Dadis Project\\dasis Eshop\\public_html\\Modules\\Crm\\Providers\\CrmServiceProvider.php(39): Modules\\Crm\\Providers\\CrmServiceProvider->registerScheduleCommands()
#23 B:\\Projects PHP\\Dadis Project\\dasis Eshop\\public_html\\vendor\\laravel\\framework\\src\\Illuminate\\Container\\BoundMethod.php(36): Modules\\Crm\\Providers\\CrmServiceProvider->boot()
#24 B:\\Projects PHP\\Dadis Project\\dasis Eshop\\public_html\\vendor\\laravel\\framework\\src\\Illuminate\\Container\\Util.php(41): Illuminate\\Container\\BoundMethod::Illuminate\\Container\\{closure}()
#25 B:\\Projects PHP\\Dadis Project\\dasis Eshop\\public_html\\vendor\\laravel\\framework\\src\\Illuminate\\Container\\BoundMethod.php(93): Illuminate\\Container\\Util::unwrapIfClosure(Object(Closure))
#26 B:\\Projects PHP\\Dadis Project\\dasis Eshop\\public_html\\vendor\\laravel\\framework\\src\\Illuminate\\Container\\BoundMethod.php(35): Illuminate\\Container\\BoundMethod::callBoundMethod(Object(Illuminate\\Foundation\\Application), Array, Object(Closure))
#27 B:\\Projects PHP\\Dadis Project\\dasis Eshop\\public_html\\vendor\\laravel\\framework\\src\\Illuminate\\Container\\Container.php(661): Illuminate\\Container\\BoundMethod::call(Object(Illuminate\\Foundation\\Application), Array, Array, NULL)
#28 B:\\Projects PHP\\Dadis Project\\dasis Eshop\\public_html\\vendor\\laravel\\framework\\src\\Illuminate\\Foundation\\Application.php(954): Illuminate\\Container\\Container->call(Array)
#29 B:\\Projects PHP\\Dadis Project\\dasis Eshop\\public_html\\vendor\\laravel\\framework\\src\\Illuminate\\Foundation\\Application.php(935): Illuminate\\Foundation\\Application->bootProvider(Object(Modules\\Crm\\Providers\\CrmServiceProvider))
#30 [internal function]: Illuminate\\Foundation\\Application->Illuminate\\Foundation\\{closure}(Object(Modules\\Crm\\Providers\\CrmServiceProvider), 55)
#31 B:\\Projects PHP\\Dadis Project\\dasis Eshop\\public_html\\vendor\\laravel\\framework\\src\\Illuminate\\Foundation\\Application.php(934): array_walk(Array, Object(Closure))
#32 B:\\Projects PHP\\Dadis Project\\dasis Eshop\\public_html\\vendor\\laravel\\framework\\src\\Illuminate\\Foundation\\Bootstrap\\BootProviders.php(17): Illuminate\\Foundation\\Application->boot()
#33 B:\\Projects PHP\\Dadis Project\\dasis Eshop\\public_html\\vendor\\laravel\\framework\\src\\Illuminate\\Foundation\\Application.php(265): Illuminate\\Foundation\\Bootstrap\\BootProviders->bootstrap(Object(Illuminate\\Foundation\\Application))
#34 B:\\Projects PHP\\Dadis Project\\dasis Eshop\\public_html\\vendor\\laravel\\framework\\src\\Illuminate\\Foundation\\Console\\Kernel.php(383): Illuminate\\Foundation\\Application->bootstrapWith(Array)
#35 B:\\Projects PHP\\Dadis Project\\dasis Eshop\\public_html\\vendor\\laravel\\framework\\src\\Illuminate\\Foundation\\Console\\Kernel.php(153): Illuminate\\Foundation\\Console\\Kernel->bootstrap()
#36 B:\\Projects PHP\\Dadis Project\\dasis Eshop\\public_html\\artisan(35): Illuminate\\Foundation\\Console\\Kernel->handle(Object(Symfony\\Component\\Console\\Input\\ArgvInput), Object(Symfony\\Component\\Console\\Output\\ConsoleOutput))
#37 {main}
"} 
[2026-06-20 00:54:57] live.ERROR: SQLSTATE[23000]: Integrity constraint violation: 1062 Duplicate entry '0' for key 'PRIMARY' (SQL: insert into `activity_log` (`log_name`, `properties`, `causer_id`, `causer_type`, `batch_uuid`, `subject_id`, `subject_type`, `description`, `updated_at`, `created_at`) values (default, [], 1, App\User, ?, 1, App\User, login, 2026-06-20 00:54:57, 2026-06-20 00:54:57)) {"userId":1,"exception":"[object] (Illuminate\\Database\\QueryException(code: 23000): SQLSTATE[23000]: Integrity constraint violation: 1062 Duplicate entry '0' for key 'PRIMARY' (SQL: insert into `activity_log` (`log_name`, `properties`, `causer_id`, `causer_type`, `batch_uuid`, `subject_id`, `subject_type`, `description`, `updated_at`, `created_at`) values (default, [], 1, App\\User, ?, 1, App\\User, login, 2026-06-20 00:54:57, 2026-06-20 00:54:57)) at B:\\Projects PHP\\Dadis Project\\dasis Eshop\\public_html\\vendor\\laravel\\framework\\src\\Illuminate\\Database\\Connection.php:760)
[stacktrace]
#0 B:\\Projects PHP\\Dadis Project\\dasis Eshop\\public_html\\vendor\\laravel\\framework\\src\\Illuminate\\Database\\Connection.php(720): Illuminate\\Database\\Connection->runQueryCallback('insert into `ac...', Array, Object(Closure))
#1 B:\\Projects PHP\\Dadis Project\\dasis Eshop\\public_html\\vendor\\laravel\\framework\\src\\Illuminate\\Database\\Connection.php(534): Illuminate\\Database\\Connection->run('insert into `ac...', Array, Object(Closure))
#2 B:\\Projects PHP\\Dadis Project\\dasis Eshop\\public_html\\vendor\\laravel\\framework\\src\\Illuminate\\Database\\Connection.php(498): Illuminate\\Database\\Connection->statement('insert into `ac...', Array)
#3 B:\\Projects PHP\\Dadis Project\\dasis Eshop\\public_html\\vendor\\laravel\\framework\\src\\Illuminate\\Database\\Query\\Processors\\Processor.php(32): Illuminate\\Database\\Connection->insert('insert into `ac...', Array)
#4 B:\\Projects PHP\\Dadis Project\\dasis Eshop\\public_html\\vendor\\laravel\\framework\\src\\Illuminate\\Database\\Query\\Builder.php(3322): Illuminate\\Database\\Query\\Processors\\Processor->processInsertGetId(Object(Illuminate\\Database\\Query\\Builder), 'insert into `ac...', Array, 'id')
#5 B:\\Projects PHP\\Dadis Project\\dasis Eshop\\public_html\\vendor\\laravel\\framework\\src\\Illuminate\\Database\\Eloquent\\Builder.php(1869): Illuminate\\Database\\Query\\Builder->insertGetId(Array, 'id')
#6 B:\\Projects PHP\\Dadis Project\\dasis Eshop\\public_html\\vendor\\laravel\\framework\\src\\Illuminate\\Database\\Eloquent\\Model.php(1330): Illuminate\\Database\\Eloquent\\Builder->__call('insertGetId', Array)
#7 B:\\Projects PHP\\Dadis Project\\dasis Eshop\\public_html\\vendor\\laravel\\framework\\src\\Illuminate\\Database\\Eloquent\\Model.php(1295): Illuminate\\Database\\Eloquent\\Model->insertAndSetId(Object(Illuminate\\Database\\Eloquent\\Builder), Array)
#8 B:\\Projects PHP\\Dadis Project\\dasis Eshop\\public_html\\vendor\\laravel\\framework\\src\\Illuminate\\Database\\Eloquent\\Model.php(1138): Illuminate\\Database\\Eloquent\\Model->performInsert(Object(Illuminate\\Database\\Eloquent\\Builder))
#9 B:\\Projects PHP\\Dadis Project\\dasis Eshop\\public_html\\vendor\\spatie\\laravel-activitylog\\src\\ActivityLogger.php(174): Illuminate\\Database\\Eloquent\\Model->save()
#10 B:\\Projects PHP\\Dadis Project\\dasis Eshop\\public_html\\app\\Utils\\Util.php(1450): Spatie\\Activitylog\\ActivityLogger->log('login')
#11 B:\\Projects PHP\\Dadis Project\\dasis Eshop\\public_html\\app\\Http\\Controllers\\Auth\\LoginController.php(88): App\\Utils\\Util->activityLog(Object(App\\User), 'login', NULL, Array, false, 1)
#12 B:\\Projects PHP\\Dadis Project\\dasis Eshop\\public_html\\vendor\\laravel\\ui\\auth-backend\\AuthenticatesUsers.php(114): App\\Http\\Controllers\\Auth\\LoginController->authenticated(Object(Illuminate\\Http\\Request), Object(App\\User))
#13 B:\\Projects PHP\\Dadis Project\\dasis Eshop\\public_html\\vendor\\laravel\\ui\\auth-backend\\AuthenticatesUsers.php(51): App\\Http\\Controllers\\Auth\\LoginController->sendLoginResponse(Object(Illuminate\\Http\\Request))
#14 B:\\Projects PHP\\Dadis Project\\dasis Eshop\\public_html\\vendor\\laravel\\framework\\src\\Illuminate\\Routing\\Controller.php(54): App\\Http\\Controllers\\Auth\\LoginController->login(Object(Illuminate\\Http\\Request))
#15 B:\\Projects PHP\\Dadis Project\\dasis Eshop\\public_html\\vendor\\laravel\\framework\\src\\Illuminate\\Routing\\ControllerDispatcher.php(43): Illuminate\\Routing\\Controller->callAction('login', Array)
#16 B:\\Projects PHP\\Dadis Project\\dasis Eshop\\public_html\\vendor\\laravel\\framework\\src\\Illuminate\\Routing\\Route.php(259): Illuminate\\Routing\\ControllerDispatcher->dispatch(Object(Illuminate\\Routing\\Route), Object(App\\Http\\Controllers\\Auth\\LoginController), 'login')
#17 B:\\Projects PHP\\Dadis Project\\dasis Eshop\\public_html\\vendor\\laravel\\framework\\src\\Illuminate\\Routing\\Route.php(205): Illuminate\\Routing\\Route->runController()
#18 B:\\Projects PHP\\Dadis Project\\dasis Eshop\\public_html\\vendor\\laravel\\framework\\src\\Illuminate\\Routing\\Router.php(798): Illuminate\\Routing\\Route->run()
#19 B:\\Projects PHP\\Dadis Project\\dasis Eshop\\public_html\\vendor\\laravel\\framework\\src\\Illuminate\\Pipeline\\Pipeline.php(141): Illuminate\\Routing\\Router->Illuminate\\Routing\\{closure}(Object(Illuminate\\Http\\Request))
#20 B:\\Projects PHP\\Dadis Project\\dasis Eshop\\public_html\\app\\Http\\Middleware\\RedirectIfAuthenticated.php(30): Illuminate\\Pipeline\\Pipeline->Illuminate\\Pipeline\\{closure}(Object(Illuminate\\Http\\Request))
#21 B:\\Projects PHP\\Dadis Project\\dasis Eshop\\public_html\\vendor\\laravel\\framework\\src\\Illuminate\\Pipeline\\Pipeline.php(180): App\\Http\\Middleware\\RedirectIfAuthenticated->handle(Object(Illuminate\\Http\\Request), Object(Closure))
#22 B:\\Projects PHP\\Dadis Project\\dasis Eshop\\public_html\\app\\Http\\Middleware\\IsInstalled.php(26): Illuminate\\Pipeline\\Pipeline->Illuminate\\Pipeline\\{closure}(Object(Illuminate\\Http\\Request))
#23 B:\\Projects PHP\\Dadis Project\\dasis Eshop\\public_html\\vendor\\laravel\\framework\\src\\Illuminate\\Pipeline\\Pipeline.php(180): App\\Http\\Middleware\\IsInstalled->handle(Object(Illuminate\\Http\\Request), Object(Closure))
#24 B:\\Projects PHP\\Dadis Project\\dasis Eshop\\public_html\\vendor\\barryvdh\\laravel-debugbar\\src\\Middleware\\InjectDebugbar.php(59): Illuminate\\Pipeline\\Pipeline->Illuminate\\Pipeline\\{closure}(Object(Illuminate\\Http\\Request))
#25 B:\\Projects PHP\\Dadis Project\\dasis Eshop\\public_html\\vendor\\laravel\\framework\\src\\Illuminate\\Pipeline\\Pipeline.php(180): Barryvdh\\Debugbar\\Middleware\\InjectDebugbar->handle(Object(Illuminate\\Http\\Request), Object(Closure))
#26 B:\\Projects PHP\\Dadis Project\\dasis Eshop\\public_html\\vendor\\laravel\\framework\\src\\Illuminate\\Routing\\Middleware\\SubstituteBindings.php(50): Illuminate\\Pipeline\\Pipeline->Illuminate\\Pipeline\\{closure}(Object(Illuminate\\Http\\Request))
#27 B:\\Projects PHP\\Dadis Project\\dasis Eshop\\public_html\\vendor\\laravel\\framework\\src\\Illuminate\\Pipeline\\Pipeline.php(180): Illuminate\\Routing\\Middleware\\SubstituteBindings->handle(Object(Illuminate\\Http\\Request), Object(Closure))
#28 B:\\Projects PHP\\Dadis Project\\dasis Eshop\\public_html\\vendor\\laravel\\framework\\src\\Illuminate\\Foundation\\Http\\Middleware\\VerifyCsrfToken.php(78): Illuminate\\Pipeline\\Pipeline->Illuminate\\Pipeline\\{closure}(Object(Illuminate\\Http\\Request))
#29 B:\\Projects PHP\\Dadis Project\\dasis Eshop\\public_html\\vendor\\laravel\\framework\\src\\Illuminate\\Pipeline\\Pipeline.php(180): Illuminate\\Foundation\\Http\\Middleware\\VerifyCsrfToken->handle(Object(Illuminate\\Http\\Request), Object(Closure))
#30 B:\\Projects PHP\\Dadis Project\\dasis Eshop\\public_html\\vendor\\laravel\\framework\\src\\Illuminate\\View\\Middleware\\ShareErrorsFromSession.php(49): Illuminate\\Pipeline\\Pipeline->Illuminate\\Pipeline\\{closure}(Object(Illuminate\\Http\\Request))
#31 B:\\Projects PHP\\Dadis Project\\dasis Eshop\\public_html\\vendor\\laravel\\framework\\src\\Illuminate\\Pipeline\\Pipeline.php(180): Illuminate\\View\\Middleware\\ShareErrorsFromSession->handle(Object(Illuminate\\Http\\Request), Object(Closure))
#32 B:\\Projects PHP\\Dadis Project\\dasis Eshop\\public_html\\vendor\\laravel\\framework\\src\\Illuminate\\Session\\Middleware\\StartSession.php(121): Illuminate\\Pipeline\\Pipeline->Illuminate\\Pipeline\\{closure}(Object(Illuminate\\Http\\Request))
#33 B:\\Projects PHP\\Dadis Project\\dasis Eshop\\public_html\\vendor\\laravel\\framework\\src\\Illuminate\\Session\\Middleware\\StartSession.php(64): Illuminate\\Session\\Middleware\\StartSession->handleStatefulRequest(Object(Illuminate\\Http\\Request), Object(Illuminate\\Session\\Store), Object(Closure))
#34 B:\\Projects PHP\\Dadis Project\\dasis Eshop\\public_html\\vendor\\laravel\\framework\\src\\Illuminate\\Pipeline\\Pipeline.php(180): Illuminate\\Session\\Middleware\\StartSession->handle(Object(Illuminate\\Http\\Request), Object(Closure))
#35 B:\\Projects PHP\\Dadis Project\\dasis Eshop\\public_html\\vendor\\laravel\\framework\\src\\Illuminate\\Cookie\\Middleware\\AddQueuedCookiesToResponse.php(37): Illuminate\\Pipeline\\Pipeline->Illuminate\\Pipeline\\{closure}(Object(Illuminate\\Http\\Request))
#36 B:\\Projects PHP\\Dadis Project\\dasis Eshop\\public_html\\vendor\\laravel\\framework\\src\\Illuminate\\Pipeline\\Pipeline.php(180): Illuminate\\Cookie\\Middleware\\AddQueuedCookiesToResponse->handle(Object(Illuminate\\Http\\Request), Object(Closure))
#37 B:\\Projects PHP\\Dadis Project\\dasis Eshop\\public_html\\vendor\\laravel\\framework\\src\\Illuminate\\Cookie\\Middleware\\EncryptCookies.php(67): Illuminate\\Pipeline\\Pipeline->Illuminate\\Pipeline\\{closure}(Object(Illuminate\\Http\\Request))
#38 B:\\Projects PHP\\Dadis Project\\dasis Eshop\\public_html\\vendor\\laravel\\framework\\src\\Illuminate\\Pipeline\\Pipeline.php(180): Illuminate\\Cookie\\Middleware\\EncryptCookies->handle(Object(Illuminate\\Http\\Request), Object(Closure))
#39 B:\\Projects PHP\\Dadis Project\\dasis Eshop\\public_html\\vendor\\laravel\\framework\\src\\Illuminate\\Pipeline\\Pipeline.php(116): Illuminate\\Pipeline\\Pipeline->Illuminate\\Pipeline\\{closure}(Object(Illuminate\\Http\\Request))
#40 B:\\Projects PHP\\Dadis Project\\dasis Eshop\\public_html\\vendor\\laravel\\framework\\src\\Illuminate\\Routing\\Router.php(797): Illuminate\\Pipeline\\Pipeline->then(Object(Closure))
#41 B:\\Projects PHP\\Dadis Project\\dasis Eshop\\public_html\\vendor\\laravel\\framework\\src\\Illuminate\\Routing\\Router.php(776): Illuminate\\Routing\\Router->runRouteWithinStack(Object(Illuminate\\Routing\\Route), Object(Illuminate\\Http\\Request))
#42 B:\\Projects PHP\\Dadis Project\\dasis Eshop\\public_html\\vendor\\laravel\\framework\\src\\Illuminate\\Routing\\Router.php(740): Illuminate\\Routing\\Router->runRoute(Object(Illuminate\\Http\\Request), Object(Illuminate\\Routing\\Route))
#43 B:\\Projects PHP\\Dadis Project\\dasis Eshop\\public_html\\vendor\\laravel\\framework\\src\\Illuminate\\Routing\\Router.php(729): Illuminate\\Routing\\Router->dispatchToRoute(Object(Illuminate\\Http\\Request))
#44 B:\\Projects PHP\\Dadis Project\\dasis Eshop\\public_html\\vendor\\laravel\\framework\\src\\Illuminate\\Foundation\\Http\\Kernel.php(190): Illuminate\\Routing\\Router->dispatch(Object(Illuminate\\Http\\Request))
#45 B:\\Projects PHP\\Dadis Project\\dasis Eshop\\public_html\\vendor\\laravel\\framework\\src\\Illuminate\\Pipeline\\Pipeline.php(141): Illuminate\\Foundation\\Http\\Kernel->Illuminate\\Foundation\\Http\\{closure}(Object(Illuminate\\Http\\Request))
#46 B:\\Projects PHP\\Dadis Project\\dasis Eshop\\public_html\\vendor\\barryvdh\\laravel-debugbar\\src\\Middleware\\InjectDebugbar.php(59): Illuminate\\Pipeline\\Pipeline->Illuminate\\Pipeline\\{closure}(Object(Illuminate\\Http\\Request))
#47 B:\\Projects PHP\\Dadis Project\\dasis Eshop\\public_html\\vendor\\laravel\\framework\\src\\Illuminate\\Pipeline\\Pipeline.php(180): Barryvdh\\Debugbar\\Middleware\\InjectDebugbar->handle(Object(Illuminate\\Http\\Request), Object(Closure))
#48 B:\\Projects PHP\\Dadis Project\\dasis Eshop\\public_html\\vendor\\laravel\\framework\\src\\Illuminate\\Foundation\\Http\\Middleware\\TransformsRequest.php(21): Illuminate\\Pipeline\\Pipeline->Illuminate\\Pipeline\\{closure}(Object(Illuminate\\Http\\Request))
#49 B:\\Projects PHP\\Dadis Project\\dasis Eshop\\public_html\\vendor\\laravel\\framework\\src\\Illuminate\\Foundation\\Http\\Middleware\\ConvertEmptyStringsToNull.php(31): Illuminate\\Foundation\\Http\\Middleware\\TransformsRequest->handle(Object(Illuminate\\Http\\Request), Object(Closure))
#50 B:\\Projects PHP\\Dadis Project\\dasis Eshop\\public_html\\vendor\\laravel\\framework\\src\\Illuminate\\Pipeline\\Pipeline.php(180): Illuminate\\Foundation\\Http\\Middleware\\ConvertEmptyStringsToNull->handle(Object(Illuminate\\Http\\Request), Object(Closure))
#51 B:\\Projects PHP\\Dadis Project\\dasis Eshop\\public_html\\vendor\\laravel\\framework\\src\\Illuminate\\Foundation\\Http\\Middleware\\TransformsRequest.php(21): Illuminate\\Pipeline\\Pipeline->Illuminate\\Pipeline\\{closure}(Object(Illuminate\\Http\\Request))
#52 B:\\Projects PHP\\Dadis Project\\dasis Eshop\\public_html\\vendor\\laravel\\framework\\src\\Illuminate\\Foundation\\Http\\Middleware\\TrimStrings.php(40): Illuminate\\Foundation\\Http\\Middleware\\TransformsRequest->handle(Object(Illuminate\\Http\\Request), Object(Closure))
#53 B:\\Projects PHP\\Dadis Project\\dasis Eshop\\public_html\\vendor\\laravel\\framework\\src\\Illuminate\\Pipeline\\Pipeline.php(180): Illuminate\\Foundation\\Http\\Middleware\\TrimStrings->handle(Object(Illuminate\\Http\\Request), Object(Closure))
#54 B:\\Projects PHP\\Dadis Project\\dasis Eshop\\public_html\\vendor\\laravel\\framework\\src\\Illuminate\\Foundation\\Http\\Middleware\\ValidatePostSize.php(27): Illuminate\\Pipeline\\Pipeline->Illuminate\\Pipeline\\{closure}(Object(Illuminate\\Http\\Request))
#55 B:\\Projects PHP\\Dadis Project\\dasis Eshop\\public_html\\vendor\\laravel\\framework\\src\\Illuminate\\Pipeline\\Pipeline.php(180): Illuminate\\Foundation\\Http\\Middleware\\ValidatePostSize->handle(Object(Illuminate\\Http\\Request), Object(Closure))
#56 B:\\Projects PHP\\Dadis Project\\dasis Eshop\\public_html\\vendor\\laravel\\framework\\src\\Illuminate\\Foundation\\Http\\Middleware\\PreventRequestsDuringMaintenance.php(86): Illuminate\\Pipeline\\Pipeline->Illuminate\\Pipeline\\{closure}(Object(Illuminate\\Http\\Request))
#57 B:\\Projects PHP\\Dadis Project\\dasis Eshop\\public_html\\vendor\\laravel\\framework\\src\\Illuminate\\Pipeline\\Pipeline.php(180): Illuminate\\Foundation\\Http\\Middleware\\PreventRequestsDuringMaintenance->handle(Object(Illuminate\\Http\\Request), Object(Closure))
#58 B:\\Projects PHP\\Dadis Project\\dasis Eshop\\public_html\\vendor\\laravel\\framework\\src\\Illuminate\\Http\\Middleware\\HandleCors.php(49): Illuminate\\Pipeline\\Pipeline->Illuminate\\Pipeline\\{closure}(Object(Illuminate\\Http\\Request))
#59 B:\\Projects PHP\\Dadis Project\\dasis Eshop\\public_html\\vendor\\laravel\\framework\\src\\Illuminate\\Pipeline\\Pipeline.php(180): Illuminate\\Http\\Middleware\\HandleCors->handle(Object(Illuminate\\Http\\Request), Object(Closure))
#60 B:\\Projects PHP\\Dadis Project\\dasis Eshop\\public_html\\vendor\\laravel\\framework\\src\\Illuminate\\Http\\Middleware\\TrustProxies.php(39): Illuminate\\Pipeline\\Pipeline->Illuminate\\Pipeline\\{closure}(Object(Illuminate\\Http\\Request))
#61 B:\\Projects PHP\\Dadis Project\\dasis Eshop\\public_html\\vendor\\laravel\\framework\\src\\Illuminate\\Pipeline\\Pipeline.php(180): Illuminate\\Http\\Middleware\\TrustProxies->handle(Object(Illuminate\\Http\\Request), Object(Closure))
#62 B:\\Projects PHP\\Dadis Project\\dasis Eshop\\public_html\\vendor\\laravel\\framework\\src\\Illuminate\\Pipeline\\Pipeline.php(116): Illuminate\\Pipeline\\Pipeline->Illuminate\\Pipeline\\{closure}(Object(Illuminate\\Http\\Request))
#63 B:\\Projects PHP\\Dadis Project\\dasis Eshop\\public_html\\vendor\\laravel\\framework\\src\\Illuminate\\Foundation\\Http\\Kernel.php(165): Illuminate\\Pipeline\\Pipeline->then(Object(Closure))
#64 B:\\Projects PHP\\Dadis Project\\dasis Eshop\\public_html\\vendor\\laravel\\framework\\src\\Illuminate\\Foundation\\Http\\Kernel.php(134): Illuminate\\Foundation\\Http\\Kernel->sendRequestThroughRouter(Object(Illuminate\\Http\\Request))
#65 B:\\Projects PHP\\Dadis Project\\dasis Eshop\\public_html\\public\\index.php(51): Illuminate\\Foundation\\Http\\Kernel->handle(Object(Illuminate\\Http\\Request))
#66 B:\\Projects PHP\\Dadis Project\\dasis Eshop\\public_html\\vendor\\laravel\\framework\\src\\Illuminate\\Foundation\\resources\\server.php(16): require_once('B:\\\\Projects PHP...')
#67 {main}

[previous exception] [object] (PDOException(code: 23000): SQLSTATE[23000]: Integrity constraint violation: 1062 Duplicate entry '0' for key 'PRIMARY' at B:\\Projects PHP\\Dadis Project\\dasis Eshop\\public_html\\vendor\\laravel\\framework\\src\\Illuminate\\Database\\Connection.php:545)
[stacktrace]
#0 B:\\Projects PHP\\Dadis Project\\dasis Eshop\\public_html\\vendor\\laravel\\framework\\src\\Illuminate\\Database\\Connection.php(545): PDOStatement->execute()
#1 B:\\Projects PHP\\Dadis Project\\dasis Eshop\\public_html\\vendor\\laravel\\framework\\src\\Illuminate\\Database\\Connection.php(753): Illuminate\\Database\\Connection->Illuminate\\Database\\{closure}('insert into `ac...', Array)
#2 B:\\Projects PHP\\Dadis Project\\dasis Eshop\\public_html\\vendor\\laravel\\framework\\src\\Illuminate\\Database\\Connection.php(720): Illuminate\\Database\\Connection->runQueryCallback('insert into `ac...', Array, Object(Closure))
#3 B:\\Projects PHP\\Dadis Project\\dasis Eshop\\public_html\\vendor\\laravel\\framework\\src\\Illuminate\\Database\\Connection.php(534): Illuminate\\Database\\Connection->run('insert into `ac...', Array, Object(Closure))
#4 B:\\Projects PHP\\Dadis Project\\dasis Eshop\\public_html\\vendor\\laravel\\framework\\src\\Illuminate\\Database\\Connection.php(498): Illuminate\\Database\\Connection->statement('insert into `ac...', Array)
#5 B:\\Projects PHP\\Dadis Project\\dasis Eshop\\public_html\\vendor\\laravel\\framework\\src\\Illuminate\\Database\\Query\\Processors\\Processor.php(32): Illuminate\\Database\\Connection->insert('insert into `ac...', Array)
#6 B:\\Projects PHP\\Dadis Project\\dasis Eshop\\public_html\\vendor\\laravel\\framework\\src\\Illuminate\\Database\\Query\\Builder.php(3322): Illuminate\\Database\\Query\\Processors\\Processor->processInsertGetId(Object(Illuminate\\Database\\Query\\Builder), 'insert into `ac...', Array, 'id')
#7 B:\\Projects PHP\\Dadis Project\\dasis Eshop\\public_html\\vendor\\laravel\\framework\\src\\Illuminate\\Database\\Eloquent\\Builder.php(1869): Illuminate\\Database\\Query\\Builder->insertGetId(Array, 'id')
#8 B:\\Projects PHP\\Dadis Project\\dasis Eshop\\public_html\\vendor\\laravel\\framework\\src\\Illuminate\\Database\\Eloquent\\Model.php(1330): Illuminate\\Database\\Eloquent\\Builder->__call('insertGetId', Array)
#9 B:\\Projects PHP\\Dadis Project\\dasis Eshop\\public_html\\vendor\\laravel\\framework\\src\\Illuminate\\Database\\Eloquent\\Model.php(1295): Illuminate\\Database\\Eloquent\\Model->insertAndSetId(Object(Illuminate\\Database\\Eloquent\\Builder), Array)
#10 B:\\Projects PHP\\Dadis Project\\dasis Eshop\\public_html\\vendor\\laravel\\framework\\src\\Illuminate\\Database\\Eloquent\\Model.php(1138): Illuminate\\Database\\Eloquent\\Model->performInsert(Object(Illuminate\\Database\\Eloquent\\Builder))
#11 B:\\Projects PHP\\Dadis Project\\dasis Eshop\\public_html\\vendor\\spatie\\laravel-activitylog\\src\\ActivityLogger.php(174): Illuminate\\Database\\Eloquent\\Model->save()
#12 B:\\Projects PHP\\Dadis Project\\dasis Eshop\\public_html\\app\\Utils\\Util.php(1450): Spatie\\Activitylog\\ActivityLogger->log('login')
#13 B:\\Projects PHP\\Dadis Project\\dasis Eshop\\public_html\\app\\Http\\Controllers\\Auth\\LoginController.php(88): App\\Utils\\Util->activityLog(Object(App\\User), 'login', NULL, Array, false, 1)
#14 B:\\Projects PHP\\Dadis Project\\dasis Eshop\\public_html\\vendor\\laravel\\ui\\auth-backend\\AuthenticatesUsers.php(114): App\\Http\\Controllers\\Auth\\LoginController->authenticated(Object(Illuminate\\Http\\Request), Object(App\\User))
#15 B:\\Projects PHP\\Dadis Project\\dasis Eshop\\public_html\\vendor\\laravel\\ui\\auth-backend\\AuthenticatesUsers.php(51): App\\Http\\Controllers\\Auth\\LoginController->sendLoginResponse(Object(Illuminate\\Http\\Request))
#16 B:\\Projects PHP\\Dadis Project\\dasis Eshop\\public_html\\vendor\\laravel\\framework\\src\\Illuminate\\Routing\\Controller.php(54): App\\Http\\Controllers\\Auth\\LoginController->login(Object(Illuminate\\Http\\Request))
#17 B:\\Projects PHP\\Dadis Project\\dasis Eshop\\public_html\\vendor\\laravel\\framework\\src\\Illuminate\\Routing\\ControllerDispatcher.php(43): Illuminate\\Routing\\Controller->callAction('login', Array)
#18 B:\\Projects PHP\\Dadis Project\\dasis Eshop\\public_html\\vendor\\laravel\\framework\\src\\Illuminate\\Routing\\Route.php(259): Illuminate\\Routing\\ControllerDispatcher->dispatch(Object(Illuminate\\Routing\\Route), Object(App\\Http\\Controllers\\Auth\\LoginController), 'login')
#19 B:\\Projects PHP\\Dadis Project\\dasis Eshop\\public_html\\vendor\\laravel\\framework\\src\\Illuminate\\Routing\\Route.php(205): Illuminate\\Routing\\Route->runController()
#20 B:\\Projects PHP\\Dadis Project\\dasis Eshop\\public_html\\vendor\\laravel\\framework\\src\\Illuminate\\Routing\\Router.php(798): Illuminate\\Routing\\Route->run()
#21 B:\\Projects PHP\\Dadis Project\\dasis Eshop\\public_html\\vendor\\laravel\\framework\\src\\Illuminate\\Pipeline\\Pipeline.php(141): Illuminate\\Routing\\Router->Illuminate\\Routing\\{closure}(Object(Illuminate\\Http\\Request))
#22 B:\\Projects PHP\\Dadis Project\\dasis Eshop\\public_html\\app\\Http\\Middleware\\RedirectIfAuthenticated.php(30): Illuminate\\Pipeline\\Pipeline->Illuminate\\Pipeline\\{closure}(Object(Illuminate\\Http\\Request))
#23 B:\\Projects PHP\\Dadis Project\\dasis Eshop\\public_html\\vendor\\laravel\\framework\\src\\Illuminate\\Pipeline\\Pipeline.php(180): App\\Http\\Middleware\\RedirectIfAuthenticated->handle(Object(Illuminate\\Http\\Request), Object(Closure))
#24 B:\\Projects PHP\\Dadis Project\\dasis Eshop\\public_html\\app\\Http\\Middleware\\IsInstalled.php(26): Illuminate\\Pipeline\\Pipeline->Illuminate\\Pipeline\\{closure}(Object(Illuminate\\Http\\Request))
#25 B:\\Projects PHP\\Dadis Project\\dasis Eshop\\public_html\\vendor\\laravel\\framework\\src\\Illuminate\\Pipeline\\Pipeline.php(180): App\\Http\\Middleware\\IsInstalled->handle(Object(Illuminate\\Http\\Request), Object(Closure))
#26 B:\\Projects PHP\\Dadis Project\\dasis Eshop\\public_html\\vendor\\barryvdh\\laravel-debugbar\\src\\Middleware\\InjectDebugbar.php(59): Illuminate\\Pipeline\\Pipeline->Illuminate\\Pipeline\\{closure}(Object(Illuminate\\Http\\Request))
#27 B:\\Projects PHP\\Dadis Project\\dasis Eshop\\public_html\\vendor\\laravel\\framework\\src\\Illuminate\\Pipeline\\Pipeline.php(180): Barryvdh\\Debugbar\\Middleware\\InjectDebugbar->handle(Object(Illuminate\\Http\\Request), Object(Closure))
#28 B:\\Projects PHP\\Dadis Project\\dasis Eshop\\public_html\\vendor\\laravel\\framework\\src\\Illuminate\\Routing\\Middleware\\SubstituteBindings.php(50): Illuminate\\Pipeline\\Pipeline->Illuminate\\Pipeline\\{closure}(Object(Illuminate\\Http\\Request))
#29 B:\\Projects PHP\\Dadis Project\\dasis Eshop\\public_html\\vendor\\laravel\\framework\\src\\Illuminate\\Pipeline\\Pipeline.php(180): Illuminate\\Routing\\Middleware\\SubstituteBindings->handle(Object(Illuminate\\Http\\Request), Object(Closure))
#30 B:\\Projects PHP\\Dadis Project\\dasis Eshop\\public_html\\vendor\\laravel\\framework\\src\\Illuminate\\Foundation\\Http\\Middleware\\VerifyCsrfToken.php(78): Illuminate\\Pipeline\\Pipeline->Illuminate\\Pipeline\\{closure}(Object(Illuminate\\Http\\Request))
#31 B:\\Projects PHP\\Dadis Project\\dasis Eshop\\public_html\\vendor\\laravel\\framework\\src\\Illuminate\\Pipeline\\Pipeline.php(180): Illuminate\\Foundation\\Http\\Middleware\\VerifyCsrfToken->handle(Object(Illuminate\\Http\\Request), Object(Closure))
#32 B:\\Projects PHP\\Dadis Project\\dasis Eshop\\public_html\\vendor\\laravel\\framework\\src\\Illuminate\\View\\Middleware\\ShareErrorsFromSession.php(49): Illuminate\\Pipeline\\Pipeline->Illuminate\\Pipeline\\{closure}(Object(Illuminate\\Http\\Request))
#33 B:\\Projects PHP\\Dadis Project\\dasis Eshop\\public_html\\vendor\\laravel\\framework\\src\\Illuminate\\Pipeline\\Pipeline.php(180): Illuminate\\View\\Middleware\\ShareErrorsFromSession->handle(Object(Illuminate\\Http\\Request), Object(Closure))
#34 B:\\Projects PHP\\Dadis Project\\dasis Eshop\\public_html\\vendor\\laravel\\framework\\src\\Illuminate\\Session\\Middleware\\StartSession.php(121): Illuminate\\Pipeline\\Pipeline->Illuminate\\Pipeline\\{closure}(Object(Illuminate\\Http\\Request))
#35 B:\\Projects PHP\\Dadis Project\\dasis Eshop\\public_html\\vendor\\laravel\\framework\\src\\Illuminate\\Session\\Middleware\\StartSession.php(64): Illuminate\\Session\\Middleware\\StartSession->handleStatefulRequest(Object(Illuminate\\Http\\Request), Object(Illuminate\\Session\\Store), Object(Closure))
#36 B:\\Projects PHP\\Dadis Project\\dasis Eshop\\public_html\\vendor\\laravel\\framework\\src\\Illuminate\\Pipeline\\Pipeline.php(180): Illuminate\\Session\\Middleware\\StartSession->handle(Object(Illuminate\\Http\\Request), Object(Closure))
#37 B:\\Projects PHP\\Dadis Project\\dasis Eshop\\public_html\\vendor\\laravel\\framework\\src\\Illuminate\\Cookie\\Middleware\\AddQueuedCookiesToResponse.php(37): Illuminate\\Pipeline\\Pipeline->Illuminate\\Pipeline\\{closure}(Object(Illuminate\\Http\\Request))
#38 B:\\Projects PHP\\Dadis Project\\dasis Eshop\\public_html\\vendor\\laravel\\framework\\src\\Illuminate\\Pipeline\\Pipeline.php(180): Illuminate\\Cookie\\Middleware\\AddQueuedCookiesToResponse->handle(Object(Illuminate\\Http\\Request), Object(Closure))
#39 B:\\Projects PHP\\Dadis Project\\dasis Eshop\\public_html\\vendor\\laravel\\framework\\src\\Illuminate\\Cookie\\Middleware\\EncryptCookies.php(67): Illuminate\\Pipeline\\Pipeline->Illuminate\\Pipeline\\{closure}(Object(Illuminate\\Http\\Request))
#40 B:\\Projects PHP\\Dadis Project\\dasis Eshop\\public_html\\vendor\\laravel\\framework\\src\\Illuminate\\Pipeline\\Pipeline.php(180): Illuminate\\Cookie\\Middleware\\EncryptCookies->handle(Object(Illuminate\\Http\\Request), Object(Closure))
#41 B:\\Projects PHP\\Dadis Project\\dasis Eshop\\public_html\\vendor\\laravel\\framework\\src\\Illuminate\\Pipeline\\Pipeline.php(116): Illuminate\\Pipeline\\Pipeline->Illuminate\\Pipeline\\{closure}(Object(Illuminate\\Http\\Request))
#42 B:\\Projects PHP\\Dadis Project\\dasis Eshop\\public_html\\vendor\\laravel\\framework\\src\\Illuminate\\Routing\\Router.php(797): Illuminate\\Pipeline\\Pipeline->then(Object(Closure))
#43 B:\\Projects PHP\\Dadis Project\\dasis Eshop\\public_html\\vendor\\laravel\\framework\\src\\Illuminate\\Routing\\Router.php(776): Illuminate\\Routing\\Router->runRouteWithinStack(Object(Illuminate\\Routing\\Route), Object(Illuminate\\Http\\Request))
#44 B:\\Projects PHP\\Dadis Project\\dasis Eshop\\public_html\\vendor\\laravel\\framework\\src\\Illuminate\\Routing\\Router.php(740): Illuminate\\Routing\\Router->runRoute(Object(Illuminate\\Http\\Request), Object(Illuminate\\Routing\\Route))
#45 B:\\Projects PHP\\Dadis Project\\dasis Eshop\\public_html\\vendor\\laravel\\framework\\src\\Illuminate\\Routing\\Router.php(729): Illuminate\\Routing\\Router->dispatchToRoute(Object(Illuminate\\Http\\Request))
#46 B:\\Projects PHP\\Dadis Project\\dasis Eshop\\public_html\\vendor\\laravel\\framework\\src\\Illuminate\\Foundation\\Http\\Kernel.php(190): Illuminate\\Routing\\Router->dispatch(Object(Illuminate\\Http\\Request))
#47 B:\\Projects PHP\\Dadis Project\\dasis Eshop\\public_html\\vendor\\laravel\\framework\\src\\Illuminate\\Pipeline\\Pipeline.php(141): Illuminate\\Foundation\\Http\\Kernel->Illuminate\\Foundation\\Http\\{closure}(Object(Illuminate\\Http\\Request))
#48 B:\\Projects PHP\\Dadis Project\\dasis Eshop\\public_html\\vendor\\barryvdh\\laravel-debugbar\\src\\Middleware\\InjectDebugbar.php(59): Illuminate\\Pipeline\\Pipeline->Illuminate\\Pipeline\\{closure}(Object(Illuminate\\Http\\Request))
#49 B:\\Projects PHP\\Dadis Project\\dasis Eshop\\public_html\\vendor\\laravel\\framework\\src\\Illuminate\\Pipeline\\Pipeline.php(180): Barryvdh\\Debugbar\\Middleware\\InjectDebugbar->handle(Object(Illuminate\\Http\\Request), Object(Closure))
#50 B:\\Projects PHP\\Dadis Project\\dasis Eshop\\public_html\\vendor\\laravel\\framework\\src\\Illuminate\\Foundation\\Http\\Middleware\\TransformsRequest.php(21): Illuminate\\Pipeline\\Pipeline->Illuminate\\Pipeline\\{closure}(Object(Illuminate\\Http\\Request))
#51 B:\\Projects PHP\\Dadis Project\\dasis Eshop\\public_html\\vendor\\laravel\\framework\\src\\Illuminate\\Foundation\\Http\\Middleware\\ConvertEmptyStringsToNull.php(31): Illuminate\\Foundation\\Http\\Middleware\\TransformsRequest->handle(Object(Illuminate\\Http\\Request), Object(Closure))
#52 B:\\Projects PHP\\Dadis Project\\dasis Eshop\\public_html\\vendor\\laravel\\framework\\src\\Illuminate\\Pipeline\\Pipeline.php(180): Illuminate\\Foundation\\Http\\Middleware\\ConvertEmptyStringsToNull->handle(Object(Illuminate\\Http\\Request), Object(Closure))
#53 B:\\Projects PHP\\Dadis Project\\dasis Eshop\\public_html\\vendor\\laravel\\framework\\src\\Illuminate\\Foundation\\Http\\Middleware\\TransformsRequest.php(21): Illuminate\\Pipeline\\Pipeline->Illuminate\\Pipeline\\{closure}(Object(Illuminate\\Http\\Request))
#54 B:\\Projects PHP\\Dadis Project\\dasis Eshop\\public_html\\vendor\\laravel\\framework\\src\\Illuminate\\Foundation\\Http\\Middleware\\TrimStrings.php(40): Illuminate\\Foundation\\Http\\Middleware\\TransformsRequest->handle(Object(Illuminate\\Http\\Request), Object(Closure))
#55 B:\\Projects PHP\\Dadis Project\\dasis Eshop\\public_html\\vendor\\laravel\\framework\\src\\Illuminate\\Pipeline\\Pipeline.php(180): Illuminate\\Foundation\\Http\\Middleware\\TrimStrings->handle(Object(Illuminate\\Http\\Request), Object(Closure))
#56 B:\\Projects PHP\\Dadis Project\\dasis Eshop\\public_html\\vendor\\laravel\\framework\\src\\Illuminate\\Foundation\\Http\\Middleware\\ValidatePostSize.php(27): Illuminate\\Pipeline\\Pipeline->Illuminate\\Pipeline\\{closure}(Object(Illuminate\\Http\\Request))
#57 B:\\Projects PHP\\Dadis Project\\dasis Eshop\\public_html\\vendor\\laravel\\framework\\src\\Illuminate\\Pipeline\\Pipeline.php(180): Illuminate\\Foundation\\Http\\Middleware\\ValidatePostSize->handle(Object(Illuminate\\Http\\Request), Object(Closure))
#58 B:\\Projects PHP\\Dadis Project\\dasis Eshop\\public_html\\vendor\\laravel\\framework\\src\\Illuminate\\Foundation\\Http\\Middleware\\PreventRequestsDuringMaintenance.php(86): Illuminate\\Pipeline\\Pipeline->Illuminate\\Pipeline\\{closure}(Object(Illuminate\\Http\\Request))
#59 B:\\Projects PHP\\Dadis Project\\dasis Eshop\\public_html\\vendor\\laravel\\framework\\src\\Illuminate\\Pipeline\\Pipeline.php(180): Illuminate\\Foundation\\Http\\Middleware\\PreventRequestsDuringMaintenance->handle(Object(Illuminate\\Http\\Request), Object(Closure))
#60 B:\\Projects PHP\\Dadis Project\\dasis Eshop\\public_html\\vendor\\laravel\\framework\\src\\Illuminate\\Http\\Middleware\\HandleCors.php(49): Illuminate\\Pipeline\\Pipeline->Illuminate\\Pipeline\\{closure}(Object(Illuminate\\Http\\Request))
#61 B:\\Projects PHP\\Dadis Project\\dasis Eshop\\public_html\\vendor\\laravel\\framework\\src\\Illuminate\\Pipeline\\Pipeline.php(180): Illuminate\\Http\\Middleware\\HandleCors->handle(Object(Illuminate\\Http\\Request), Object(Closure))
#62 B:\\Projects PHP\\Dadis Project\\dasis Eshop\\public_html\\vendor\\laravel\\framework\\src\\Illuminate\\Http\\Middleware\\TrustProxies.php(39): Illuminate\\Pipeline\\Pipeline->Illuminate\\Pipeline\\{closure}(Object(Illuminate\\Http\\Request))
#63 B:\\Projects PHP\\Dadis Project\\dasis Eshop\\public_html\\vendor\\laravel\\framework\\src\\Illuminate\\Pipeline\\Pipeline.php(180): Illuminate\\Http\\Middleware\\TrustProxies->handle(Object(Illuminate\\Http\\Request), Object(Closure))
#64 B:\\Projects PHP\\Dadis Project\\dasis Eshop\\public_html\\vendor\\laravel\\framework\\src\\Illuminate\\Pipeline\\Pipeline.php(116): Illuminate\\Pipeline\\Pipeline->Illuminate\\Pipeline\\{closure}(Object(Illuminate\\Http\\Request))
#65 B:\\Projects PHP\\Dadis Project\\dasis Eshop\\public_html\\vendor\\laravel\\framework\\src\\Illuminate\\Foundation\\Http\\Kernel.php(165): Illuminate\\Pipeline\\Pipeline->then(Object(Closure))
#66 B:\\Projects PHP\\Dadis Project\\dasis Eshop\\public_html\\vendor\\laravel\\framework\\src\\Illuminate\\Foundation\\Http\\Kernel.php(134): Illuminate\\Foundation\\Http\\Kernel->sendRequestThroughRouter(Object(Illuminate\\Http\\Request))
#67 B:\\Projects PHP\\Dadis Project\\dasis Eshop\\public_html\\public\\index.php(51): Illuminate\\Foundation\\Http\\Kernel->handle(Object(Illuminate\\Http\\Request))
#68 B:\\Projects PHP\\Dadis Project\\dasis Eshop\\public_html\\vendor\\laravel\\framework\\src\\Illuminate\\Foundation\\resources\\server.php(16): require_once('B:\\\\Projects PHP...')
#69 {main}
"} 
[2026-06-20 01:00:57] live.INFO: Real SMS Balance from Beems API: 7  
[2026-06-20 01:00:58] live.INFO: Real SMS Balance from Beems API: 7  
[2026-06-20 01:01:01] live.INFO: Dashboard stats request: {"start_date":"2026-06-20","end_date":"2026-06-20","business_id":1} 
[2026-06-20 01:01:01] live.INFO: Checking Order model...  
[2026-06-20 01:01:01] live.INFO: Available order statuses: ["confirmed","cancelled","completed"] 
[2026-06-20 01:01:01] live.INFO: business_id column might not exist: SQLSTATE[42S22]: Column not found: 1054 Unknown column 'business_id' in 'where clause' (SQL: select * from `orders` where `business_id` = 1 limit 1)  
[2026-06-20 01:01:01] live.INFO: Pending orders query: {"business_id":null,"status":"pending","start":"2026-06-20","end":"2026-06-20","count":0,"total":0} 
[2026-06-20 01:01:01] live.INFO: Denied orders query SQL: select * from `orders` where LOWER(status) = ? and date(`created_at`) >= ? and date(`created_at`) <= ?  
[2026-06-20 01:01:01] live.INFO: Denied orders bindings:  ["denied","2026-06-20","2026-06-20"] 
[2026-06-20 01:01:01] live.INFO: Denied orders count: 0  
[2026-06-20 01:01:01] live.INFO: Cancelled orders query SQL: select * from `orders` where LOWER(status) in (?, ?) and date(`created_at`) >= ? and date(`created_at`) <= ?  
[2026-06-20 01:01:01] live.INFO: Cancelled orders bindings:  ["cancelled","canceled","2026-06-20","2026-06-20"] 
[2026-06-20 01:01:01] live.INFO: Cancelled orders count: 0  
[2026-06-20 01:01:01] live.INFO: Confirmed orders query: {"business_id":null,"status":"confirmed","start":"2026-06-20","end":"2026-06-20","count":0} 
[2026-06-20 01:01:01] live.INFO: Pending bookings query SQL: select * from `booking` where date(`created_at`) >= ? and date(`created_at`) <= ? and LOWER(status) = ?  
[2026-06-20 01:01:01] live.INFO: Pending bookings bindings:  ["2026-06-20","2026-06-20","pending"] 
[2026-06-20 01:01:01] live.INFO: Pending bookings count: 0  
[2026-06-20 01:01:01] live.INFO: Accepted bookings query SQL: select * from `booking` where date(`created_at`) >= ? and date(`created_at`) <= ? and LOWER(status) = ?  
[2026-06-20 01:01:01] live.INFO: Accepted bookings bindings:  ["2026-06-20","2026-06-20","accepted"] 
[2026-06-20 01:01:01] live.INFO: Accepted bookings count: 0  
[2026-06-20 01:01:01] live.INFO: Denied bookings query SQL: select * from `booking` where date(`created_at`) >= ? and date(`created_at`) <= ? and LOWER(status) = ?  
[2026-06-20 01:01:01] live.INFO: Denied bookings bindings:  ["2026-06-20","2026-06-20","denied"] 
[2026-06-20 01:01:01] live.INFO: Denied bookings count: 0  
[2026-06-20 01:01:01] live.INFO: Cancelled bookings query SQL: select * from `booking` where date(`created_at`) >= ? and date(`created_at`) <= ? and LOWER(status) in (?, ?)  
[2026-06-20 01:01:01] live.INFO: Cancelled bookings bindings:  ["2026-06-20","2026-06-20","cancelled","canceled"] 
[2026-06-20 01:01:01] live.INFO: Cancelled bookings count: 0  
[2026-06-20 01:01:01] live.INFO: Dashboard stats results: {"pending_orders_count":0,"pending_orders_total":0,"completed_orders_count":0,"denied_orders_count":0,"cancelled_orders_count":0,"pending_bookings_count":0,"accepted_bookings_count":0,"denied_bookings_count":0,"cancelled_bookings_count":0,"start_date":"2026-06-20","end_date":"2026-06-20","business_id":null} 
[2026-06-20 01:01:19] live.INFO: Dashboard stats request: {"start_date":"2026-06-01","end_date":"2026-06-30","business_id":1} 
[2026-06-20 01:01:19] live.INFO: Checking Order model...  
[2026-06-20 01:01:19] live.INFO: Available order statuses: ["confirmed","cancelled","completed"] 
[2026-06-20 01:01:19] live.INFO: business_id column might not exist: SQLSTATE[42S22]: Column not found: 1054 Unknown column 'business_id' in 'where clause' (SQL: select * from `orders` where `business_id` = 1 limit 1)  
[2026-06-20 01:01:19] live.INFO: Pending orders query: {"business_id":null,"status":"pending","start":"2026-06-01","end":"2026-06-30","count":0,"total":0} 
[2026-06-20 01:01:19] live.INFO: Denied orders query SQL: select * from `orders` where LOWER(status) = ? and date(`created_at`) >= ? and date(`created_at`) <= ?  
[2026-06-20 01:01:19] live.INFO: Denied orders bindings:  ["denied","2026-06-01","2026-06-30"] 
[2026-06-20 01:01:19] live.INFO: Denied orders count: 0  
[2026-06-20 01:01:19] live.INFO: Cancelled orders query SQL: select * from `orders` where LOWER(status) in (?, ?) and date(`created_at`) >= ? and date(`created_at`) <= ?  
[2026-06-20 01:01:19] live.INFO: Cancelled orders bindings:  ["cancelled","canceled","2026-06-01","2026-06-30"] 
[2026-06-20 01:01:19] live.INFO: Cancelled orders count: 0  
[2026-06-20 01:01:19] live.INFO: Confirmed orders query: {"business_id":null,"status":"confirmed","start":"2026-06-01","end":"2026-06-30","count":0} 
[2026-06-20 01:01:19] live.INFO: Pending bookings query SQL: select * from `booking` where date(`created_at`) >= ? and date(`created_at`) <= ? and LOWER(status) = ?  
[2026-06-20 01:01:19] live.INFO: Pending bookings bindings:  ["2026-06-01","2026-06-30","pending"] 
[2026-06-20 01:01:19] live.INFO: Pending bookings count: 0  
[2026-06-20 01:01:19] live.INFO: Accepted bookings query SQL: select * from `booking` where date(`created_at`) >= ? and date(`created_at`) <= ? and LOWER(status) = ?  
[2026-06-20 01:01:19] live.INFO: Accepted bookings bindings:  ["2026-06-01","2026-06-30","accepted"] 
[2026-06-20 01:01:19] live.INFO: Accepted bookings count: 0  
[2026-06-20 01:01:19] live.INFO: Denied bookings query SQL: select * from `booking` where date(`created_at`) >= ? and date(`created_at`) <= ? and LOWER(status) = ?  
[2026-06-20 01:01:20] live.INFO: Denied bookings bindings:  ["2026-06-01","2026-06-30","denied"] 
[2026-06-20 01:01:20] live.INFO: Denied bookings count: 0  
[2026-06-20 01:01:20] live.INFO: Cancelled bookings query SQL: select * from `booking` where date(`created_at`) >= ? and date(`created_at`) <= ? and LOWER(status) in (?, ?)  
[2026-06-20 01:01:20] live.INFO: Cancelled bookings bindings:  ["2026-06-01","2026-06-30","cancelled","canceled"] 
[2026-06-20 01:01:20] live.INFO: Cancelled bookings count: 0  
[2026-06-20 01:01:20] live.INFO: Dashboard stats results: {"pending_orders_count":0,"pending_orders_total":0,"completed_orders_count":0,"denied_orders_count":0,"cancelled_orders_count":0,"pending_bookings_count":0,"accepted_bookings_count":0,"denied_bookings_count":0,"cancelled_bookings_count":0,"start_date":"2026-06-01","end_date":"2026-06-30","business_id":null} 
[2026-06-20 01:05:51] live.INFO: Real SMS Balance from Beems API: 7  
[2026-06-20 01:05:51] live.INFO: Real SMS Balance from Beems API: 7  
[2026-06-20 01:10:52] live.INFO: Real SMS Balance from Beems API: 7  
[2026-06-20 01:10:53] live.INFO: Real SMS Balance from Beems API: 7  
[2026-06-20 01:15:53] live.INFO: Real SMS Balance from Beems API: 7  
[2026-06-20 01:15:54] live.INFO: Real SMS Balance from Beems API: 7  
[2026-06-20 01:20:51] live.INFO: Real SMS Balance from Beems API: 6  
[2026-06-20 01:20:52] live.INFO: Real SMS Balance from Beems API: 6  
[2026-06-20 01:28:44] live.ERROR: The resource owner or authorization server denied the request. {"exception":"[object] (League\\OAuth2\\Server\\Exception\\OAuthServerException(code: 9): The resource owner or authorization server denied the request. at B:\\Projects PHP\\Dadis Project\\dasis Eshop\\public_html\\vendor\\league\\oauth2-server\\src\\Exception\\OAuthServerException.php:243)
[stacktrace]
#0 B:\\Projects PHP\\Dadis Project\\dasis Eshop\\public_html\\vendor\\league\\oauth2-server\\src\\AuthorizationValidators\\BearerTokenValidator.php(123): League\\OAuth2\\Server\\Exception\\OAuthServerException::accessDenied('Access token ha...')
#1 B:\\Projects PHP\\Dadis Project\\dasis Eshop\\public_html\\vendor\\league\\oauth2-server\\src\\ResourceServer.php(84): League\\OAuth2\\Server\\AuthorizationValidators\\BearerTokenValidator->validateAuthorization(Object(Nyholm\\Psr7\\ServerRequest))
#2 B:\\Projects PHP\\Dadis Project\\dasis Eshop\\public_html\\vendor\\laravel\\passport\\src\\Guards\\TokenGuard.php(232): League\\OAuth2\\Server\\ResourceServer->validateAuthenticatedRequest(Object(Nyholm\\Psr7\\ServerRequest))
#3 B:\\Projects PHP\\Dadis Project\\dasis Eshop\\public_html\\vendor\\laravel\\passport\\src\\Guards\\TokenGuard.php(178): Laravel\\Passport\\Guards\\TokenGuard->getPsrRequestViaBearerToken(Object(Illuminate\\Http\\Request))
#4 B:\\Projects PHP\\Dadis Project\\dasis Eshop\\public_html\\vendor\\laravel\\passport\\src\\Guards\\TokenGuard.php(120): Laravel\\Passport\\Guards\\TokenGuard->authenticateViaBearerToken(Object(Illuminate\\Http\\Request))
#5 B:\\Projects PHP\\Dadis Project\\dasis Eshop\\public_html\\vendor\\laravel\\framework\\src\\Illuminate\\Auth\\GuardHelpers.php(60): Laravel\\Passport\\Guards\\TokenGuard->user()
#6 B:\\Projects PHP\\Dadis Project\\dasis Eshop\\public_html\\vendor\\laravel\\framework\\src\\Illuminate\\Auth\\Middleware\\Authenticate.php(63): Laravel\\Passport\\Guards\\TokenGuard->check()
#7 B:\\Projects PHP\\Dadis Project\\dasis Eshop\\public_html\\vendor\\laravel\\framework\\src\\Illuminate\\Auth\\Middleware\\Authenticate.php(42): Illuminate\\Auth\\Middleware\\Authenticate->authenticate(Object(Illuminate\\Http\\Request), Array)
#8 B:\\Projects PHP\\Dadis Project\\dasis Eshop\\public_html\\vendor\\laravel\\framework\\src\\Illuminate\\Pipeline\\Pipeline.php(180): Illuminate\\Auth\\Middleware\\Authenticate->handle(Object(Illuminate\\Http\\Request), Object(Closure), 'api')
#9 B:\\Projects PHP\\Dadis Project\\dasis Eshop\\public_html\\vendor\\laravel\\framework\\src\\Illuminate\\Pipeline\\Pipeline.php(116): Illuminate\\Pipeline\\Pipeline->Illuminate\\Pipeline\\{closure}(Object(Illuminate\\Http\\Request))
#10 B:\\Projects PHP\\Dadis Project\\dasis Eshop\\public_html\\vendor\\laravel\\framework\\src\\Illuminate\\Routing\\Router.php(797): Illuminate\\Pipeline\\Pipeline->then(Object(Closure))
#11 B:\\Projects PHP\\Dadis Project\\dasis Eshop\\public_html\\vendor\\laravel\\framework\\src\\Illuminate\\Routing\\Router.php(776): Illuminate\\Routing\\Router->runRouteWithinStack(Object(Illuminate\\Routing\\Route), Object(Illuminate\\Http\\Request))
#12 B:\\Projects PHP\\Dadis Project\\dasis Eshop\\public_html\\vendor\\laravel\\framework\\src\\Illuminate\\Routing\\Router.php(740): Illuminate\\Routing\\Router->runRoute(Object(Illuminate\\Http\\Request), Object(Illuminate\\Routing\\Route))
#13 B:\\Projects PHP\\Dadis Project\\dasis Eshop\\public_html\\vendor\\laravel\\framework\\src\\Illuminate\\Routing\\Router.php(729): Illuminate\\Routing\\Router->dispatchToRoute(Object(Illuminate\\Http\\Request))
#14 B:\\Projects PHP\\Dadis Project\\dasis Eshop\\public_html\\vendor\\laravel\\framework\\src\\Illuminate\\Foundation\\Http\\Kernel.php(190): Illuminate\\Routing\\Router->dispatch(Object(Illuminate\\Http\\Request))
#15 B:\\Projects PHP\\Dadis Project\\dasis Eshop\\public_html\\vendor\\laravel\\framework\\src\\Illuminate\\Pipeline\\Pipeline.php(141): Illuminate\\Foundation\\Http\\Kernel->Illuminate\\Foundation\\Http\\{closure}(Object(Illuminate\\Http\\Request))
#16 B:\\Projects PHP\\Dadis Project\\dasis Eshop\\public_html\\vendor\\barryvdh\\laravel-debugbar\\src\\Middleware\\InjectDebugbar.php(59): Illuminate\\Pipeline\\Pipeline->Illuminate\\Pipeline\\{closure}(Object(Illuminate\\Http\\Request))
#17 B:\\Projects PHP\\Dadis Project\\dasis Eshop\\public_html\\vendor\\laravel\\framework\\src\\Illuminate\\Pipeline\\Pipeline.php(180): Barryvdh\\Debugbar\\Middleware\\InjectDebugbar->handle(Object(Illuminate\\Http\\Request), Object(Closure))
#18 B:\\Projects PHP\\Dadis Project\\dasis Eshop\\public_html\\vendor\\laravel\\framework\\src\\Illuminate\\Foundation\\Http\\Middleware\\TransformsRequest.php(21): Illuminate\\Pipeline\\Pipeline->Illuminate\\Pipeline\\{closure}(Object(Illuminate\\Http\\Request))
#19 B:\\Projects PHP\\Dadis Project\\dasis Eshop\\public_html\\vendor\\laravel\\framework\\src\\Illuminate\\Foundation\\Http\\Middleware\\ConvertEmptyStringsToNull.php(31): Illuminate\\Foundation\\Http\\Middleware\\TransformsRequest->handle(Object(Illuminate\\Http\\Request), Object(Closure))
#20 B:\\Projects PHP\\Dadis Project\\dasis Eshop\\public_html\\vendor\\laravel\\framework\\src\\Illuminate\\Pipeline\\Pipeline.php(180): Illuminate\\Foundation\\Http\\Middleware\\ConvertEmptyStringsToNull->handle(Object(Illuminate\\Http\\Request), Object(Closure))
#21 B:\\Projects PHP\\Dadis Project\\dasis Eshop\\public_html\\vendor\\laravel\\framework\\src\\Illuminate\\Foundation\\Http\\Middleware\\TransformsRequest.php(21): Illuminate\\Pipeline\\Pipeline->Illuminate\\Pipeline\\{closure}(Object(Illuminate\\Http\\Request))
#22 B:\\Projects PHP\\Dadis Project\\dasis Eshop\\public_html\\vendor\\laravel\\framework\\src\\Illuminate\\Foundation\\Http\\Middleware\\TrimStrings.php(40): Illuminate\\Foundation\\Http\\Middleware\\TransformsRequest->handle(Object(Illuminate\\Http\\Request), Object(Closure))
#23 B:\\Projects PHP\\Dadis Project\\dasis Eshop\\public_html\\vendor\\laravel\\framework\\src\\Illuminate\\Pipeline\\Pipeline.php(180): Illuminate\\Foundation\\Http\\Middleware\\TrimStrings->handle(Object(Illuminate\\Http\\Request), Object(Closure))
#24 B:\\Projects PHP\\Dadis Project\\dasis Eshop\\public_html\\vendor\\laravel\\framework\\src\\Illuminate\\Foundation\\Http\\Middleware\\ValidatePostSize.php(27): Illuminate\\Pipeline\\Pipeline->Illuminate\\Pipeline\\{closure}(Object(Illuminate\\Http\\Request))
#25 B:\\Projects PHP\\Dadis Project\\dasis Eshop\\public_html\\vendor\\laravel\\framework\\src\\Illuminate\\Pipeline\\Pipeline.php(180): Illuminate\\Foundation\\Http\\Middleware\\ValidatePostSize->handle(Object(Illuminate\\Http\\Request), Object(Closure))
#26 B:\\Projects PHP\\Dadis Project\\dasis Eshop\\public_html\\vendor\\laravel\\framework\\src\\Illuminate\\Foundation\\Http\\Middleware\\PreventRequestsDuringMaintenance.php(86): Illuminate\\Pipeline\\Pipeline->Illuminate\\Pipeline\\{closure}(Object(Illuminate\\Http\\Request))
#27 B:\\Projects PHP\\Dadis Project\\dasis Eshop\\public_html\\vendor\\laravel\\framework\\src\\Illuminate\\Pipeline\\Pipeline.php(180): Illuminate\\Foundation\\Http\\Middleware\\PreventRequestsDuringMaintenance->handle(Object(Illuminate\\Http\\Request), Object(Closure))
#28 B:\\Projects PHP\\Dadis Project\\dasis Eshop\\public_html\\vendor\\laravel\\framework\\src\\Illuminate\\Http\\Middleware\\HandleCors.php(62): Illuminate\\Pipeline\\Pipeline->Illuminate\\Pipeline\\{closure}(Object(Illuminate\\Http\\Request))
#29 B:\\Projects PHP\\Dadis Project\\dasis Eshop\\public_html\\vendor\\laravel\\framework\\src\\Illuminate\\Pipeline\\Pipeline.php(180): Illuminate\\Http\\Middleware\\HandleCors->handle(Object(Illuminate\\Http\\Request), Object(Closure))
#30 B:\\Projects PHP\\Dadis Project\\dasis Eshop\\public_html\\vendor\\laravel\\framework\\src\\Illuminate\\Http\\Middleware\\TrustProxies.php(39): Illuminate\\Pipeline\\Pipeline->Illuminate\\Pipeline\\{closure}(Object(Illuminate\\Http\\Request))
#31 B:\\Projects PHP\\Dadis Project\\dasis Eshop\\public_html\\vendor\\laravel\\framework\\src\\Illuminate\\Pipeline\\Pipeline.php(180): Illuminate\\Http\\Middleware\\TrustProxies->handle(Object(Illuminate\\Http\\Request), Object(Closure))
#32 B:\\Projects PHP\\Dadis Project\\dasis Eshop\\public_html\\vendor\\laravel\\framework\\src\\Illuminate\\Pipeline\\Pipeline.php(116): Illuminate\\Pipeline\\Pipeline->Illuminate\\Pipeline\\{closure}(Object(Illuminate\\Http\\Request))
#33 B:\\Projects PHP\\Dadis Project\\dasis Eshop\\public_html\\vendor\\laravel\\framework\\src\\Illuminate\\Foundation\\Http\\Kernel.php(165): Illuminate\\Pipeline\\Pipeline->then(Object(Closure))
#34 B:\\Projects PHP\\Dadis Project\\dasis Eshop\\public_html\\vendor\\laravel\\framework\\src\\Illuminate\\Foundation\\Http\\Kernel.php(134): Illuminate\\Foundation\\Http\\Kernel->sendRequestThroughRouter(Object(Illuminate\\Http\\Request))
#35 B:\\Projects PHP\\Dadis Project\\dasis Eshop\\public_html\\public\\index.php(51): Illuminate\\Foundation\\Http\\Kernel->handle(Object(Illuminate\\Http\\Request))
#36 B:\\Projects PHP\\Dadis Project\\dasis Eshop\\public_html\\vendor\\laravel\\framework\\src\\Illuminate\\Foundation\\resources\\server.php(16): require_once('B:\\\\Projects PHP...')
#37 {main}
"} 
[2026-06-20 01:57:29] live.ERROR: The resource owner or authorization server denied the request. {"exception":"[object] (League\\OAuth2\\Server\\Exception\\OAuthServerException(code: 9): The resource owner or authorization server denied the request. at B:\\Projects PHP\\Dadis Project\\dasis Eshop\\public_html\\vendor\\league\\oauth2-server\\src\\Exception\\OAuthServerException.php:243)
[stacktrace]
#0 B:\\Projects PHP\\Dadis Project\\dasis Eshop\\public_html\\vendor\\league\\oauth2-server\\src\\AuthorizationValidators\\BearerTokenValidator.php(123): League\\OAuth2\\Server\\Exception\\OAuthServerException::accessDenied('Access token ha...')
#1 B:\\Projects PHP\\Dadis Project\\dasis Eshop\\public_html\\vendor\\league\\oauth2-server\\src\\ResourceServer.php(84): League\\OAuth2\\Server\\AuthorizationValidators\\BearerTokenValidator->validateAuthorization(Object(Nyholm\\Psr7\\ServerRequest))
#2 B:\\Projects PHP\\Dadis Project\\dasis Eshop\\public_html\\vendor\\laravel\\passport\\src\\Guards\\TokenGuard.php(232): League\\OAuth2\\Server\\ResourceServer->validateAuthenticatedRequest(Object(Nyholm\\Psr7\\ServerRequest))
#3 B:\\Projects PHP\\Dadis Project\\dasis Eshop\\public_html\\vendor\\laravel\\passport\\src\\Guards\\TokenGuard.php(178): Laravel\\Passport\\Guards\\TokenGuard->getPsrRequestViaBearerToken(Object(Illuminate\\Http\\Request))
#4 B:\\Projects PHP\\Dadis Project\\dasis Eshop\\public_html\\vendor\\laravel\\passport\\src\\Guards\\TokenGuard.php(120): Laravel\\Passport\\Guards\\TokenGuard->authenticateViaBearerToken(Object(Illuminate\\Http\\Request))
#5 B:\\Projects PHP\\Dadis Project\\dasis Eshop\\public_html\\vendor\\laravel\\framework\\src\\Illuminate\\Auth\\GuardHelpers.php(60): Laravel\\Passport\\Guards\\TokenGuard->user()
#6 B:\\Projects PHP\\Dadis Project\\dasis Eshop\\public_html\\vendor\\laravel\\framework\\src\\Illuminate\\Auth\\Middleware\\Authenticate.php(63): Laravel\\Passport\\Guards\\TokenGuard->check()
#7 B:\\Projects PHP\\Dadis Project\\dasis Eshop\\public_html\\vendor\\laravel\\framework\\src\\Illuminate\\Auth\\Middleware\\Authenticate.php(42): Illuminate\\Auth\\Middleware\\Authenticate->authenticate(Object(Illuminate\\Http\\Request), Array)
#8 B:\\Projects PHP\\Dadis Project\\dasis Eshop\\public_html\\vendor\\laravel\\framework\\src\\Illuminate\\Pipeline\\Pipeline.php(180): Illuminate\\Auth\\Middleware\\Authenticate->handle(Object(Illuminate\\Http\\Request), Object(Closure), 'api')
#9 B:\\Projects PHP\\Dadis Project\\dasis Eshop\\public_html\\vendor\\laravel\\framework\\src\\Illuminate\\Pipeline\\Pipeline.php(116): Illuminate\\Pipeline\\Pipeline->Illuminate\\Pipeline\\{closure}(Object(Illuminate\\Http\\Request))
#10 B:\\Projects PHP\\Dadis Project\\dasis Eshop\\public_html\\vendor\\laravel\\framework\\src\\Illuminate\\Routing\\Router.php(797): Illuminate\\Pipeline\\Pipeline->then(Object(Closure))
#11 B:\\Projects PHP\\Dadis Project\\dasis Eshop\\public_html\\vendor\\laravel\\framework\\src\\Illuminate\\Routing\\Router.php(776): Illuminate\\Routing\\Router->runRouteWithinStack(Object(Illuminate\\Routing\\Route), Object(Illuminate\\Http\\Request))
#12 B:\\Projects PHP\\Dadis Project\\dasis Eshop\\public_html\\vendor\\laravel\\framework\\src\\Illuminate\\Routing\\Router.php(740): Illuminate\\Routing\\Router->runRoute(Object(Illuminate\\Http\\Request), Object(Illuminate\\Routing\\Route))
#13 B:\\Projects PHP\\Dadis Project\\dasis Eshop\\public_html\\vendor\\laravel\\framework\\src\\Illuminate\\Routing\\Router.php(729): Illuminate\\Routing\\Router->dispatchToRoute(Object(Illuminate\\Http\\Request))
#14 B:\\Projects PHP\\Dadis Project\\dasis Eshop\\public_html\\vendor\\laravel\\framework\\src\\Illuminate\\Foundation\\Http\\Kernel.php(190): Illuminate\\Routing\\Router->dispatch(Object(Illuminate\\Http\\Request))
#15 B:\\Projects PHP\\Dadis Project\\dasis Eshop\\public_html\\vendor\\laravel\\framework\\src\\Illuminate\\Pipeline\\Pipeline.php(141): Illuminate\\Foundation\\Http\\Kernel->Illuminate\\Foundation\\Http\\{closure}(Object(Illuminate\\Http\\Request))
#16 B:\\Projects PHP\\Dadis Project\\dasis Eshop\\public_html\\vendor\\barryvdh\\laravel-debugbar\\src\\Middleware\\InjectDebugbar.php(59): Illuminate\\Pipeline\\Pipeline->Illuminate\\Pipeline\\{closure}(Object(Illuminate\\Http\\Request))
#17 B:\\Projects PHP\\Dadis Project\\dasis Eshop\\public_html\\vendor\\laravel\\framework\\src\\Illuminate\\Pipeline\\Pipeline.php(180): Barryvdh\\Debugbar\\Middleware\\InjectDebugbar->handle(Object(Illuminate\\Http\\Request), Object(Closure))
#18 B:\\Projects PHP\\Dadis Project\\dasis Eshop\\public_html\\vendor\\laravel\\framework\\src\\Illuminate\\Foundation\\Http\\Middleware\\TransformsRequest.php(21): Illuminate\\Pipeline\\Pipeline->Illuminate\\Pipeline\\{closure}(Object(Illuminate\\Http\\Request))
#19 B:\\Projects PHP\\Dadis Project\\dasis Eshop\\public_html\\vendor\\laravel\\framework\\src\\Illuminate\\Foundation\\Http\\Middleware\\ConvertEmptyStringsToNull.php(31): Illuminate\\Foundation\\Http\\Middleware\\TransformsRequest->handle(Object(Illuminate\\Http\\Request), Object(Closure))
#20 B:\\Projects PHP\\Dadis Project\\dasis Eshop\\public_html\\vendor\\laravel\\framework\\src\\Illuminate\\Pipeline\\Pipeline.php(180): Illuminate\\Foundation\\Http\\Middleware\\ConvertEmptyStringsToNull->handle(Object(Illuminate\\Http\\Request), Object(Closure))
#21 B:\\Projects PHP\\Dadis Project\\dasis Eshop\\public_html\\vendor\\laravel\\framework\\src\\Illuminate\\Foundation\\Http\\Middleware\\TransformsRequest.php(21): Illuminate\\Pipeline\\Pipeline->Illuminate\\Pipeline\\{closure}(Object(Illuminate\\Http\\Request))
#22 B:\\Projects PHP\\Dadis Project\\dasis Eshop\\public_html\\vendor\\laravel\\framework\\src\\Illuminate\\Foundation\\Http\\Middleware\\TrimStrings.php(40): Illuminate\\Foundation\\Http\\Middleware\\TransformsRequest->handle(Object(Illuminate\\Http\\Request), Object(Closure))
#23 B:\\Projects PHP\\Dadis Project\\dasis Eshop\\public_html\\vendor\\laravel\\framework\\src\\Illuminate\\Pipeline\\Pipeline.php(180): Illuminate\\Foundation\\Http\\Middleware\\TrimStrings->handle(Object(Illuminate\\Http\\Request), Object(Closure))
#24 B:\\Projects PHP\\Dadis Project\\dasis Eshop\\public_html\\vendor\\laravel\\framework\\src\\Illuminate\\Foundation\\Http\\Middleware\\ValidatePostSize.php(27): Illuminate\\Pipeline\\Pipeline->Illuminate\\Pipeline\\{closure}(Object(Illuminate\\Http\\Request))
#25 B:\\Projects PHP\\Dadis Project\\dasis Eshop\\public_html\\vendor\\laravel\\framework\\src\\Illuminate\\Pipeline\\Pipeline.php(180): Illuminate\\Foundation\\Http\\Middleware\\ValidatePostSize->handle(Object(Illuminate\\Http\\Request), Object(Closure))
#26 B:\\Projects PHP\\Dadis Project\\dasis Eshop\\public_html\\vendor\\laravel\\framework\\src\\Illuminate\\Foundation\\Http\\Middleware\\PreventRequestsDuringMaintenance.php(86): Illuminate\\Pipeline\\Pipeline->Illuminate\\Pipeline\\{closure}(Object(Illuminate\\Http\\Request))
#27 B:\\Projects PHP\\Dadis Project\\dasis Eshop\\public_html\\vendor\\laravel\\framework\\src\\Illuminate\\Pipeline\\Pipeline.php(180): Illuminate\\Foundation\\Http\\Middleware\\PreventRequestsDuringMaintenance->handle(Object(Illuminate\\Http\\Request), Object(Closure))
#28 B:\\Projects PHP\\Dadis Project\\dasis Eshop\\public_html\\vendor\\laravel\\framework\\src\\Illuminate\\Http\\Middleware\\HandleCors.php(62): Illuminate\\Pipeline\\Pipeline->Illuminate\\Pipeline\\{closure}(Object(Illuminate\\Http\\Request))
#29 B:\\Projects PHP\\Dadis Project\\dasis Eshop\\public_html\\vendor\\laravel\\framework\\src\\Illuminate\\Pipeline\\Pipeline.php(180): Illuminate\\Http\\Middleware\\HandleCors->handle(Object(Illuminate\\Http\\Request), Object(Closure))
#30 B:\\Projects PHP\\Dadis Project\\dasis Eshop\\public_html\\vendor\\laravel\\framework\\src\\Illuminate\\Http\\Middleware\\TrustProxies.php(39): Illuminate\\Pipeline\\Pipeline->Illuminate\\Pipeline\\{closure}(Object(Illuminate\\Http\\Request))
#31 B:\\Projects PHP\\Dadis Project\\dasis Eshop\\public_html\\vendor\\laravel\\framework\\src\\Illuminate\\Pipeline\\Pipeline.php(180): Illuminate\\Http\\Middleware\\TrustProxies->handle(Object(Illuminate\\Http\\Request), Object(Closure))
#32 B:\\Projects PHP\\Dadis Project\\dasis Eshop\\public_html\\vendor\\laravel\\framework\\src\\Illuminate\\Pipeline\\Pipeline.php(116): Illuminate\\Pipeline\\Pipeline->Illuminate\\Pipeline\\{closure}(Object(Illuminate\\Http\\Request))
#33 B:\\Projects PHP\\Dadis Project\\dasis Eshop\\public_html\\vendor\\laravel\\framework\\src\\Illuminate\\Foundation\\Http\\Kernel.php(165): Illuminate\\Pipeline\\Pipeline->then(Object(Closure))
#34 B:\\Projects PHP\\Dadis Project\\dasis Eshop\\public_html\\vendor\\laravel\\framework\\src\\Illuminate\\Foundation\\Http\\Kernel.php(134): Illuminate\\Foundation\\Http\\Kernel->sendRequestThroughRouter(Object(Illuminate\\Http\\Request))
#35 B:\\Projects PHP\\Dadis Project\\dasis Eshop\\public_html\\public\\index.php(51): Illuminate\\Foundation\\Http\\Kernel->handle(Object(Illuminate\\Http\\Request))
#36 B:\\Projects PHP\\Dadis Project\\dasis Eshop\\public_html\\vendor\\laravel\\framework\\src\\Illuminate\\Foundation\\resources\\server.php(16): require_once('B:\\\\Projects PHP...')
#37 {main}
"} 
[2026-06-20 02:45:50] live.INFO: Real SMS Balance from Beems API: 4  
[2026-06-20 02:45:51] live.INFO: Real SMS Balance from Beems API: 4  
[2026-06-20 02:50:50] live.INFO: Real SMS Balance from Beems API: 4  
[2026-06-20 02:50:51] live.INFO: Real SMS Balance from Beems API: 4  
